id,text,label,dataset_name,split_source,prediction,proba_negative,proba_neutral,proba_positive
phrasebank_sentences_75agree_751,"Nonwovens and specialty papers , made by Ahlstrom , are used in a large variety of everyday products , e.g. in filters , wipes , flooring , labels , and tapes .",neutral,phrasebank,controlled_gold_split,neutral,0.006823696,0.98637253,0.0068037338
phrasebank_sentences_allagree_117,Finnish department store chain Stockmann Oyj Abp net profit rose to 39.8 mln euro ( $ 56.8 mln ) for the first nine months of 2007 from 37.4 mln euro ( $ 53.4 mln ) for the same period of 2006 .,positive,phrasebank,controlled_gold_split,positive,0.010956405,0.010454674,0.97858894
phrasebank_sentences_75agree_1310,"The Board of Directors proposes to the Shareholders ' Meeting on 18 March 2010 that the company would pay dividend for the financial year January 1 - December 31 , 2009 , EUR 0.02 per share .",neutral,phrasebank,controlled_gold_split,neutral,0.0036332482,0.98022616,0.016140603
phrasebank_sentences_allagree_945,"Consisting of seven interconnected units , Mega Image 's logistics center will be 347 metres in length and 12 metres in height .",neutral,phrasebank,controlled_gold_split,neutral,0.0028898218,0.97981787,0.017292231
phrasebank_sentences_allagree_406,Performance in the second half of 2009 exceeded expectations .,positive,phrasebank,controlled_gold_split,positive,0.012756626,0.013632505,0.9736109
phrasebank_sentences_66agree_2316,"19 May 2010 - Finnish company Lemminkainen Oyj ( HEL : LEM1S ) said today that it will construct an office building at Toolonlahti in downtown Helsinki , without disclosing financial details .",neutral,phrasebank,controlled_gold_split,neutral,0.0044769906,0.9867916,0.008731348
phrasebank_sentences_50agree_3969,"UPM is the biggest producer of magazine paper in Europe , with a market share of over 30 pct , and it is likely to say that prices in the segment were at best flat during the quarter , analysts said .",neutral,phrasebank,controlled_gold_split,neutral,0.01018355,0.72304326,0.26677316
phrasebank_sentences_allagree_373,Salonen added that data shows producers ' pulp inventories in North America are declining . ',negative,phrasebank,controlled_gold_split,negative,0.9241335,0.03664648,0.03922007
phrasebank_sentences_allagree_126,"For the first nine months of 2010 , the company 's net profit rose to EUR41m from EUR30m for the corresponding period of 2009 .",positive,phrasebank,controlled_gold_split,positive,0.011606507,0.013595909,0.9747976
phrasebank_sentences_allagree_1157,"After the restructuring , UPM 's average paper machine capacity in Europe will be 320,000 tons ( 350,000 short tons ) in coated magazine paper and 420,000 tons ( 460,000 short tons ) in coated fine paper .",neutral,phrasebank,controlled_gold_split,neutral,0.0025508618,0.95734674,0.040102396
phrasebank_sentences_allagree_638,"Utah 's capital wanted to be the next U.S. headquarters of Amer Sports Corp. , a ski-equipment company .",neutral,phrasebank,controlled_gold_split,neutral,0.003577581,0.9614445,0.034977887
phrasebank_sentences_66agree_3055,"ASPO Plc STOCK EXCHANGE ANNOUNCEMENT May 4 , 2006 at 10:00 a.m. An increase in the share capital of Aspo Plc totaling EUR 1,125.60 was registered today .",positive,phrasebank,controlled_gold_split,positive,0.0042073666,0.15880807,0.83698463
phrasebank_sentences_allagree_255,The economic occupancy rate of Sponda 's property portfolio rose to 91.2 % from 88.8 % in 2006 .,positive,phrasebank,controlled_gold_split,positive,0.009308461,0.012974099,0.9777174
phrasebank_sentences_50agree_1230,"GeoSentric 's flagship product is the GyPSii platform , which uses pioneering geo-location software technology to connect people to people , and people to places with new and exciting social community and location-specific services .",neutral,phrasebank,controlled_gold_split,neutral,0.0025220749,0.9120611,0.08541681
phrasebank_sentences_75agree_851,"In addition to the presentations held by President & CEO Kai Telanne and CFO Tuomas Itkonen , participants will have an opportunity to discuss with other members of the company 's management .",neutral,phrasebank,controlled_gold_split,neutral,0.0031544024,0.977626,0.01921955
phrasebank_sentences_66agree_3652,"In Sweden , there is an oversupply of pharmacies .",negative,phrasebank,controlled_gold_split,negative,0.63301194,0.34365883,0.023329252
phrasebank_sentences_66agree_2113,"M-real Corporation Press release on 3 November at 10:35 am M-real Corporation was the second best company in the materials sector including e.g. forest industry companies in the Carbon Disclosure Leadership Index CDLI , Nordic Report 2009 .",positive,phrasebank,controlled_gold_split,positive,0.0050377757,0.10186184,0.8931004
phrasebank_sentences_75agree_3085,Yakima created the position for him after emerging from economic downturns of its own .,neutral,phrasebank,controlled_gold_split,neutral,0.003282838,0.9318257,0.064891525
phrasebank_sentences_50agree_1867,"The iTunes-based material will be accessible on Windows-based or Macintosh computers and transferable to portable devices , including Apple 's iPods .",positive,phrasebank,controlled_gold_split,neutral,0.0028161274,0.9793854,0.017798474
phrasebank_sentences_50agree_636,We look forward to helping the company develop its operational services and further digitalize its services for its customers . '',positive,phrasebank,controlled_gold_split,positive,0.0043713422,0.068129346,0.9274993
phrasebank_sentences_allagree_1274,It will report full-year results on August 22 .,neutral,phrasebank,controlled_gold_split,neutral,0.0041747997,0.9862503,0.009574895
phrasebank_sentences_allagree_990,KONE is listed on the Nordic Exchange in Helsinki .,neutral,phrasebank,controlled_gold_split,neutral,0.005299101,0.98740107,0.0072998204
phrasebank_sentences_allagree_107,Diluted earnings per share ( EPS ) rose to EUR 0.52 versus EUR 0.09 .,positive,phrasebank,controlled_gold_split,positive,0.011080867,0.009788386,0.9791308
phrasebank_sentences_66agree_788,"The company has established a 3G base station at about 17,000 feet at the foot of Mount Everest that will enable mountain climbers at the 29,035-foot summit to surf the Internet and even send videos of their exploits .",positive,phrasebank,controlled_gold_split,neutral,0.00293105,0.91374195,0.08332701
phrasebank_sentences_75agree_1347,Diluted loss per share stood at EUR 0.15 versus EUR 0.26 .,positive,phrasebank,controlled_gold_split,positive,0.059861604,0.009216004,0.9309224
phrasebank_sentences_allagree_561,"Honkarakenne mainly exports large luxury log houses to Russia to be used as one-family houses or holiday homes ; 70 % of sales go to the Moscow region , about 20 % to the St Petersburg region , and the remainder to other locations .",neutral,phrasebank,controlled_gold_split,neutral,0.003369921,0.98498225,0.011647874
phrasebank_sentences_66agree_1119,"Russia 's top container shipping group , Fesco , and Finnish logistics company Nurminen Logistics have started a pilot project offering clients direct intermodal transportation service from Finland to Asia Pacific countries , Fesco said in a statement .",positive,phrasebank,controlled_gold_split,positive,0.0037326354,0.18312718,0.8131402
phrasebank_sentences_allagree_1323,"Operators only need to learn how to use one device for multiple levels of applications , including voice-directed operations .",neutral,phrasebank,controlled_gold_split,neutral,0.006011214,0.98462373,0.009365064
phrasebank_sentences_75agree_1185,"Kesko Agro Lietuva , the agricultural machinery and grain trader and another member of the Kesko Group , boosted its sales by 42.9 percent to 13.4 million euros , VAT inclusive .",positive,phrasebank,controlled_gold_split,positive,0.008458955,0.01572643,0.9758145
phrasebank_sentences_75agree_3247,"At 1.33 pm , the OMX Helsinki 25 was 0.30 pct lower at 2,463.67 and the OMX Helsinki was down 0.37 pct at 8,537.42 on volume of 256 mln eur .",negative,phrasebank,controlled_gold_split,negative,0.9426487,0.0493223,0.00802907
phrasebank_sentences_allagree_1307,No changes in media activity were seen in October compared with September .,neutral,phrasebank,controlled_gold_split,neutral,0.01860926,0.97045094,0.01093982
phrasebank_sentences_50agree_1509,"Cathay Forest 's strategy is to develop sustainable , regenerative forest assets .",neutral,phrasebank,controlled_gold_split,positive,0.0039907615,0.3461502,0.6498591
phrasebank_sentences_allagree_1947,Bertrand Sciard has been the vice chairman of the board of directors of Aldata Solution since April 2007 .,neutral,phrasebank,controlled_gold_split,neutral,0.0051911566,0.9873291,0.0074796868
phrasebank_sentences_allagree_1059,"The company will publish its financial statement for 2008 on February 25 , 2009 .",neutral,phrasebank,controlled_gold_split,neutral,0.005212142,0.9884205,0.006367369
phrasebank_sentences_allagree_1293,"Marathon now has a 4.6 percent stake in PLX , it said , according to Bloomberg .",neutral,phrasebank,controlled_gold_split,neutral,0.0028076326,0.97833997,0.018852366
phrasebank_sentences_allagree_564,Insurance policies should be simple .,neutral,phrasebank,controlled_gold_split,neutral,0.0038152738,0.98411894,0.012065855
phrasebank_sentences_allagree_585,"Prothious Engineering ( www.prothious.com ) employs more than 1,000 and has a large portfolio of projects and an annual detailing capacity of more than 100,000 tonnes .",neutral,phrasebank,controlled_gold_split,neutral,0.003048787,0.9825335,0.014417673
phrasebank_sentences_allagree_2121,"Finnish Scanfil , a contract manufacturer and systems supplier for communication and industrial electronics reports net sales of EUR 108.7 mn in the first half of 2008 , down from EUR 111.1 mn a year earlier .",negative,phrasebank,controlled_gold_split,negative,0.9795632,0.014479752,0.005957004
phrasebank_sentences_50agree_335,"GeoSentric Oyj s GeoSolutions Business Unit GyPSii , the mobile digital lifestyle application and geo-mobility social networking platform , has signed an agreement with Nanjing MyNet to make the GyPSii mobile social networking platform available to customers of China Mobile .",positive,phrasebank,controlled_gold_split,positive,0.0075231893,0.029958889,0.96251786
phrasebank_sentences_allagree_1924,"Thus the method will cut working costs , and will fasten the planning and building processes .",positive,phrasebank,controlled_gold_split,positive,0.00402435,0.11842993,0.8775457
phrasebank_sentences_allagree_868,"In the second quarter of 2010 , the company 's net profit was EUR1 .7 m compared to a net loss of EUR1 .3 m in April-June 2009 .",positive,phrasebank,controlled_gold_split,positive,0.010939045,0.01106799,0.977993
phrasebank_sentences_allagree_1213,"Elcoteq SE Stock Exchange Announcement February 4 , 2009 at 10.00 am ( EET ) Elcoteq will publish its financial statements bulletin 2008 on Wednesday , February 11 , at 9.00 am ( EET ) .",neutral,phrasebank,controlled_gold_split,neutral,0.0060209255,0.98910797,0.0048711346
phrasebank_sentences_75agree_3250,"The OMX Helsinki 25 ended 0.47 pct lower at 3,150.55 and the OMX Helsinki was down 0.21 pct at 10,736.42 on 1.523 bln eur turnover .",negative,phrasebank,controlled_gold_split,negative,0.9610014,0.032771457,0.006227116
phrasebank_sentences_allagree_1224,"Finland 's Technopolis is planning to bring the first section of a technopark on stream in St. Petersburg at the end of 2008 , Kari Mikkonen , vice president of Technopolis , told reporters in Helsinki .",neutral,phrasebank,controlled_gold_split,neutral,0.0027976597,0.9672784,0.029923866
phrasebank_sentences_allagree_1691,N-Viro operates processing facilities independently as well as in partnership with municipalities .,neutral,phrasebank,controlled_gold_split,neutral,0.0024336926,0.97418106,0.023385238
phrasebank_sentences_allagree_454,"Finnish airline Finnair has won a deal with the UK public sector to be the official airline for flights from London Heathrow to Osaka in Japan , as well as flights between Manchester in the UK and Helsinki in Finland .",positive,phrasebank,controlled_gold_split,positive,0.0065039494,0.028224295,0.9652717
phrasebank_sentences_allagree_957,Elcoteq SE is listed on the Nasdaq OMX Helsinki Ltd. .,neutral,phrasebank,controlled_gold_split,neutral,0.004109763,0.984251,0.011639226
phrasebank_sentences_allagree_1935,"The purchase price will be paid in cash upon the closure of the transaction , scheduled for April 1 , 2009 .",neutral,phrasebank,controlled_gold_split,neutral,0.0039431835,0.985819,0.010237833
phrasebank_sentences_allagree_1500,The sale price was not disclosed .,neutral,phrasebank,controlled_gold_split,neutral,0.004672071,0.9874423,0.007885613
phrasebank_sentences_allagree_2001,"The company operates a U.S. division in Lisle , Ill. .",neutral,phrasebank,controlled_gold_split,neutral,0.0056712287,0.98402935,0.010299398
phrasebank_sentences_allagree_1883,Operating loss totaled EUR 0.3 mn compared to a profit of EUR 2.2 mn in the corresponding period in 2007 .,negative,phrasebank,controlled_gold_split,negative,0.96083647,0.017090237,0.022073256
phrasebank_sentences_allagree_2150,"( ADPnews ) - May 4 , 2010 - Finnish cutlery and hand tools maker Fiskars Oyj Abp ( HEL : FISAS ) said today its net profit declined to EUR 12.9 million ( USD 17m ) in the first quarter of 2010 from EUR 17 million in the correspond",negative,phrasebank,controlled_gold_split,negative,0.97061,0.025033373,0.004356525
phrasebank_sentences_50agree_2480,"In addition , nine fixed-term employment contracts will not be extended and two people will leave the company under pension arrangements .",neutral,phrasebank,controlled_gold_split,neutral,0.030815057,0.96167564,0.0075092693
phrasebank_sentences_75agree_367,Estonia 's beer market overall grew three percent last year to 130 million liters .,positive,phrasebank,controlled_gold_split,positive,0.004824064,0.029870126,0.9653057
phrasebank_sentences_75agree_260,"Via the Satlan acquisition , Teleste plans to further expand its market presence as a video services partner for cable operators , broadcasters and IPTV service providers .",positive,phrasebank,controlled_gold_split,positive,0.0052942922,0.030111602,0.9645941
phrasebank_sentences_66agree_2731,"The company intends to launch housing development at the acquired land plots and to construct 50,000-60 ,000 square metres of housing per annum by 2011 .",neutral,phrasebank,controlled_gold_split,neutral,0.0028616353,0.8817089,0.11542937
phrasebank_sentences_50agree_4485,"wins 98 % acceptance 23 December 2009 - Finnish industrial machinery company Metso Oyj ( HEL : MEO1V ) said today it will complete its takeover offer for textile company Tamfelt Oyj Abp ( HEL : TAFKS ) , after acquiring 98 % of its shares and votes .",neutral,phrasebank,controlled_gold_split,positive,0.0046462025,0.115117125,0.8802367
phrasebank_sentences_allagree_51,"Both operating profit and turnover for the three-month period increased , respectively from EUR0 .9 m and EUR8 .3 m , as compared to the corresponding period in 2005 .",positive,phrasebank,controlled_gold_split,positive,0.009742051,0.011947873,0.9783101
phrasebank_sentences_75agree_1390,Net profit in the period in 2009 was ( EURO ) 29 million .,neutral,phrasebank,controlled_gold_split,neutral,0.0064980485,0.98630226,0.0071997116
phrasebank_sentences_allagree_15,Nordea Group 's operating profit increased in 2010 by 18 percent year-on-year to 3.64 billion euros and total revenue by 3 percent to 9.33 billion euros .,positive,phrasebank,controlled_gold_split,positive,0.00789747,0.014696894,0.9774057
phrasebank_sentences_allagree_2070,"Tallink Silja attributes the significant drop to problems with the booking system that was taken into operation in October , the sale of trailer ferry ` Sky Wind ' and the route between Stockholm and Riga , which has won passengers from the Helsinki-Stockholm route .",negative,phrasebank,controlled_gold_split,negative,0.9616288,0.017373683,0.020997634
phrasebank_sentences_allagree_807,Return on investment was 16.6 % compared to 15.8 % in 2004 .,positive,phrasebank,controlled_gold_split,positive,0.31609595,0.1294092,0.55449486
phrasebank_sentences_allagree_1099,The output of the contracts totals 72 MWe .,neutral,phrasebank,controlled_gold_split,neutral,0.0041509066,0.98733205,0.008517107
phrasebank_sentences_75agree_677,"Estonian telecoms company Elisa 's customer numbers cross 400,000 TALLINN , Oct 22 , BNS - The Estonian telecommunications company Elisa won approximately 50,000 new clients in the nine months of this year , bringing the number to 401,800 by the end of September , the company said .",positive,phrasebank,controlled_gold_split,positive,0.004975388,0.046883572,0.9481411
phrasebank_sentences_66agree_2795,The full MidnightTrader extended-hours trading analysis and news service is available in real-time through COMTEX .,neutral,phrasebank,controlled_gold_split,neutral,0.004800943,0.9882748,0.0069242055
phrasebank_sentences_allagree_5,"Finnish Talentum reports its operating profit increased to EUR 20.5 mn in 2005 from EUR 9.3 mn in 2004 , and net sales totaled EUR 103.3 mn , up from EUR 96.4 mn .",positive,phrasebank,controlled_gold_split,positive,0.010804392,0.011854721,0.97734094
phrasebank_sentences_allagree_2032,Okmetic expects its net sales for the first half of 2009 to be less than in 2008 .,negative,phrasebank,controlled_gold_split,negative,0.8249229,0.16702141,0.008055731
phrasebank_sentences_50agree_2339,"According to the Act , universities can now acquire private funding .",neutral,phrasebank,controlled_gold_split,neutral,0.0029990051,0.9079336,0.089067444
phrasebank_sentences_50agree_1925,The smaller molecules improve the grip of the tyre at top-speed driving .,neutral,phrasebank,controlled_gold_split,neutral,0.004679932,0.6798004,0.3155197
phrasebank_sentences_allagree_1195,com and possibly also through photo-msn .,neutral,phrasebank,controlled_gold_split,neutral,0.0035776964,0.9862006,0.010221812
phrasebank_sentences_allagree_441,"Savon koulutuskuntayhtyma , Finland based company has awarded contract for specialist agricultural or forestry machinery .",positive,phrasebank,controlled_gold_split,positive,0.006716045,0.019624231,0.9736598
phrasebank_sentences_66agree_1158,"The dividend will be paid on April 15 , 2008 to each of the shareholders who on the record date of April 8 , 2008 have been entered in the list of shareholders kept by the Finnish Central Securities Depository Ltd. .",neutral,phrasebank,controlled_gold_split,neutral,0.004246881,0.98868936,0.007063735
phrasebank_sentences_allagree_1125,"When dialing in , the participants should quote 877417 as conference ID .",neutral,phrasebank,controlled_gold_split,neutral,0.0049921693,0.9873059,0.0077018784
phrasebank_sentences_allagree_1774,The estimated annual value of the frame agreement is about EUR 50mn .,neutral,phrasebank,controlled_gold_split,neutral,0.0038551579,0.9866682,0.009476605
phrasebank_sentences_66agree_2093,"Ixonos estimates that it will hire 20 specialists in mechanical engineering , electronics design , and R&D for its new unit in Jyvaeskylae by the end of 2009 .",positive,phrasebank,controlled_gold_split,neutral,0.00977506,0.5458233,0.44440168
phrasebank_sentences_allagree_605,The commission said the hydrogen peroxide and PBS market was worth about 470 million euros in 2000 .,neutral,phrasebank,controlled_gold_split,neutral,0.0032315913,0.98026055,0.016507817
phrasebank_sentences_50agree_1960,"In complying with the European Water Framework Directive requirements , the pre-treatment unit will be fully renovated , including hydraulics of waste water inception , degridding , sand and grease removal and treatment and deodorization of the unit .",positive,phrasebank,controlled_gold_split,positive,0.0041296594,0.29249537,0.70337504
phrasebank_sentences_allagree_1870,"In Finland , the city of Forssa has said it will not pay compensation to food industry companies HK Ruokatalo and Atria for the lye leak into tap water that occurred in March 2008 .",negative,phrasebank,controlled_gold_split,neutral,0.43765014,0.4988369,0.063512966
phrasebank_sentences_allagree_2186,Export declined by 6 percent to 16.4 million liters .,negative,phrasebank,controlled_gold_split,negative,0.9686169,0.019070351,0.012312744
phrasebank_sentences_allagree_424,Cision says the sale will return its U.K. operation to profitability .,positive,phrasebank,controlled_gold_split,positive,0.004369472,0.046542455,0.9490881
phrasebank_sentences_66agree_1296,"In the next few years , the ICT sector 's share of electricity consumption will be raised by the increase in the popularity of smartphones .",neutral,phrasebank,controlled_gold_split,positive,0.003399911,0.09178224,0.9048179
phrasebank_sentences_66agree_261,Sales of clothing developed best .,positive,phrasebank,controlled_gold_split,positive,0.0061441865,0.026951041,0.9669048
phrasebank_sentences_allagree_355,"In Q2 of 2009 , profit before taxes amounted to EUR 13.6 mn , down from EUR 26.8 mn in Q2 of 2008 .",negative,phrasebank,controlled_gold_split,negative,0.97838587,0.014812545,0.0068015745
phrasebank_sentences_66agree_3619,Finnish M-real 's Kyro mill is starting negotiations to cut staff .,negative,phrasebank,controlled_gold_split,negative,0.9647315,0.029815942,0.0054524695
phrasebank_sentences_75agree_738,"He does not believe , however , that HKScan or Atria will start to use imported meat as Finnish consumers prefer domestic products .",neutral,phrasebank,controlled_gold_split,neutral,0.0033021837,0.9614207,0.03527718
phrasebank_sentences_75agree_2026,Joint procurement will be later extended to the factories in the Baltic countries .,neutral,phrasebank,controlled_gold_split,neutral,0.0035018912,0.845249,0.15124911
phrasebank_sentences_75agree_1428,"The company 's profit totaled Ls 134,700 .",neutral,phrasebank,controlled_gold_split,neutral,0.0046556387,0.9868563,0.008488098
phrasebank_sentences_50agree_2751,"Finnish W+ñrtsil+ñ that provides power solutions for the marine and energy markets has opened a Service Centre in Murmansk , in Russia .",neutral,phrasebank,controlled_gold_split,neutral,0.0028324877,0.9679106,0.029256925
phrasebank_sentences_66agree_1569,"These companies own a 20,000 sq. m. office and commercial building and substantial amount of building right for a new shopping center in Liljeholmen , Stockholm .",neutral,phrasebank,controlled_gold_split,neutral,0.002895626,0.9798702,0.017234148
phrasebank_sentences_75agree_1103,"The parties have also agreed that L+ñnnen Tehtaat has the right to sell the remaining shares in Suomen Rehu to Hankkija-Maatalous 15 months after the purchase of the majority holding , at the earliest .",neutral,phrasebank,controlled_gold_split,neutral,0.0028413911,0.97095305,0.026205607
phrasebank_sentences_allagree_2260,"HELSINKI Thomson Financial - Shares in Cargotec fell sharply in early afternoon trade after the cargo handling group posted a surprise drop in April-June profits , which overshadowed the large number of new orders received during the three months .",negative,phrasebank,controlled_gold_split,negative,0.97845936,0.016892964,0.0046476875
phrasebank_sentences_allagree_1148,"Local government commissioner of +àm+Ñl , Kurt Svensson , says he will contact the management of Finnish company Componenta to find out if there are any alternatives to the company 's decision to close down its plant in +àm+Ñl .",neutral,phrasebank,controlled_gold_split,neutral,0.01039752,0.97895837,0.010644089
phrasebank_sentences_75agree_1321,"The new office , located in Shenzhen , will strengthen Vaisala 's already 10-year old presence in China .",positive,phrasebank,controlled_gold_split,positive,0.004692741,0.03213176,0.9631755
phrasebank_sentences_75agree_1016,"Demonstrations of the broad capabilities of the Mobility Business Suite will be organized during the 3GSM World Congress in Barcelona , from February 12th to 15th .",neutral,phrasebank,controlled_gold_split,neutral,0.0028739213,0.9763317,0.02079435
phrasebank_sentences_allagree_105,"Digia said its consolidated net sales for January-June 2010 were EUR67 .8 m , up 9.7 % on the same period in 2009 ( EUR61 .9 m ) .",positive,phrasebank,controlled_gold_split,positive,0.009455766,0.010841088,0.9797031
phrasebank_sentences_66agree_2170,"Stora Enso , a global paper , packaging and wood products company , and Neste Oil , a Finnish company engaged in the refining and marketing of oil , have inaugurated the demonstration plant at Varkaus , Finland for biomass to liquids production utilizing forestry residues .",neutral,phrasebank,controlled_gold_split,neutral,0.0027087259,0.93653,0.060761243
phrasebank_sentences_50agree_836,"Finnish financial solutions developer Basware Corporation ( OMX Helsinki BAS1V ) said on Tuesday ( 23 September ) that it will deliver a complete Invoice Automation solution to a large US engineering , construction and technical services organization .",positive,phrasebank,controlled_gold_split,neutral,0.0035882774,0.6588941,0.3375176
phrasebank_sentences_50agree_1253,"In the Homeware area , Fiskars provides leading branded products for home , kitchen , and interior design .",positive,phrasebank,controlled_gold_split,neutral,0.003027672,0.895379,0.10159329
phrasebank_sentences_allagree_860,"Cargotec Corporation , Press Release , August 26 , 2008 at 10 a.m. Finnish time Cargotec 's MacGREGOR business area providing marine cargo handling and offshore load handling solutions has received significant offshore crane retrofit order .",positive,phrasebank,controlled_gold_split,positive,0.007085203,0.050322775,0.942592
phrasebank_sentences_allagree_1891,"Publishing Sweden 's operating loss was EUR 1.1 mn in Q1 of 2009 , compared to a profit of EUR 0.6 mn a year ago .",negative,phrasebank,controlled_gold_split,negative,0.9480866,0.016091222,0.035822168
phrasebank_sentences_allagree_0,"According to Gran , the company has no plans to move all production to Russia , although that is where the company is growing .",neutral,phrasebank,controlled_gold_split,neutral,0.002685688,0.9431874,0.054126937
phrasebank_sentences_75agree_764,"The company is in charge of all natural gas storage activities in France , Great Britain , and Germany .",neutral,phrasebank,controlled_gold_split,neutral,0.0031346153,0.9848668,0.011998619
phrasebank_sentences_allagree_1888,Pretax loss totaled EUR 117mn compared to a loss of EUR 65mn in the corresponding period .,negative,phrasebank,controlled_gold_split,positive,0.14805269,0.030799545,0.82114774
phrasebank_sentences_50agree_1754,"Mr. Atul Chopra , Chief Operating Officer & President , Tecnotree elaborated '' I am eager to see the continued success of the former Tecnomen , bringing Lifetree product to MENA , under the Tecnotree umbrella .",neutral,phrasebank,controlled_gold_split,positive,0.004177261,0.10950303,0.8863197
phrasebank_sentences_50agree_4329,"Most of the permanent layoffs will be in the plywood and sawn timber sectors of the Finnish company 's operations at several domestic mills , where earlier this year it temporarily laid off some 1,200 workers to save costs .",negative,phrasebank,controlled_gold_split,negative,0.9748268,0.01969578,0.005477338
phrasebank_sentences_66agree_416,`` Residentialconstruction in particular has picked up in several markets .,positive,phrasebank,controlled_gold_split,neutral,0.0048722546,0.5072807,0.4878471
phrasebank_sentences_66agree_1183,The oil shale feeder-supply solution will deliver crushed oil shale to the shale oil refinery already in operation as well as to the novel Enefit-280 shale oil technology processing plant .,neutral,phrasebank,controlled_gold_split,neutral,0.0023612091,0.92688555,0.07075323
phrasebank_sentences_allagree_79,"According to Finnish Metso Minerals , the value of the company 's orders has gone up to EUR 1.9 bn in 12 months .",positive,phrasebank,controlled_gold_split,positive,0.005549744,0.079178974,0.9152713
phrasebank_sentences_allagree_1986,"The utility will also provide services related to electricity management , such as hedging trades and risk management and reporting .",neutral,phrasebank,controlled_gold_split,neutral,0.0027568731,0.9738766,0.023366518
phrasebank_sentences_allagree_140,"In the third quarter , net sales increased by 12 % year-on-year to EUR159 .5 m , or by 6 % at comparable currency rates growth .",positive,phrasebank,controlled_gold_split,positive,0.008979453,0.014112874,0.9769076
phrasebank_sentences_allagree_879,"Quarterly diluted EPS on continuing operations came in at 0.21 eur , compared with last year 's 0.12 eur .",positive,phrasebank,controlled_gold_split,positive,0.021562241,0.013826785,0.96461093
phrasebank_sentences_66agree_1282,"Finnish software and hardware developer Elektrobit Oyj HEL : EBG1V , or EB , said today it will temporarily lay off up to 200 people for a maximum of 90 day in Finland , aiming to achieve cost savings of EUR 1.7 million USD 2m in the second half of 2010 .",negative,phrasebank,controlled_gold_split,negative,0.88393503,0.05672924,0.059335735
phrasebank_sentences_50agree_743,"` Patja has worked well for us for more than a decade , and Fujitsu 's new bid was competitive .",neutral,phrasebank,controlled_gold_split,positive,0.004151977,0.067189716,0.92865837
phrasebank_sentences_75agree_1167,"SysOpen Digia Plc , Press release , 7 February 2006 IBM Finland has rewarded its most distinguished partner companies for 2005 .",positive,phrasebank,controlled_gold_split,positive,0.0058019944,0.05583282,0.93836516
phrasebank_sentences_allagree_948,"Cramo , headquartered in Vantaa , Finland , rents construction machinery and equipment , as well as rents and sells modular space .",neutral,phrasebank,controlled_gold_split,neutral,0.0045930147,0.9869839,0.008423133
phrasebank_sentences_66agree_666,"Benefon , a wireless and GPS technology company , will supply Karputer with its TWIG navigation platform , a GPS satellite navigation and voice guidance service .",positive,phrasebank,controlled_gold_split,neutral,0.002593352,0.8522442,0.14516246
phrasebank_sentences_allagree_1584,`` These developments partly reflect the government 's higher activity in the field of dividend policy . '',neutral,phrasebank,controlled_gold_split,positive,0.004634856,0.12750815,0.86785704
phrasebank_sentences_allagree_1862,"In the third quarter of fiscal 2008 Efore swung to a net loss of EUR 400,000 versus a net profit of EUR 200,000 for the corresponding period of fiscal 2007 .",negative,phrasebank,controlled_gold_split,positive,0.4404207,0.016263157,0.5433161
phrasebank_sentences_75agree_1975,"Global Markets Direct 's Pohjola Bank plc - Financial Analysis Review is an in-depth business , financial analysis of Pohjola Bank plc. .",neutral,phrasebank,controlled_gold_split,neutral,0.0047943103,0.98787373,0.0073318994
phrasebank_sentences_50agree_3715,"Panostaja Plc today acquired the entire share capital of Suomen Graafiset Palvelut Ltd , a provider of printing services .",neutral,phrasebank,controlled_gold_split,neutral,0.004199488,0.9824415,0.013358986
phrasebank_sentences_75agree_631,"Speaking to just-drinks today , a spokesperson for Olvi said : `` We have performed very well in all four countries we operate in - namely , Finland , Estonia , Latvia and Lithuania . ''",positive,phrasebank,controlled_gold_split,positive,0.0063581187,0.023855103,0.9697869
phrasebank_sentences_allagree_2216,Sales by Seppala diminished by 6 per cent .,negative,phrasebank,controlled_gold_split,negative,0.9738297,0.019313922,0.0068563945
phrasebank_sentences_allagree_1353,"schwalm ( at ) outotec.com Eila Paatela , Vice President - Corporate Communications tel. +358 20 529 2004 , mobile +358 400 817198 e-mail eila .",neutral,phrasebank,controlled_gold_split,neutral,0.004765361,0.98767895,0.0075557646
phrasebank_sentences_75agree_2918,Lean System supports change management and component purchasing extremely well .,positive,phrasebank,controlled_gold_split,positive,0.0038317195,0.28497338,0.71119493
phrasebank_sentences_allagree_1834,The value of the contract is EUR 25mn .,neutral,phrasebank,controlled_gold_split,neutral,0.0045631393,0.98632646,0.009110404
phrasebank_sentences_allagree_579,"Oka specialises in new construction , renovation work of residential and non-residential building as well as premises for industrial and logistical use .",neutral,phrasebank,controlled_gold_split,neutral,0.0048534493,0.9874436,0.007702953
phrasebank_sentences_75agree_1141,"The company booked April-June new orders worth 949 mln eur , compared with 786 mln eur in the same period a year ago .",positive,phrasebank,controlled_gold_split,positive,0.017376922,0.013271406,0.9693516
phrasebank_sentences_allagree_1154,Affecto has participated in the program for the development of the Norwegian pension system since 2007 .,neutral,phrasebank,controlled_gold_split,neutral,0.0026874577,0.92917657,0.06813601
phrasebank_sentences_allagree_1711,Russia 's Video International Group holds a controlling stake in Russian Media Ventures .,neutral,phrasebank,controlled_gold_split,neutral,0.0031512321,0.98046595,0.016382784
phrasebank_sentences_allagree_2157,Net sales fell by 5 % from the previous accounting period .,negative,phrasebank,controlled_gold_split,negative,0.97590625,0.013231301,0.010862534
phrasebank_sentences_75agree_2243,The handset maker did not disclose any financial details .,neutral,phrasebank,controlled_gold_split,neutral,0.007097526,0.9866512,0.006251323
phrasebank_sentences_50agree_2203,The companies expect the first orders already in 2011 .,positive,phrasebank,controlled_gold_split,neutral,0.0036637792,0.9788573,0.017478913
phrasebank_sentences_allagree_1973,"The gross area of the Innova 2 project will be about 10,000 sq m ( 107,600 sq ft ) .",neutral,phrasebank,controlled_gold_split,neutral,0.003373115,0.9878434,0.008783438
phrasebank_sentences_75agree_1534,"According to CEO Hannu Syrj+ñnen , a new common name and visual identity is required as the group has grown and internationalised .",neutral,phrasebank,controlled_gold_split,neutral,0.002774291,0.83336633,0.16385935
phrasebank_sentences_66agree_2337,"In Finland , Sampo Bank , now part of the Danske Bank group , will lay off staff from the administrative and support functions .",negative,phrasebank,controlled_gold_split,negative,0.9566901,0.036851183,0.0064587295
phrasebank_sentences_75agree_2093,Pohjola and cooperative banks have continued to combine their branch office network .,neutral,phrasebank,controlled_gold_split,neutral,0.0025367946,0.9066964,0.09076684
phrasebank_sentences_66agree_3678,"So Mr. Galvan made savings adjustments of his own , buying less liquor and watching portion sizes .",neutral,phrasebank,controlled_gold_split,neutral,0.0048685754,0.8974866,0.097644806
phrasebank_sentences_75agree_1245,"Thus , SysOpen Digia has , in accordance with Chapter 14 Section 21 of the Finnish Companies Act 29.9.1978 - 734 , obtained title to all the shares of Sentera that are to be redeemed .",neutral,phrasebank,controlled_gold_split,neutral,0.0027949654,0.94211966,0.05508534
phrasebank_sentences_75agree_1198,Finnish insurance company Fennia and Kesko Group are ending their loyal customer cooperation .,negative,phrasebank,controlled_gold_split,neutral,0.43376258,0.54993606,0.01630134
phrasebank_sentences_66agree_406,"The company also said on November 16 , 2006 its Real Estate Fund I Ky signed an agreement with Finnish window maker Fenestra Oy to build a window plant in Forssa , southern Finland .",positive,phrasebank,controlled_gold_split,positive,0.0052263807,0.059144787,0.9356289
phrasebank_sentences_allagree_1051,The company 's board of directors will propose a dividend of EUR 0.14 for 2008 at the annual general meeting .,neutral,phrasebank,controlled_gold_split,neutral,0.0035674744,0.9814641,0.014968379
phrasebank_sentences_50agree_1258,It has several innovative small molecule and biological drug candidates at different stages of clinical development .,neutral,phrasebank,controlled_gold_split,neutral,0.0025832392,0.9054383,0.09197841
phrasebank_sentences_66agree_544,"Based on strong customer interest and feedback , using RPM mobile phone manufacturers , operators , enterprises and developer forums can significantly increase their product and service quality , user-experience and cost-efficiency '' , Tulonen continues .",positive,phrasebank,controlled_gold_split,positive,0.0038972376,0.044340946,0.95176184
phrasebank_sentences_allagree_1880,Loss for the period totalled EUR 15.6 mn compared to a profit of EUR 6.3 mn in 2008 .,negative,phrasebank,controlled_gold_split,negative,0.93825483,0.018203953,0.043541264
phrasebank_sentences_75agree_2459,"ALEXANDRIA , Va. , Nov. 19 -- Erkki Aho , Elimaki , Finland , has developed a method and apparatus in conjunction with a shoe press .",neutral,phrasebank,controlled_gold_split,neutral,0.0040261503,0.98132575,0.014648159
phrasebank_sentences_allagree_870,"Jarmo Honkamaa , head of the oil refining business at Neste Oil , says the situation looks promising from their viewpoint .",positive,phrasebank,controlled_gold_split,positive,0.0045446954,0.18661517,0.80884016
phrasebank_sentences_allagree_384,"Operating profit totalled EUR 0.4 mn , up from an operating loss of EUR 0.8 mn year-on-year .",positive,phrasebank,controlled_gold_split,positive,0.010014998,0.011392895,0.9785921
phrasebank_sentences_allagree_2242,Finnish meat company Atria can no longer promise a sufficient amount of domestic beef to its customers .,negative,phrasebank,controlled_gold_split,neutral,0.014845608,0.974841,0.010313423
phrasebank_sentences_66agree_3267,"The area will also include some central buildings , and Honkarakenne has started negotiations on their delivery .",neutral,phrasebank,controlled_gold_split,neutral,0.0028853535,0.9725874,0.024527235
phrasebank_sentences_50agree_4584,"Operating profit for the six-month period decreased from EUR21m , while net sales increased from EUR436 .9 m , as compared to the corresponding period in 2007 .",negative,phrasebank,controlled_gold_split,negative,0.50719655,0.17558224,0.3172212
phrasebank_sentences_75agree_2849,"According shipping company Viking Line , the EU decision will have a significant financial impact .",neutral,phrasebank,controlled_gold_split,neutral,0.004308546,0.9088345,0.08685696
phrasebank_sentences_allagree_1871,"Acando AB ( ACANB SS ) fell 8.9 percent to 13.35 kronor , the lowest close since Dec. 11 .",negative,phrasebank,controlled_gold_split,negative,0.92119634,0.07269295,0.0061107418
phrasebank_sentences_allagree_136,"In the fourth quarter of 2009 , Orion 's net profit went up by 33.8 % year-on-year to EUR33m .",positive,phrasebank,controlled_gold_split,positive,0.008255422,0.014919469,0.9768251
phrasebank_sentences_66agree_501,"Following the increase , Huhtamaki Oyj 's registered share capital is EUR 358,706,290.00 and the number of shares outstanding is 105,501,850 .",neutral,phrasebank,controlled_gold_split,neutral,0.0024400968,0.92657113,0.07098873
phrasebank_sentences_66agree_883,`` BG Crane has been a strong partner for Hiab in Australia for many years .,neutral,phrasebank,controlled_gold_split,positive,0.004326426,0.14503118,0.8506424
phrasebank_sentences_75agree_40,The company also estimates the already carried out investments to lead to an increase in its net sales for 2010 from 2009 when they reached EUR 141.7 million .,positive,phrasebank,controlled_gold_split,positive,0.008973103,0.016714923,0.974312
phrasebank_sentences_allagree_1606,Boomerang Boats had net sales of EUR 4.1 mn and it made an operating profit of EUR 0.4 mn in 2006 .,neutral,phrasebank,controlled_gold_split,neutral,0.0041444744,0.98483986,0.0110156275
phrasebank_sentences_allagree_1861,"With this acquisition the wireless modem unit and its approximately 1,100 employees were transferred to Renesas Electronics Corporation .",neutral,phrasebank,controlled_gold_split,neutral,0.0038482053,0.98296714,0.013184636
phrasebank_sentences_75agree_358,- Provides summary of the medical equipment pipeline products that the company is developing .,neutral,phrasebank,controlled_gold_split,neutral,0.0039760405,0.98629785,0.009726146
phrasebank_sentences_75agree_2883,"The company 's annual loss amounted to EEK 18mn , compared to a profit of EEK 7.3 mn in 2008 .",negative,phrasebank,controlled_gold_split,negative,0.95633566,0.021587046,0.022077395
phrasebank_sentences_allagree_438,Pretax profit jumped to EUR 21.9 million from EUR 3.1 million .,positive,phrasebank,controlled_gold_split,positive,0.011656728,0.013144464,0.97519875
phrasebank_sentences_50agree_4186,"Cuts equivalent to the costs of about 35-45 employees are the target , the company said .",negative,phrasebank,controlled_gold_split,negative,0.67993385,0.2571304,0.06293564
phrasebank_sentences_50agree_3786,"The companies will divest to UPM Fray Bentos pulp mill and Forestal Oriental , a company specialising in eucalyptus cultivation .",neutral,phrasebank,controlled_gold_split,neutral,0.003831504,0.9825315,0.013637027
phrasebank_sentences_50agree_2491,It moved into the No. 2 spot in 2000 when it merged steel operations with Avesta Sheffield to form AvestaPolarit .,neutral,phrasebank,controlled_gold_split,positive,0.0037248938,0.1934915,0.8027836
phrasebank_sentences_75agree_56,"On the route between Helsinki in Finland and Tallinn in Estonia , cargo volumes increased by 36 % , while cargo volumes between Finland and Sweden fell by 9 % .",neutral,phrasebank,controlled_gold_split,positive,0.010443551,0.012008721,0.97754776
phrasebank_sentences_allagree_950,"Currently the Terminator lures are produced in a subcontract facility in Mexico but the manufacturing will be transferred to Rapala 's factory in Shenzhen , China .",neutral,phrasebank,controlled_gold_split,neutral,0.0030284622,0.98171884,0.015252664
phrasebank_sentences_allagree_1268,Investments in product development stood at 6.0 mln euro ( $ 8.8 mln ) .,neutral,phrasebank,controlled_gold_split,neutral,0.00331278,0.97397095,0.022716254
phrasebank_sentences_allagree_842,Rapala said it estimates it will make savings of 1-2 mln eur a year by centralising its French operations at one site .,positive,phrasebank,controlled_gold_split,positive,0.005256241,0.033334207,0.96140957
phrasebank_sentences_75agree_1968,Fortum had intended to spend as much as ( EURO ) 2.7 bn to become the sole owner of TGK-10 .,neutral,phrasebank,controlled_gold_split,neutral,0.0026455605,0.94557124,0.051783167
phrasebank_sentences_50agree_2254,Vacon 's office will support its customers in Brazil and South America .,neutral,phrasebank,controlled_gold_split,neutral,0.0021960859,0.9375942,0.060209725
phrasebank_sentences_75agree_2906,"The poorest index figure was given to Finnish power company Fortum , 4.5 .",negative,phrasebank,controlled_gold_split,neutral,0.19375092,0.78026986,0.025979197
phrasebank_sentences_allagree_1476,The parties have therefore agreed to leave Avena out of the deal .,neutral,phrasebank,controlled_gold_split,neutral,0.0057757953,0.94883835,0.045385804
phrasebank_sentences_allagree_1131,"` Sanoma is a buyer not a target , ' he said .",neutral,phrasebank,controlled_gold_split,neutral,0.0029755118,0.96643996,0.030584527
phrasebank_sentences_66agree_1650,"`` Uncommonly weak snow conditions in nearly every market have affected our first quarter result , '' Chief Executive Roger Talermo said .",negative,phrasebank,controlled_gold_split,negative,0.9679328,0.026444944,0.0056222123
phrasebank_sentences_allagree_18,"The company 's net profit rose 11.4 % on the year to 82.2 million euros in 2005 on sales of 686.5 million euros , 13.8 % up on the year , the company said earlier .",positive,phrasebank,controlled_gold_split,positive,0.008647933,0.0130328955,0.9783191
phrasebank_sentences_66agree_1167,"The handset also features a Media Bar for quick access to favorite media and applications , including music , photos , YouTube or Ovi Share .",neutral,phrasebank,controlled_gold_split,neutral,0.0040637003,0.98085254,0.015083741
phrasebank_sentences_50agree_1160,"After the signing , the total amount of Aspo 's revolving credit facility agreements is EUR 50 million , which replaces the formerly valid agreements of EUR 80 million .",neutral,phrasebank,controlled_gold_split,neutral,0.005215771,0.86863345,0.12615077
phrasebank_sentences_75agree_2976,"As a result , 12 people will be made redundant and a total of 67 persons are laid off temporarily .",negative,phrasebank,controlled_gold_split,negative,0.9691264,0.025277399,0.005596258
phrasebank_sentences_66agree_66,"Other measures included increasing synergies and economies of scale within the Grimaldi Group and personnel adjustments , divestments and redelivery of excess tonnage .",neutral,phrasebank,controlled_gold_split,positive,0.0046104025,0.039827798,0.9555619
phrasebank_sentences_allagree_120,Finnish metal products company Componenta Oyj net profit rose to 26.1 mln euro ( $ 35.9 mln ) for the first quarter of 2007 from 5.3 mln euro ( $ 7.3 mln ) for the same period of 2006 .,positive,phrasebank,controlled_gold_split,positive,0.011260218,0.010143,0.9785968
phrasebank_sentences_66agree_778,Stockmann MasterCard has widened the scope of this cooperation to Estonia and Latvia .,positive,phrasebank,controlled_gold_split,positive,0.0034956825,0.17229941,0.824205
phrasebank_sentences_66agree_2041,Dutch publisher De Vijver said today it has agreed to buy a 49 % stake in Belgian weekly magazine Humo from Finnish media company Sanoma HEL : SAA1V .,neutral,phrasebank,controlled_gold_split,neutral,0.0033439286,0.9057007,0.09095538
phrasebank_sentences_66agree_3754,Metso estimates the need for personnel reductions to amount to 25 people .,negative,phrasebank,controlled_gold_split,negative,0.81419265,0.15661015,0.029197177
phrasebank_sentences_allagree_290,"Under the rental agreement , Stockmann was committed to invest in the building of a bridge over the Gogol Street or build an underground tunnel for crossing the street by 2004 .",neutral,phrasebank,controlled_gold_split,neutral,0.0037814637,0.6984483,0.2977702
phrasebank_sentences_allagree_498,Halonen 's office acknowledged receiving the letter but declined comment .,neutral,phrasebank,controlled_gold_split,neutral,0.0095676165,0.97783136,0.012600982
phrasebank_sentences_75agree_1221,"So far the company has awarded more than $ 350,000 worth of tools and materials .",neutral,phrasebank,controlled_gold_split,positive,0.0043010265,0.2595505,0.7361485
phrasebank_sentences_allagree_1312,Nordea was the cheapest also for a couple in their 30s with debt .,neutral,phrasebank,controlled_gold_split,neutral,0.0076119816,0.6732693,0.31911877
phrasebank_sentences_allagree_1168,"Apartments of YIT Home may be purchased in 5 regions of Russia , where YIT subsidiaries carry out their activities : Moscow and Moscow region , St. Petersburg , Ekaterinburg , Kazan and Rostov-on-Don .",neutral,phrasebank,controlled_gold_split,neutral,0.0030966923,0.9863452,0.010558139
phrasebank_sentences_allagree_1511,The shares shall be acquired according to the Rules of NASDAQ OMX Helsinki and otherwise according to the rules related to acquisition of the company 's own shares .,neutral,phrasebank,controlled_gold_split,neutral,0.003375641,0.9866542,0.009970125
phrasebank_sentences_allagree_654,Changes to the as-built models from the design were communicated to the subcontractors to accommodate them into the steel and GRC glass reinforced concrete fabrication process .,neutral,phrasebank,controlled_gold_split,neutral,0.0030045463,0.90077144,0.09622405
phrasebank_sentences_75agree_940,The Kyroskoski investment is to be completed in late 2011 and the +ä+ñnekoski investment in the spring of 2012 .,neutral,phrasebank,controlled_gold_split,neutral,0.00285287,0.9844424,0.012704773
phrasebank_sentences_66agree_1224,"Vaisala Oyj Stock exchange release 26.03.2010 klo 09.00 1 ( 1 ) The Annual General Meeting of Vaisala Oyj decided on March 25 , 2010 to approve the Company 's annual accounts for 2009 .",neutral,phrasebank,controlled_gold_split,neutral,0.0033966,0.96978253,0.026820894
phrasebank_sentences_allagree_592,"She will succeed Krister Kylas , who has decided to leave TeliaSonera .",neutral,phrasebank,controlled_gold_split,neutral,0.014811025,0.97733057,0.007858398
phrasebank_sentences_75agree_673,CEO Erkki J+ñrvinen is happy with the company 's performance in 2010 .,positive,phrasebank,controlled_gold_split,positive,0.006522346,0.034882735,0.95859486
phrasebank_sentences_50agree_1810,"One can even receive on the spot alerts as soon as jobs are posted , putting you at the front of the queue for opportunities .",neutral,phrasebank,controlled_gold_split,neutral,0.0052515273,0.9661922,0.028556323
phrasebank_sentences_66agree_3702,The layoff talks were first announced in August .,neutral,phrasebank,controlled_gold_split,neutral,0.012374971,0.9763684,0.011256541
phrasebank_sentences_75agree_2281,The orders are part of a long-term development plan of Latvijas Finieris .,neutral,phrasebank,controlled_gold_split,neutral,0.002880091,0.9651419,0.031978015
phrasebank_sentences_66agree_952,"The Estonian beverages maker A. Le Coq today brought to the market a new premium class beer , A. Le Coq Special , investing 6 million kroons EUR 383,000 into its development and planning to sell three million liters of the beer during the next year .",neutral,phrasebank,controlled_gold_split,positive,0.0041114124,0.4850609,0.51082766
phrasebank_sentences_allagree_1562,"Vaisala , headquartered in Helsinki in Finland , develops and manufactures electronic measurement systems for meteorology , environmental sciences , traffic and industry .",neutral,phrasebank,controlled_gold_split,neutral,0.005384322,0.98579884,0.008816769
phrasebank_sentences_75agree_1339,Alma Media 's net sales in 2009 totalled MEUR 307.8 with an operating margin of 13.5 per cent .,neutral,phrasebank,controlled_gold_split,neutral,0.004388773,0.9835407,0.012070548
phrasebank_sentences_allagree_619,The new B shares carry the right to dividend and other shareholder rights with effect from today .,neutral,phrasebank,controlled_gold_split,neutral,0.0030132262,0.98252,0.014466838
phrasebank_sentences_allagree_8,"Foundries division reports its sales increased by 9.7 % to EUR 63.1 mn from EUR 57.5 mn in the corresponding period in 2006 , and sales of the Machine Shop division increased by 16.4 % to EUR 41.2 mn from EUR 35.4 mn in the corresponding period in 2006 .",positive,phrasebank,controlled_gold_split,positive,0.011368822,0.013059901,0.9755712
phrasebank_sentences_allagree_2062,"`` After a long , unprofitable period the Food Division posted a profitable result , which speaks of a healthier cost structure and a new approach in business operations , '' Rihko said .",positive,phrasebank,controlled_gold_split,positive,0.007696157,0.017225401,0.97507846
phrasebank_sentences_66agree_3673,"Russian officials inspected the damage and gave the vessel permission to continue to Tallinn at around 4.30 a.m. The Norwegian-registered M-T Sten Nordic was carrying 11,000 tons of gas oil and was manned by a Filipino crew .",neutral,phrasebank,controlled_gold_split,neutral,0.0088805165,0.9604995,0.030619979
phrasebank_sentences_allagree_2127,Comparable operating profit decreased to EUR 13.8 mn from EUR 17.1 mn in the corresponding period in 2005 .,negative,phrasebank,controlled_gold_split,negative,0.97512585,0.019914601,0.004959557
phrasebank_sentences_66agree_727,"As a domestic business , Best-In is already close to Finnish dog owners .",positive,phrasebank,controlled_gold_split,neutral,0.0025001047,0.9624264,0.0350735
phrasebank_sentences_allagree_1541,Their names have not yet been released .,neutral,phrasebank,controlled_gold_split,neutral,0.034813453,0.95949787,0.0056886924
phrasebank_sentences_75agree_3210,"According to Scanfil , demand for telecommunications network products has fluctuated significantly in the third quarter of 2006 , and the situation is expected to remain unstable for the rest of the year .",negative,phrasebank,controlled_gold_split,negative,0.8662505,0.10042277,0.033326793
phrasebank_sentences_66agree_748,"However , Simdax will remain available in the markets where it already has been approved as it has marketing authorisations or submitted applications in more than 40 countries , Orion added .",positive,phrasebank,controlled_gold_split,positive,0.0029972442,0.182024,0.8149787
phrasebank_sentences_allagree_1217,EUR 220 million of the transaction consideration was paid in the form of four-year interest-bearing vendor notes .,neutral,phrasebank,controlled_gold_split,neutral,0.004476228,0.98566043,0.00986329
phrasebank_sentences_66agree_1620,"The negotiations were carried out in a constructive manner , and all parties tried to find a solution to the situation .",positive,phrasebank,controlled_gold_split,positive,0.0070735724,0.07547468,0.91745174
phrasebank_sentences_75agree_2397,Unilever 's Turun Sinappi that is made in Sweden holds 40 % of the market .,neutral,phrasebank,controlled_gold_split,neutral,0.004152332,0.98670703,0.00914066
phrasebank_sentences_75agree_1382,"Juha Jordan , chief engineer at Glaston , said one of the reasons for choosing Vacon as a global AC drives supplier is that it has service and support centres in the same countries where Glaston operates .",positive,phrasebank,controlled_gold_split,neutral,0.0030041204,0.87635046,0.120645426
phrasebank_sentences_50agree_1875,This bold spinning 360 red fabric design is set beautifully on Ercols Napoli sofa .,positive,phrasebank,controlled_gold_split,neutral,0.0039374344,0.91754466,0.07851795
phrasebank_sentences_75agree_650,"The planned facility , estimated to cost around $ 814 million , would be the largest biodiesel plant in the world , and use palm oil certified by the Roundtable on Sustainable Palm Oil ( RSPO ) .",positive,phrasebank,controlled_gold_split,neutral,0.0026364806,0.8732128,0.12415065
phrasebank_sentences_75agree_2564,"Karachi , Sept. 14 -- Ixonos , a world leader in the development and integration of solutions for handheld devices , announced that it is implementing a touch screen mobile user interface solution for the Intel Atom processor Z6xx based smartphones .",neutral,phrasebank,controlled_gold_split,positive,0.0044100042,0.46140045,0.5341895
phrasebank_sentences_66agree_2408,"Beef imports fell slightly from 2006 , to 14mn kilos .",neutral,phrasebank,controlled_gold_split,negative,0.93457806,0.016967608,0.04845437
phrasebank_sentences_75agree_2578,Marketing will use Tikkurila 's existing infra structure and local knowledge in Russia .,neutral,phrasebank,controlled_gold_split,neutral,0.0022755438,0.9639574,0.033767022
phrasebank_sentences_75agree_2948,"The effect may remain short-lived , however .",neutral,phrasebank,controlled_gold_split,neutral,0.013407942,0.9547717,0.03182032
phrasebank_sentences_75agree_53,The new plant is planned to have an electricity generation capacity of up to 350 megawatts ( MW ) and the same heat generation capacity .,neutral,phrasebank,controlled_gold_split,neutral,0.002437299,0.9474565,0.0501062
phrasebank_sentences_allagree_276,"ALEXANDRIA , Va. , May 16 -- Kenneth Bower of Vista , Calif. , has developed an ornamental design for a handset , the U.S. Patent & Trademark Office announced .",neutral,phrasebank,controlled_gold_split,neutral,0.00440016,0.9708047,0.02479507
phrasebank_sentences_75agree_986,"www.countryelements.co.uk Designed by Patricia Burt , this is just one of a selection of distinctive hooked rugs created with recycled materials and dyed natural dyes .",neutral,phrasebank,controlled_gold_split,neutral,0.003510613,0.9810301,0.015459327
phrasebank_sentences_allagree_1058,The company will be part of Teleste 's Video and Broadband Solutions business area .,neutral,phrasebank,controlled_gold_split,neutral,0.0023352217,0.972001,0.02566375
phrasebank_sentences_allagree_244,Return on capital employed rose by 4.8 percentage points to 19.6 % .,positive,phrasebank,controlled_gold_split,positive,0.009219567,0.01480494,0.9759755
phrasebank_sentences_50agree_1555,"Kaukopartio Oy has acquired specialized knowledge in Far Eastern operations , and industrial sourcing services are their core competence .",neutral,phrasebank,controlled_gold_split,neutral,0.0024688588,0.93019724,0.06733393
phrasebank_sentences_50agree_424,"Deliveries are to start later in 2010 , and the volume will increase in the years 2011-2012 .",neutral,phrasebank,controlled_gold_split,positive,0.0038788652,0.36201128,0.6341099
phrasebank_sentences_75agree_2841,"SSH COMMUNICATIONS SECURITY CORP STOCK EXCHANGE RELEASE OCTOBER 14 , 2008 AT 2:45 PM The Company updates its full year outlook and estimates its results to remain at loss for the full year .",negative,phrasebank,controlled_gold_split,negative,0.71638036,0.26405683,0.019562712
phrasebank_sentences_50agree_62,"`` The new agreement is a continuation to theagreement signed earlier this year with the Lemminkainen Group , whereby Cramo acquired the entire construction machine fleet ofLemminkainen Talo Oy Ita - ja Pohjois Suomo , and signed asimilar agreement , '' said Tatu Hauhio , managing director ofCramo Finland .",neutral,phrasebank,controlled_gold_split,positive,0.0044426527,0.31527925,0.6802781
phrasebank_sentences_allagree_212,Cash flow from operations rose to EUR 52.7 mn from EUR 15.6 mn in 2007 .,positive,phrasebank,controlled_gold_split,positive,0.011623727,0.011178429,0.9771978
phrasebank_sentences_allagree_1469,The Notice in its entirety with other proposals from the Nomination Committee and the Board will be published at least four weeks before 28 April on the company 's website and in Post - och Inrikes Tidningar and Dagens Industri .,neutral,phrasebank,controlled_gold_split,neutral,0.004909296,0.98909914,0.005991545
phrasebank_sentences_66agree_3502,He said : `` It is for sale again and we will be actively marketing it .,neutral,phrasebank,controlled_gold_split,positive,0.00441304,0.1430336,0.8525533
phrasebank_sentences_75agree_976,"They re in a race with Google to get lots of users onto their service as social networking creates new business models , said Martin Garner , a London-based analyst with CCS Insight .",neutral,phrasebank,controlled_gold_split,neutral,0.005604839,0.83999497,0.15440024
phrasebank_sentences_allagree_1518,"The total restructuring costs are expected to be about EUR 30mn , of which EUR 13.5 mn was booked in December 2008 .",neutral,phrasebank,controlled_gold_split,neutral,0.0068981946,0.9864872,0.006614522
phrasebank_sentences_allagree_1679,Mr Jortikka is president of the base metal division of Outotec Oyj in Finland and is on the executive committee of Outotec .,neutral,phrasebank,controlled_gold_split,neutral,0.007352924,0.9849186,0.0077284067
phrasebank_sentences_50agree_309,Vacon will supply drives to Ruselprom in the power range from 200 kW up to 2 MW .,neutral,phrasebank,controlled_gold_split,neutral,0.002583991,0.9603558,0.03706018
phrasebank_sentences_allagree_1253,"In addition , the contract includes modification of the effluent treatment plant at Follum .",neutral,phrasebank,controlled_gold_split,neutral,0.0031710342,0.95814127,0.038687732
phrasebank_sentences_66agree_69,"The 718,430 new Series A shares will become subject to trading on the Helsinki Stock Exchange 's Main List , together with the old Series A shares , on July 3 , 2006 .",neutral,phrasebank,controlled_gold_split,neutral,0.0034504633,0.98708737,0.009462131
phrasebank_sentences_75agree_1000,A CUT ABOVE Bring the outdoors in with these birch-branch coasters .,neutral,phrasebank,controlled_gold_split,neutral,0.004768504,0.75041497,0.24481654
phrasebank_sentences_allagree_722,"UPM-Kymmene www.upm-kymmene.com produces magazine papers and newsprint , as well as fine and specialty papers , converting materials and wood products .",neutral,phrasebank,controlled_gold_split,neutral,0.0055681583,0.98809147,0.006340434
phrasebank_sentences_allagree_2078,He wore a black beanie-type cap and a black jacket .,neutral,phrasebank,controlled_gold_split,neutral,0.022690913,0.9681456,0.009163481
phrasebank_sentences_75agree_1252,"In a release , the Company said that Vocollect T2 customers in North America can now take advantage of its Voice Directed Warehousing solution and increase warehouse efficiency and productivity gains at a discounted price .",positive,phrasebank,controlled_gold_split,positive,0.0048759105,0.032692276,0.9624317
phrasebank_sentences_allagree_1207,"Deliveries of Nokia 1112 , Nokia 2310 and Nokia 2610 are expected to start in the second quarter of 2006 .",neutral,phrasebank,controlled_gold_split,neutral,0.0033951255,0.9846267,0.0119781345
phrasebank_sentences_75agree_1532,Finnish property investment company Citycon plans to issue directed subordinated convertible bonds to institutional investors .,neutral,phrasebank,controlled_gold_split,neutral,0.0025898141,0.9719657,0.025444463
phrasebank_sentences_allagree_1746,"The Company operates through four principal divisions : Consumer Packaging ; Office Papers ; Speciality Papers , as well as Market Pulp and Energy .",neutral,phrasebank,controlled_gold_split,neutral,0.0051854034,0.98816293,0.00665169
phrasebank_sentences_allagree_1698,"Panostaja owns a 68.77 pct of share capital and the voting rights of Suomen Helasto shares following an exchange of shares which was carried out on May 30 , 2007 .",neutral,phrasebank,controlled_gold_split,neutral,0.0026253671,0.97573346,0.02164113
phrasebank_sentences_allagree_1962,"The authorisation is in force until the end of the next Annual General Meeting and repeals the authorisation to acquire own shares given by the General Meeting held on April 4 , 2007 .",neutral,phrasebank,controlled_gold_split,neutral,0.010751128,0.9744241,0.014824775
phrasebank_sentences_allagree_110,Diluted EPS rose to EUR3 .68 from EUR0 .50 .,positive,phrasebank,controlled_gold_split,positive,0.011648121,0.01387307,0.9744787
phrasebank_sentences_allagree_1436,The financial statements release will be available after publishing on the Company 's internet pages at www.cargotec.com .,neutral,phrasebank,controlled_gold_split,neutral,0.0037912163,0.9884751,0.007733624
phrasebank_sentences_allagree_430,Finnish handling systems company Cargotec Oyj ( HEL : CGCBV ) said today that it won a EUR 13 million ( USD 16.6 m ) contract to deliver MacGregor hatch covers for ships ordered by Norwegian shipowner Grieg Shipping .,positive,phrasebank,controlled_gold_split,positive,0.010585496,0.01774469,0.9716698
phrasebank_sentences_allagree_1007,"Paychex has more than 100 offices serving approximately 554,000 payroll clients nationwide as of May 31 , 2009 .",neutral,phrasebank,controlled_gold_split,neutral,0.0035754906,0.98559254,0.010831958
phrasebank_sentences_75agree_458,"By combining its existing solutions into a single platform , Comptel said that it has reduced the cost of deployment .",positive,phrasebank,controlled_gold_split,positive,0.0036631615,0.064284384,0.93205243
phrasebank_sentences_allagree_1462,The name of the newspaper publishing and printing division Sanoma will be changed to Sanoma News .,neutral,phrasebank,controlled_gold_split,neutral,0.003142443,0.9739196,0.022937968
phrasebank_sentences_50agree_462,"Vaisala Oyj Press Release September 30 , 2010 Vaisala has signed a contract to sell its oxygen measurement technology and business to SICK Maihak GmbH .",positive,phrasebank,controlled_gold_split,positive,0.005082409,0.07792647,0.9169911
phrasebank_sentences_66agree_1742,Delhaize Le Lion has selected the Aldata G.O.L.D. Vocal PDA solution on the Motorola WT4090 PDA terminal .,neutral,phrasebank,controlled_gold_split,neutral,0.002439685,0.9246071,0.072953194
phrasebank_sentences_75agree_2066,No financial detail were available .,neutral,phrasebank,controlled_gold_split,neutral,0.006949501,0.9870538,0.005996698
phrasebank_sentences_50agree_2134,It appears from statistics of the Technical Surveillance Authority that customers who switch service providers mostly transfer their numbers to Elisa 's network .,neutral,phrasebank,controlled_gold_split,neutral,0.008459191,0.9854181,0.0061227498
phrasebank_sentences_allagree_1471,"The objective is that trading in the shares will commence on May 2 , 2007 .",neutral,phrasebank,controlled_gold_split,neutral,0.0030567858,0.9870372,0.009906046
phrasebank_sentences_allagree_1423,"The deal includes the entire personnel of PlanMill Oy , who will transfer to the new company as so-called old employees .",neutral,phrasebank,controlled_gold_split,neutral,0.0039716177,0.98520076,0.010827652
phrasebank_sentences_allagree_1718,"That address also happens to house Italian megamart Eataly , meaning that `` Come on , kids , we 're going to the Toy Building ! ''",neutral,phrasebank,controlled_gold_split,neutral,0.005335482,0.98163843,0.01302613
phrasebank_sentences_allagree_545,"CapMan has four investment areas ( CapMan Buyout , CapMan Technology , CapMan Life Science and CapMan Real Estate ) , and each of them has a dedicated team .",neutral,phrasebank,controlled_gold_split,neutral,0.0027455457,0.98130774,0.015946783
phrasebank_sentences_allagree_1744,The company has an annual turnover of EUR32 .8 m.,neutral,phrasebank,controlled_gold_split,neutral,0.0052194824,0.98499113,0.009789443
phrasebank_sentences_allagree_840,"Pretax profit totalled EUR 2.0 mn , compared to a loss of EUR 159.2 mn in the fourth quarter of 2008 .",positive,phrasebank,controlled_gold_split,positive,0.011825224,0.010405195,0.9777695
phrasebank_sentences_allagree_1959,Short-term licenses for the games cost as little as $ 3 while purchasing a game outright can cost as much as $ 10 or $ 15 .,neutral,phrasebank,controlled_gold_split,neutral,0.007818231,0.9847579,0.0074238703
phrasebank_sentences_allagree_1269,"ISMS does not disclose its financial results , the daily said .",neutral,phrasebank,controlled_gold_split,neutral,0.0064250682,0.9876847,0.0058902195
phrasebank_sentences_75agree_568,The objective of the planned measures is to achieve significant savings in the next few years .,positive,phrasebank,controlled_gold_split,positive,0.004337193,0.08790534,0.9077575
phrasebank_sentences_50agree_186,"Editor 's note : Grimaldi generated a 1.7 bln euro ( $ 2.182 bln ) turnover in 2005 , ANSA reported on May 29 , 2006 .",neutral,phrasebank,controlled_gold_split,neutral,0.0062234644,0.9851361,0.008640424
phrasebank_sentences_50agree_139,"A structures BIM ( building information modeling ) software from Tekla , a model-based software provider , has been adopted for the construction management and delivery of a university project in Abu Dhabi .",neutral,phrasebank,controlled_gold_split,neutral,0.0027011377,0.8536595,0.14363937
phrasebank_sentences_allagree_1610,"Cargotec 's sales totalled EUR 3.4 billion in 2008 and it employs approximately 11,000 people .",neutral,phrasebank,controlled_gold_split,neutral,0.0038037405,0.9869098,0.009286512
phrasebank_sentences_75agree_1814,"Swedbank Hypotek - Is to issue a benchmark , fixed rate covered deal in Euros , maturing January 2010 .",neutral,phrasebank,controlled_gold_split,neutral,0.0026705447,0.9752297,0.02209969
phrasebank_sentences_75agree_870,LSC 's 30 employees will move to Ixonos with their existing status and benefits .,neutral,phrasebank,controlled_gold_split,neutral,0.003382262,0.9789822,0.017635465
phrasebank_sentences_50agree_713,Both loans will be used to finance strategic investments such as shopping center redevelopment projects and refinancing of maturing debt .,positive,phrasebank,controlled_gold_split,neutral,0.0048113805,0.55612,0.43906873
phrasebank_sentences_allagree_176,Orders received grew by 55 % year-on-year to EUR732m .,positive,phrasebank,controlled_gold_split,positive,0.009447118,0.011745652,0.9788072
phrasebank_sentences_66agree_404,The companies ' aim is to finalize the negotiations and sign the contracts at the start of October 2008 .,neutral,phrasebank,controlled_gold_split,neutral,0.0028721173,0.9219895,0.0751384
phrasebank_sentences_66agree_3089,Earnings per share EPS in 2005 amounted to a loss of EUR1 .26 .,neutral,phrasebank,controlled_gold_split,negative,0.8766995,0.11755272,0.0057478193
phrasebank_sentences_75agree_1344,CORPORATE IT UPDATE - ( C ) 1995-2009 M2 COMMUNICATIONS LTD Finnish technology group Teleste Corporation ( OMX Helsinki : TLT1V ) reported on Wednesday ( 4 February ) an operating profit of EUR5 .6 m on net sales of EUR108 .7 m for the year 2008 .,neutral,phrasebank,controlled_gold_split,neutral,0.0053457874,0.9835344,0.011119839
phrasebank_sentences_66agree_367,YIT Construction and the town of Riihim+ñki have signed a lease contract whereby the town will occupy the Travel Centre office facilities .,positive,phrasebank,controlled_gold_split,positive,0.0068564108,0.05019456,0.942949
phrasebank_sentences_50agree_2420,Benefon 's target is to lay off temporarily of permanently up to 20 % of the Salo plant 's staff .,negative,phrasebank,controlled_gold_split,negative,0.96695364,0.025932532,0.007113833
phrasebank_sentences_allagree_1044,"The business area has operations in Finland , Sweden , Denmark , Estonia , Latvia and Lithuania .",neutral,phrasebank,controlled_gold_split,neutral,0.0049762665,0.9870483,0.007975383
phrasebank_sentences_75agree_2230,The Finnish paints company acquired the remaining 49 pct that it did not own from Ukraine 's LGU for an undisclosed sum .,neutral,phrasebank,controlled_gold_split,neutral,0.0044018235,0.9855026,0.010095574
phrasebank_sentences_50agree_995,The world 's biggest magazine paper maker said the program to improve efficiency will include closing several of its least competitive mills and would cover all the company 's operations resulting in annual savings of some euro200 million US$ 240 million .,positive,phrasebank,controlled_gold_split,positive,0.0065757115,0.028872078,0.9645523
phrasebank_sentences_50agree_500,One of the challenges in the oil production in the North Sea is scale formation that can plug pipelines and halt production .,negative,phrasebank,controlled_gold_split,neutral,0.15596056,0.82459,0.019449396
phrasebank_sentences_75agree_1055,Pharmaceuticals - Netherlands This brand-new market analysis gives a clear overview of the actual situation and future outlook of the pharmaceutical market in Netherlands .,neutral,phrasebank,controlled_gold_split,neutral,0.0036125768,0.9822934,0.014094004
phrasebank_sentences_allagree_2198,"In September alone , the market declined by 10.2 percent year-on-year to 19.28 million liters .",negative,phrasebank,controlled_gold_split,negative,0.97586596,0.019534701,0.0045992965
phrasebank_sentences_75agree_936,"The important thing now is to keep the bank 's existing 15,000 customers .",neutral,phrasebank,controlled_gold_split,neutral,0.0029560428,0.86232543,0.1347185
phrasebank_sentences_75agree_1349,Elektrobit ( EB ) has renewed its IT infrastructure contract with ICT services provider Fujitsu Services for EB 's Patja service .,positive,phrasebank,controlled_gold_split,positive,0.00767491,0.018037425,0.9742877
phrasebank_sentences_allagree_1252,"In addition , MIDs are always online and enable full Internet browsing .",neutral,phrasebank,controlled_gold_split,neutral,0.0031466573,0.9828744,0.013978937
phrasebank_sentences_allagree_697,The deal was worth about EUR 1.2 mn .,neutral,phrasebank,controlled_gold_split,neutral,0.0035811139,0.9832941,0.01312478
phrasebank_sentences_allagree_1523,"The transaction is subject to a final agreement between the parties , approvals of their decision-making bodies and approval by the Finnish Competition Authority .",neutral,phrasebank,controlled_gold_split,neutral,0.002808085,0.96709776,0.030094093
phrasebank_sentences_75agree_2498,"Economic development in China is no longer taking place only on the East coast and in the Shanghai area , Vauramo says .",neutral,phrasebank,controlled_gold_split,neutral,0.002935776,0.9685498,0.0285144
phrasebank_sentences_allagree_1785,The final outcome of the rights offering is to be reported around 23 October 2009 .,neutral,phrasebank,controlled_gold_split,neutral,0.003478878,0.98747116,0.009049998
phrasebank_sentences_75agree_2400,"Upon completion of these transactions , Metso 's stake will amount to more than 60 % .",neutral,phrasebank,controlled_gold_split,neutral,0.0025369998,0.9728218,0.024641195
phrasebank_sentences_75agree_2278,The order is a follow-on to an 11 mln euro ( $ 16.1 mln ) deal made in July 2007 .,neutral,phrasebank,controlled_gold_split,neutral,0.0028233873,0.94613993,0.051036697
phrasebank_sentences_75agree_2120,"SAN FRANCISCO ( MarketWatch ) -- Nokia Corp , the world 's largest cell-phone maker , is using the Consumer Electronics Show in Las Vegas to introduce a high-end , thin folding phone , according to a media report Monday .",neutral,phrasebank,controlled_gold_split,neutral,0.0039111516,0.90964156,0.0864473
phrasebank_sentences_allagree_930,All YIT Capital Markets Day materials will be available on the company 's Internet site at www.yitgroup.com/investors at 10:30 on September 26 .,neutral,phrasebank,controlled_gold_split,neutral,0.004458935,0.9885875,0.0069535053
phrasebank_sentences_allagree_1945,Atria said its offer would give the Swedish company continued ownership and control of its slaughtering and cutting operations .,neutral,phrasebank,controlled_gold_split,neutral,0.0029409593,0.8646541,0.13240491
phrasebank_sentences_allagree_1041,The Board of Directors was authorized to decide on other terms of the share issue .,neutral,phrasebank,controlled_gold_split,neutral,0.003294887,0.9687103,0.027994843
phrasebank_sentences_allagree_593,Shuweihat 2 got under way in July 2008 when the project was awarded to desalination and power contractors .,neutral,phrasebank,controlled_gold_split,positive,0.004405171,0.4208807,0.5747142
phrasebank_sentences_75agree_1436,"The Group 's revenue amounts to over EUR 80 million , about half of which is accounted for by exports .",neutral,phrasebank,controlled_gold_split,neutral,0.0029241105,0.97607285,0.021003101
phrasebank_sentences_66agree_2880,The sale of the food potato business is part of Raisio 's plan to streamline and clarify its business operations .,neutral,phrasebank,controlled_gold_split,positive,0.0042291004,0.24603303,0.74973786
phrasebank_sentences_66agree_1432,"Via the plant , the Belgian company will feed 8.4 MW of electricity into the distribution grid and will be able to deliver up to 14 MW of heat .",neutral,phrasebank,controlled_gold_split,positive,0.003824706,0.32406196,0.6721133
phrasebank_sentences_75agree_3041,"`` Soon after , the collisions started . ''",neutral,phrasebank,controlled_gold_split,neutral,0.04832703,0.84333646,0.108336486
phrasebank_sentences_66agree_1765,"However , he expects banks to provide alternative financing .",positive,phrasebank,controlled_gold_split,positive,0.0040814485,0.14667791,0.84924066
phrasebank_sentences_75agree_2330,The shares subscribed will be eligible for trade on the following day from the registration .,neutral,phrasebank,controlled_gold_split,neutral,0.0030503364,0.9811147,0.01583503
phrasebank_sentences_66agree_1666,Both companies ' existing investment plans will be coordinated .,neutral,phrasebank,controlled_gold_split,positive,0.0044649397,0.39453232,0.60100275
phrasebank_sentences_allagree_114,"EUR928 ,000 in Q1 2010 6 May 2010 - Finnish textile and clothing design company Marimekko Oyj ( HEL : MMO1V ) said today its net profit rose to EUR928 ,000 in the first quarter of 2010 from EUR13 ,000 in the corresponding period a year earlier .",positive,phrasebank,controlled_gold_split,positive,0.01239786,0.012289372,0.9753128
phrasebank_sentences_50agree_3172,"The business goals for 2009 will realize with the temporary lay-offs carried out in the summer of 2009 , and with other savings measures .",neutral,phrasebank,controlled_gold_split,neutral,0.0042200033,0.66734856,0.32843146
phrasebank_sentences_allagree_449,"The original name Componenta +àm+Ñl , as a subsidiary of the Finnish Componenta Group , has been changed to +àm+Ñl Components and the company has seen a 63 % growth in Q1 2010 , in comparison to Q1 2009 .",positive,phrasebank,controlled_gold_split,positive,0.005185089,0.031484585,0.9633304
phrasebank_sentences_66agree_1103,One attractive factor about the tablets for media companies is that they provide a new way of making money .,positive,phrasebank,controlled_gold_split,neutral,0.0041143326,0.5543504,0.44153526
phrasebank_sentences_66agree_1321,"One of the opportunities would be to bring all Baltic meat processing to Rakvere , like processing was concentrated at the Vantaa meat-packing unit in Finland , the paper wrote .",neutral,phrasebank,controlled_gold_split,neutral,0.0032460273,0.8504718,0.14628215
phrasebank_sentences_allagree_1078,"The fish content of the nuggets is 85 % , and the fish comes from Canada and Finland .",neutral,phrasebank,controlled_gold_split,neutral,0.00373511,0.98628867,0.009976168
phrasebank_sentences_66agree_451,The company plans to spend the proceeds from the rights offering for strengthening its balance sheet .,neutral,phrasebank,controlled_gold_split,positive,0.0052514765,0.034210503,0.9605381
phrasebank_sentences_allagree_607,The company is studying the feasibility of focusing most of its processed meat production in the Vantaa facilities and the processing of fresh meat in the Forssa facilities .,neutral,phrasebank,controlled_gold_split,neutral,0.002625634,0.9113543,0.08602004
phrasebank_sentences_allagree_984,"Iso Omena is based in the Matinkyla district of the southern part of the city of Espoo , southern Finland .",neutral,phrasebank,controlled_gold_split,neutral,0.0074867317,0.98633075,0.006182521
phrasebank_sentences_75agree_2941,"It would be premature to talk about dates , volume and the investment procedure , '' he said .",neutral,phrasebank,controlled_gold_split,neutral,0.035049174,0.9568406,0.008110252
phrasebank_sentences_75agree_1290,"For 2009 , Incap expects revenue of some EUR 70 million .",neutral,phrasebank,controlled_gold_split,neutral,0.002845858,0.97247946,0.024674658
phrasebank_sentences_allagree_2156,Net sales fell by 33 % from the third quarter of 2008 to EUR 130.5 mn .,negative,phrasebank,controlled_gold_split,negative,0.9782471,0.016930584,0.0048223543
phrasebank_sentences_allagree_31,"The company 's order book stood at 1.5 bln euro $ 2.2 bln on September 30 , 2007 , up by 24.2 pct on the year , with international orders amounting to 365 mln euro $ 534.3 mln .",positive,phrasebank,controlled_gold_split,positive,0.008555668,0.014064646,0.97737974
phrasebank_sentences_75agree_1128,"Wayne Greensmith , Fiskars Brands UK senior brand manager , said : `` We have launched this as we want to give something back to the community .",neutral,phrasebank,controlled_gold_split,neutral,0.0046393475,0.52947104,0.46588963
phrasebank_sentences_allagree_565,"It is a member of the OneWorld alliance , which includes American Airlines and British Airways .",neutral,phrasebank,controlled_gold_split,neutral,0.0027456998,0.9605038,0.036750518
phrasebank_sentences_allagree_2151,Market share decreased on the route between Helsinki in Finland and Tallinn in Estonia by 0.1 percentage points to 24.8 % .,negative,phrasebank,controlled_gold_split,negative,0.9698183,0.024493255,0.0056884447
phrasebank_sentences_75agree_1087,"The contracts awarded to date , in connection with the system , amount to a total EUR 36 million .",neutral,phrasebank,controlled_gold_split,neutral,0.003060779,0.957919,0.039020207
phrasebank_sentences_allagree_1027,"SSH Communications Security Corporation is headquartered in Helsinki , Finland .",neutral,phrasebank,controlled_gold_split,neutral,0.006095254,0.9867577,0.0071469815
phrasebank_sentences_allagree_1915,EBIT excluding non-recurring items was estimated to increase from 2009 .,positive,phrasebank,controlled_gold_split,positive,0.00904429,0.014651685,0.9763041
phrasebank_sentences_50agree_1911,"Sami Sepp+ñnen , CEO for Elisa Eesti , says the novel network allows fast mobile broadband for sparsely populated areas .",neutral,phrasebank,controlled_gold_split,neutral,0.0025764466,0.92266905,0.07475448
phrasebank_sentences_75agree_2307,The proposed consolidation activities will impact approximately 30 positions .,neutral,phrasebank,controlled_gold_split,neutral,0.0037873613,0.9826601,0.013552511
phrasebank_sentences_75agree_3148,Ramirent made 18 million kroons EUR 1.15 mln loss last year ; the year before the company was 7.3 million kroons in the black .,negative,phrasebank,controlled_gold_split,negative,0.9343823,0.05997417,0.0056435354
phrasebank_sentences_66agree_2683,"Talvivaara Mining Company PLC ( Talvivaara Mining ) ( LSE : TALV ) , a Finland-based nickel mining business , has installed its second production line at its metals recovery plant on June 9 , 2010 .",neutral,phrasebank,controlled_gold_split,neutral,0.0039573372,0.9721185,0.023924137
phrasebank_sentences_75agree_2816,"Under Finnish law , Parliament grants licences to build nuclear power plants .",neutral,phrasebank,controlled_gold_split,neutral,0.003199999,0.9280377,0.06876228
phrasebank_sentences_50agree_2392,After that the two companies sat down and sewed up the present deal .,neutral,phrasebank,controlled_gold_split,neutral,0.003978572,0.9659484,0.030073006
phrasebank_sentences_66agree_3841,The maritime administration said the ships had ignored warnings about the icy conditions .,negative,phrasebank,controlled_gold_split,neutral,0.41015825,0.5054896,0.08435213
phrasebank_sentences_75agree_2782,"The total value of the agreement is USD4 .0 m , the company said .",neutral,phrasebank,controlled_gold_split,neutral,0.0035056763,0.98540753,0.011086749
phrasebank_sentences_50agree_3914,The through service of FESCO is a telling example of strengthening the relationship between logistics companies and operators at the international level .,positive,phrasebank,controlled_gold_split,positive,0.003545286,0.06394049,0.93251425
phrasebank_sentences_allagree_706,"The record date for dividend distribution is March 14 , 2008 .",neutral,phrasebank,controlled_gold_split,neutral,0.005984539,0.98794264,0.0060728486
phrasebank_sentences_66agree_1456,Mr Lee said he hoped that Neste 's move will ` pave the way for more collaboration projects between our two countries ' .,positive,phrasebank,controlled_gold_split,positive,0.005841283,0.036434527,0.9577242
phrasebank_sentences_allagree_862,"Finnish broadband data communication systems provider Teleste Oyj HEL : TLT1V said yesterday it returned to a net profit of EUR 2.7 million USD 3.8 m for the first nine months of 2010 versus a net loss of EUR 579,000 for the same period of 2009 .",positive,phrasebank,controlled_gold_split,positive,0.014040584,0.009298403,0.9766609
phrasebank_sentences_allagree_1407,"The Company serves approximately 3,000 customers in over 100 countries .",neutral,phrasebank,controlled_gold_split,neutral,0.0026125503,0.9785855,0.018801933
phrasebank_sentences_50agree_3152,"Thanks to the development of a system that enables it to trace the origin of all the palm oil that it uses , it knows exactly where and how its palm oil has been produced .",neutral,phrasebank,controlled_gold_split,neutral,0.002928186,0.8986967,0.09837507
phrasebank_sentences_allagree_183,"Pre-tax profit totaled EUR 397.4 mn , up from EUR 164.7 mn .",positive,phrasebank,controlled_gold_split,positive,0.010341399,0.012173252,0.9774853
phrasebank_sentences_66agree_4183,The winner does not have to be present to win .,neutral,phrasebank,controlled_gold_split,neutral,0.0044441624,0.98435044,0.011205403
phrasebank_sentences_allagree_2246,"Qualcomm estimated a first-quarter profit between 46 and 50 cents a share , excluding certain items , below the analyst estimate of 61 cents a share .",negative,phrasebank,controlled_gold_split,negative,0.95321506,0.03947859,0.007306372
phrasebank_sentences_66agree_2582,"Metso Oyj said it has sold its spreader roll manufacturing business and related assets in the town of Nokia , southern Finland , to a group of Finnish investors , who will operate the business under the name of Finbow Oy .",neutral,phrasebank,controlled_gold_split,neutral,0.004848394,0.9864151,0.008736545
phrasebank_sentences_75agree_3426,"Because expenditures must be justified to pass budget approval hurdles , we believe our RoP model can help make it easier for IT and IT security practitioners to make the business case for acquiring enabling security technologies and related control activities .",neutral,phrasebank,controlled_gold_split,positive,0.0037536,0.07597511,0.92027134
phrasebank_sentences_66agree_1747,European traffic grew nearly 30 % .,positive,phrasebank,controlled_gold_split,positive,0.0064749387,0.019330597,0.9741945
phrasebank_sentences_50agree_1702,Finnish plumbing and heating systems supplier Uponor announced a company-wide cost reduction program in August 2008 .,neutral,phrasebank,controlled_gold_split,positive,0.0090139005,0.036782343,0.9542038
phrasebank_sentences_allagree_329,"26 January 2011 - Finnish metal products company Componenta Oyj ( HEL : CTH1V ) said yesterday its net loss narrowed to EUR500 ,000 in the last quarter of 2010 from EUR5 .3 m for the same period a year earlier .",positive,phrasebank,controlled_gold_split,positive,0.019910278,0.011344534,0.96874523
phrasebank_sentences_50agree_3976,"We bring a new , committed leadership and business and strategic know-how to the company that we buy .",neutral,phrasebank,controlled_gold_split,neutral,0.003950412,0.5851491,0.4109005
phrasebank_sentences_75agree_3047,And Ogden reportedly will shell out $ 4.2 million .,neutral,phrasebank,controlled_gold_split,neutral,0.0047748866,0.9800357,0.015189385
phrasebank_sentences_50agree_1892,Being successful requires providing a level of quality that satisfies our customers and partners .,neutral,phrasebank,controlled_gold_split,neutral,0.002964792,0.88021505,0.11682009
phrasebank_sentences_50agree_1162,"Aho is proud of the company 's new product , Lordi-Cola .",neutral,phrasebank,controlled_gold_split,positive,0.0039725215,0.2157305,0.7802969
phrasebank_sentences_allagree_356,"ADPnews - Feb 5 , 2010 - Finnish real estate investor Sponda Oyj HEL : SDA1V said today that it slipped to a net loss of EUR 81.5 million USD 11.8 m in 2009 from a profit of EUR 29.3 million in 2008 .",negative,phrasebank,controlled_gold_split,negative,0.96915215,0.024971377,0.0058764503
phrasebank_sentences_66agree_2849,"The permanent magnet generators and power converters are today the preferred solution in new wind turbine designs , the company said .",neutral,phrasebank,controlled_gold_split,neutral,0.002598791,0.8811414,0.11625981
phrasebank_sentences_75agree_2127,Solidium now holds 5.0 per cent of the shares Solidium Oy has acquired 5.0 per cent of the shares in Tieto Corporation for approximately EUR 58 million .,neutral,phrasebank,controlled_gold_split,neutral,0.003350616,0.98125434,0.015395057
phrasebank_sentences_allagree_1603,"Based on the 2005 calendar year the combined company had EUR15 .8 bn in pro forma annual revenues and is expected to start operations with 60,000 employees .",neutral,phrasebank,controlled_gold_split,neutral,0.0027983154,0.9789098,0.018291913
phrasebank_sentences_allagree_1994,Filmiteollisuus Fine Ab will be transferred to Talentum Oyj in the form of a subsidiary .,neutral,phrasebank,controlled_gold_split,neutral,0.003210458,0.98532945,0.011460135
phrasebank_sentences_allagree_2091,"As part of the transaction , M-real and Sappi have also signed a long-term agreement on the supply of pulp and BCTMP and other smaller services and supplies .",positive,phrasebank,controlled_gold_split,positive,0.007555507,0.031439275,0.9610052
phrasebank_sentences_allagree_1400,The company reiterates its outlook for 2009 .,neutral,phrasebank,controlled_gold_split,neutral,0.0036073118,0.9751314,0.021261303
phrasebank_sentences_75agree_312,"The airline has ordered nine Airbus A350-900 aircraft with deliveries from 2011 , and in doing so becomes the lead airline for the latest variant of Rolls-Royce Trent series engines , called the 1700 .",positive,phrasebank,controlled_gold_split,positive,0.0038554857,0.17489648,0.821248
phrasebank_sentences_allagree_2022,"Finnair 's passenger load factor , which measures the number of sold seats as a share of all available seats , dropped by 1.3 percentage points to 76.7 % in September .",negative,phrasebank,controlled_gold_split,negative,0.9732092,0.021511493,0.005279346
phrasebank_sentences_allagree_766,The Moscow Metro ( www.mosmetro.ru ) was the first metro system in Europe to implement smart cards together with a new type of magnetic card in 1998 .,neutral,phrasebank,controlled_gold_split,neutral,0.0028554972,0.8971705,0.099973984
phrasebank_sentences_75agree_916,"The company designs and manufactures high-quality clothing , interior decoration textiles , bags , and other accessories .",neutral,phrasebank,controlled_gold_split,neutral,0.0040880986,0.98289454,0.01301735
phrasebank_sentences_allagree_1479,The plant is expected to start production in the first half of 2007 .,neutral,phrasebank,controlled_gold_split,neutral,0.0035964213,0.98172796,0.014675644
phrasebank_sentences_66agree_721,"According to Schmardin , Nordea will most likely try to win customers over from other pension fund providers .",positive,phrasebank,controlled_gold_split,positive,0.0038583097,0.088212244,0.9079294
phrasebank_sentences_allagree_1991,"After the split , the company would have 26,885,540 Series A shares and 9,540,000 Series K shares .",neutral,phrasebank,controlled_gold_split,neutral,0.0032151528,0.984845,0.01193991
phrasebank_sentences_75agree_8,"A purchase agreement for 7,200 tons of gasoline with delivery at the Hamina terminal , Finland , was signed with Neste Oil OYj at the average Platts index for this September plus eight US dollars per month .",positive,phrasebank,controlled_gold_split,positive,0.004793244,0.17561284,0.81959397
phrasebank_sentences_75agree_578,"Finnish construction group YIT has been awarded a contract to install heating , air conditioning and cooling systems to the new head office of the automobile association ADAC in Munich in Germany .",positive,phrasebank,controlled_gold_split,positive,0.009142264,0.02117353,0.9696843
phrasebank_sentences_allagree_991,"L&T is operative in Finland , Sweden , Latvia , Russia and Norway .",neutral,phrasebank,controlled_gold_split,neutral,0.0037137656,0.98641545,0.009870845
phrasebank_sentences_allagree_209,"`` BasWare 's product sales grew strongly in the financial period , by 24 percent .",positive,phrasebank,controlled_gold_split,positive,0.0066943048,0.017094506,0.9762112
phrasebank_sentences_allagree_1757,The customer is local company Etera Mutual Pension Insurance Co and the principal tenant of the unit will be media company Alma Media Corp HEL : ALN1V .,neutral,phrasebank,controlled_gold_split,neutral,0.0038538228,0.9872902,0.008856014
phrasebank_sentences_66agree_247,"Press release 9 October 2009 Ruukki has signed a contract to deliver and install the steel structures for a bridge over the Kyronsalmi strait in Savonlinna , Finland .",positive,phrasebank,controlled_gold_split,positive,0.008135645,0.029211875,0.9626525
phrasebank_sentences_66agree_3787,Border Guard Service has banned the mooring of the company car-shipping ferry on its test travel at the railroad-car terminal of the Russian port as the border checkpoint is not yet ready .,negative,phrasebank,controlled_gold_split,negative,0.65145195,0.3366512,0.011896853
phrasebank_sentences_allagree_1712,"Since the registration of the shares subscribed in a directed share issue , the new number of Panostaja shares and voting rights is 41,733,110 .",neutral,phrasebank,controlled_gold_split,neutral,0.003335436,0.98447,0.012194562
phrasebank_sentences_75agree_1314,The company 's net sales in 2010 totalled MEUR 311.4 with an operating margin of 13.9 per cent .,neutral,phrasebank,controlled_gold_split,neutral,0.003807504,0.9821148,0.014077686
phrasebank_sentences_allagree_1652,"In addition to verification of an identity and digital signatures , new state-approved Mobile ID enables to cast votes in elections as well .",neutral,phrasebank,controlled_gold_split,neutral,0.0028625198,0.94253904,0.054598454
phrasebank_sentences_50agree_1855,L&T has also made a commitment to redeem the remaining shares by the end of 2011 .,neutral,phrasebank,controlled_gold_split,neutral,0.002987855,0.88706225,0.10994987
phrasebank_sentences_75agree_71,An individual promotion also generated slightly higher-than-expected revenues .,positive,phrasebank,controlled_gold_split,positive,0.006569006,0.014688282,0.9787427
phrasebank_sentences_allagree_256,The group 's 12-month operating profit grew 31 percent to 337.8 million euros .,positive,phrasebank,controlled_gold_split,positive,0.0075429836,0.016030995,0.97642606
phrasebank_sentences_50agree_1873,The winners included the Honda Odyssey for minivan and the Nissan Armada for large SUV .,neutral,phrasebank,controlled_gold_split,neutral,0.0038636362,0.889858,0.10627838
phrasebank_sentences_allagree_2138,"Finnish financial software solutions developer BasWare Oyj said its net profit fell to 884,000 euro ( $ 1.2 mln ) for the first quarter of 2007 from 2.0 mln euro ( $ 2.7 mln ) a year earlier .",negative,phrasebank,controlled_gold_split,negative,0.9764356,0.019224286,0.004340082
phrasebank_sentences_allagree_925,"According to the Finnish-Russian Chamber of Commerce , all the major construction companies of Finland are operating in Russia .",neutral,phrasebank,controlled_gold_split,neutral,0.0049227406,0.9869769,0.00810039
phrasebank_sentences_allagree_666,"It operates under three distinct brands : United Supermarkets , Market Street and United Supermercado .",neutral,phrasebank,controlled_gold_split,neutral,0.0035875204,0.986979,0.009433415
phrasebank_sentences_allagree_1813,"The remaining amount will be funded through debt , the Danish bank said .",neutral,phrasebank,controlled_gold_split,neutral,0.0030199843,0.9789706,0.018009441
phrasebank_sentences_allagree_234,"October-December sales were 302 mln eur , or a 25.3 pct increase year on year .",positive,phrasebank,controlled_gold_split,positive,0.010898107,0.013816917,0.97528493
phrasebank_sentences_75agree_887,Production at the plant will be based on Neste Oil 's proprietary technology that can use a flexible input of any vegetable oil or animal fat .,neutral,phrasebank,controlled_gold_split,neutral,0.0022768988,0.9514343,0.04628877
phrasebank_sentences_75agree_344,"As earlier reported , Nokian Tyres is building a plant in the town of Vsevolozhsk in Russia 's Leningrad Region with an annual production capacity of 4 million tires .",neutral,phrasebank,controlled_gold_split,neutral,0.0033576032,0.97564846,0.020993968
phrasebank_sentences_50agree_1850,In his turn Fradkov said Russia is interested in adopting Finnish experience in forming technology parks in the framework of implementing the law on special economic zone .,neutral,phrasebank,controlled_gold_split,neutral,0.0035756472,0.66107863,0.33534566
phrasebank_sentences_75agree_1313,"The company reported net sales of EUR550m in 2005 and had some 3,200 employees .",neutral,phrasebank,controlled_gold_split,neutral,0.004937962,0.98713255,0.007929465
phrasebank_sentences_75agree_2605,One of the largest projects of the magazine division of SanomaWSOY - Sanoma Magazines International in 2006 became launch of the Russian magazine Gloriya .,neutral,phrasebank,controlled_gold_split,neutral,0.0027589786,0.97462034,0.022620676
phrasebank_sentences_allagree_1255,"In the fourth quarter of 2006 , OKO Banks expects the operating environment for Banking and Investment Services to remain similar to that in January-September 2006 .",neutral,phrasebank,controlled_gold_split,neutral,0.0052847727,0.6296116,0.36510363
phrasebank_sentences_75agree_2351,The use of validation rule base enables verifying that processing rule bases managed by different administrators fulfil some set requirements .,neutral,phrasebank,controlled_gold_split,neutral,0.0030052594,0.97801024,0.01898455
phrasebank_sentences_allagree_617,"The Lemminkainen Group , headquartered in Helsinki , Finland operates in all sectors of the construction industry : civil engineering , building contracting , technical building services and the building materials industry .",neutral,phrasebank,controlled_gold_split,neutral,0.005652322,0.98747617,0.006871476
phrasebank_sentences_allagree_1474,The order is included in Metso 's fourth quarter 2007 order backlog .,neutral,phrasebank,controlled_gold_split,neutral,0.010601402,0.9826796,0.0067189476
phrasebank_sentences_allagree_1182,"Berling Capital , Umo Capital and Veikko Laine are the biggest shareholders in Amanda Capital .",neutral,phrasebank,controlled_gold_split,neutral,0.003319675,0.98365295,0.013027394
phrasebank_sentences_50agree_270,Previously the company has estimated its operating profit to reach the level of 2005 only .,positive,phrasebank,controlled_gold_split,neutral,0.0043923976,0.95780176,0.03780582
phrasebank_sentences_75agree_1541,"According to the report , Elisa 's and DNA 's joint market share of Finland 's telecom market is 59 % .",neutral,phrasebank,controlled_gold_split,neutral,0.0028453157,0.9760996,0.021055017
phrasebank_sentences_allagree_961,"Ethanol would be made from barley , and production could start in 2008 .",neutral,phrasebank,controlled_gold_split,neutral,0.0027523902,0.97229296,0.024954632
phrasebank_sentences_allagree_658,From Merisatama to the far corners of the world Asfaltti Osakeyhti+Â Lemmink+ñinen was established in 1910 by a group of master builders in Helsinki as a specialist business and subcontractor .,neutral,phrasebank,controlled_gold_split,neutral,0.0039723716,0.98346496,0.012562679
phrasebank_sentences_allagree_1637,"For 2009 , net profit was EUR 3 million and the company paid a dividend of EUR 1.30 apiece .",neutral,phrasebank,controlled_gold_split,neutral,0.0042165704,0.9864377,0.009345738
phrasebank_sentences_50agree_4581,"Operating profit for the 12-month period decreased from EUR5 .4 m while net sales increased from EUR62 .0 m , as compared to the financial year 2004 .",negative,phrasebank,controlled_gold_split,negative,0.6661665,0.1996779,0.13415563
phrasebank_sentences_66agree_494,Lemcon signed an investment cooperation agreement with the Kaluga regional administration last November .,positive,phrasebank,controlled_gold_split,positive,0.0066506327,0.031054,0.9622953
phrasebank_sentences_75agree_1234,"Luxembourg-registered investment fund Amber Trust II has won the final approval of Lithuania 's Competition Council to acquire 29.6 percent of Sanitas , the country 's largest pharmaceutical producer .",positive,phrasebank,controlled_gold_split,positive,0.004665397,0.065418035,0.92991656
phrasebank_sentences_66agree_2864,The prices of stainless steel also rose in Europe .,neutral,phrasebank,controlled_gold_split,positive,0.0053753564,0.07099684,0.92362785
phrasebank_sentences_50agree_1128,"`` Installation of the automatic varnishing line is an important part of the company 's strategy in the region of central and eastern Europe , '' said Jozef Misurec , the director of Ruukki Slovakia .",positive,phrasebank,controlled_gold_split,neutral,0.0039831707,0.5467289,0.44928795
phrasebank_sentences_75agree_704,"The launch of the plant in June went well , and it has been producing the advanced fuel for a couple of weeks .",positive,phrasebank,controlled_gold_split,positive,0.004065208,0.18088746,0.8150473
phrasebank_sentences_allagree_1781,"The facility will have a lettable area of some 19,000 sq m. The plot for the plant , located in the Ratasmaki business park , will be purchased from the City of Forssa .",neutral,phrasebank,controlled_gold_split,neutral,0.0028372572,0.98288697,0.014275725
phrasebank_sentences_75agree_1365,"In 2007 , Huhtamaki will continue to invest in organic growth .",neutral,phrasebank,controlled_gold_split,neutral,0.0039320937,0.66127646,0.33479148
phrasebank_sentences_50agree_1806,It helps our stakeholders get a better understanding of our operations and the challenges in stainless steel business .,neutral,phrasebank,controlled_gold_split,positive,0.0033193633,0.17488497,0.82179564
phrasebank_sentences_66agree_2389,"As a result , the company has decided it will implement fixed-term temporary lay-offs .",negative,phrasebank,controlled_gold_split,negative,0.8607014,0.103072554,0.036226064
phrasebank_sentences_allagree_241,Production capacity will increase from 36 000 to 85 000 tonnes per year and the raw material will continue to be recycled paper and board .,positive,phrasebank,controlled_gold_split,positive,0.00496427,0.043453872,0.95158184
phrasebank_sentences_50agree_4296,`` The rest of this week 's tapings of Jimmy Kimmel Live have been canceled until he is back on his feet .,neutral,phrasebank,controlled_gold_split,neutral,0.09176063,0.8997728,0.00846658
phrasebank_sentences_allagree_1930,"Initial estimated total value of the contract was 250 000 Euros , excluding VAT .",neutral,phrasebank,controlled_gold_split,neutral,0.004174883,0.98723364,0.008591438
phrasebank_sentences_allagree_233,"Nevertheless , its market share rose to 49.14 percent from 48.51 percent a year earlier .",positive,phrasebank,controlled_gold_split,positive,0.009647869,0.013901147,0.9764509
phrasebank_sentences_75agree_1707,The category was marked by maturity and the recession .,neutral,phrasebank,controlled_gold_split,neutral,0.009759817,0.97913754,0.011102607
phrasebank_sentences_66agree_3041,"ALEXANDRIA , Va. , Nov. 5 -- Risto Kontturi of Rajamaki , Finland , and Jari Ylinen of Hyvinkaa , Finland , have developed an automated transportation system with a user-controlled transport selection .",neutral,phrasebank,controlled_gold_split,neutral,0.00322857,0.97743326,0.019338124
phrasebank_sentences_50agree_324,Componenta 's objective with this agreement is to increase business on its existing production lines .,positive,phrasebank,controlled_gold_split,positive,0.0043366137,0.038878955,0.9567845
phrasebank_sentences_75agree_1062,RusHydro has an agreement to transfer its stakes in OESK and the five ERCs into the trust management of Inter RAO .,neutral,phrasebank,controlled_gold_split,neutral,0.0047820536,0.52382576,0.47139215
phrasebank_sentences_75agree_1429,"The company targets sales of Ls 27.1 mn ( Ls 23.498 mn ) and a profit of Ls 300,000 ( Ls 371,500 ) in 2007 .",neutral,phrasebank,controlled_gold_split,neutral,0.0031451646,0.9785781,0.018276788
phrasebank_sentences_allagree_809,"The price of raw material aluminium went up at the end of 2005 , but the company considers its outlook for 2006 favourable .",positive,phrasebank,controlled_gold_split,positive,0.0050009415,0.030754382,0.9642446
phrasebank_sentences_66agree_1466,"`` I 'm pleased to receive the Nomination Committee 's request and confidence , '' says Jon Risfelt .",positive,phrasebank,controlled_gold_split,positive,0.0067344285,0.050668243,0.9425973
phrasebank_sentences_66agree_397,"KAUKO-TELKO LTD PRESS RELEASE 19.06.2007 AT 14.00 1 ( 1 ) Telko Group ( Kauko-Telko ) is expanding its strategic partnership with BP Industrial Lubricants & Services ( BP ILS ) by acquiring total ownership of BP 's Swedish retail company , Molub-Alloy AB .",positive,phrasebank,controlled_gold_split,positive,0.006609749,0.03701051,0.9563797
phrasebank_sentences_75agree_3060,"In the spring 2006 , a total of 386,530 Stock Options 2002 B were annulled .",neutral,phrasebank,controlled_gold_split,neutral,0.051990893,0.93956476,0.008444393
phrasebank_sentences_66agree_425,"Baltic Pearl CJSC , a subsidiary of Shanghai Foreign Joint Investment Company , is developing a project in St Petersburg , comprising about a million square meters of residential space , two hospitals and several schools and nurseries .",neutral,phrasebank,controlled_gold_split,neutral,0.002556884,0.95028126,0.047161795
phrasebank_sentences_66agree_1922,"Tectia Corporation HEL : TEC1V , a provider of real-time security solutions , today announced that it has appointed LAN2LAN , a provider of IT services in the UK , to distribute its data security and manage file transfer software .",positive,phrasebank,controlled_gold_split,positive,0.0048010214,0.30660704,0.688592
phrasebank_sentences_75agree_767,The first phase will be completed by the end of 2012 .,neutral,phrasebank,controlled_gold_split,neutral,0.0032072936,0.98052067,0.016272083
phrasebank_sentences_allagree_894,Comptel Corporation will publish its financial statements for 2008 on 12 February 2009 .,neutral,phrasebank,controlled_gold_split,neutral,0.0056877853,0.98883164,0.0054805838
phrasebank_sentences_allagree_2016,"Raute reported a loss per share of EUR0 .86 for the first half of 2009 , against EPS of EUR0 .74 in the corresponding period of 2008 .",negative,phrasebank,controlled_gold_split,negative,0.9296668,0.046945456,0.023387672
phrasebank_sentences_66agree_1648,The SeaWind that was en route from the Finnish port of Turku to Stockholm got stuck in ice already around 4 p.m. on Wednesday and the Regal Star 's journey from the Swedish port of Kapellskar to Paldiski in northwestern Estonia was cut short at 2 a.m. on Thursday .,negative,phrasebank,controlled_gold_split,negative,0.913173,0.079772696,0.007054348
phrasebank_sentences_allagree_1491,The properties were purchased from Swedish private equity real estate firm Niam and Goldman Sachs ' Whitehall Street Real Estate Funds .,neutral,phrasebank,controlled_gold_split,neutral,0.00315033,0.9782727,0.018576944
phrasebank_sentences_50agree_2456,Finnish food company Raisio Oyj HEL : RAIVV said today it will buy British snacks and confectionery company Big Bear Group plc for an enterprise value of EUR 95.3 million USD 129.9 m .,positive,phrasebank,controlled_gold_split,neutral,0.003739657,0.9817203,0.014540009
phrasebank_sentences_75agree_1194,"Neste Oil Corporation is a refining and marketing company concentrating on clean , high-quality traffic fuels .",neutral,phrasebank,controlled_gold_split,neutral,0.0024322998,0.9622805,0.035287183
phrasebank_sentences_66agree_145,"Besides we have increased the share of meat in various sausages and are offering a number of new tastes in the grill products and shish kebabs segment , '' Paavel said .",positive,phrasebank,controlled_gold_split,positive,0.004725112,0.034880042,0.9603948
phrasebank_sentences_75agree_2516,"Following the acquisitions , Panostaja will establish a new business unit which will focus on heat treatment of metals .",neutral,phrasebank,controlled_gold_split,neutral,0.0023831588,0.9428391,0.05477775
phrasebank_sentences_allagree_788,Mr Skogster currently serves as the manager responsible for ABB Oy 's system modules for low voltage drives .,neutral,phrasebank,controlled_gold_split,neutral,0.0035672344,0.98523915,0.011193635
phrasebank_sentences_allagree_446,"The Australian company Mirabela Nickel has awarded Outokumpu Technology a contract for grinding technology for its nickel sulfide project in Bahia State , Brazil .",positive,phrasebank,controlled_gold_split,positive,0.008842626,0.019695006,0.9714624
phrasebank_sentences_allagree_316,The robust growth was the result of the inclusion of clothing chain Lindex in the Group in December 2007 .,positive,phrasebank,controlled_gold_split,positive,0.004575816,0.035851266,0.95957285
phrasebank_sentences_75agree_3229,"In Asia earlier , Japan 's Nikkei index fell 0.62 percent and Hong Kong 's Hang Seng Index rose 0.56 percent .",neutral,phrasebank,controlled_gold_split,neutral,0.10382746,0.5957379,0.30043468
phrasebank_sentences_allagree_1662,It is estimated that the consolidated turnover of Kausta Guder will reach Lt 53mn US$ 22.53 mn EUR 15.35 mn in 2007 .,neutral,phrasebank,controlled_gold_split,neutral,0.004175301,0.9825232,0.013301514
phrasebank_sentences_allagree_1841,The value of this kind of order amounts usually between Euro 2 and 3 million .,neutral,phrasebank,controlled_gold_split,neutral,0.006415164,0.9871257,0.006459168
phrasebank_sentences_allagree_601,The agreement is valid for four years .,neutral,phrasebank,controlled_gold_split,neutral,0.0028273636,0.95490354,0.042269114
phrasebank_sentences_75agree_1056,Pharmaceuticals - Poland This brand-new market analysis gives a clear overview of the actual situation and future outlook of the pharmaceutical market in Poland .,neutral,phrasebank,controlled_gold_split,neutral,0.003547094,0.9815918,0.014861083
phrasebank_sentences_66agree_1947,The carrier said its Area travel agency is to sell most of its outlets to sister chain Suomen Matkatoimisto (SMT)and use its remaining bricks-and-mortar presence to primarily target business customers going forward .,neutral,phrasebank,controlled_gold_split,neutral,0.003093213,0.9661808,0.030725988
phrasebank_sentences_50agree_895,The companies have agreed on long-term cooperation to mechanise harvesting in Stora Enso 's eucalyptus plantations in Southern China .,positive,phrasebank,controlled_gold_split,positive,0.00827595,0.025767036,0.9659571
phrasebank_sentences_75agree_1397,Net sales of the Lehdentekijat unit was approximately EUR 14 million in 2007 and it had 70 employees .,neutral,phrasebank,controlled_gold_split,neutral,0.0052596955,0.9877451,0.006995236
phrasebank_sentences_allagree_30,The agreement strengthens our long-term partnership with Nokia Siemens Networks .,positive,phrasebank,controlled_gold_split,positive,0.0056188675,0.025132881,0.96924824
phrasebank_sentences_75agree_1283,Aspo 's net sales in 2006 totaled EUR 225.9 million .,neutral,phrasebank,controlled_gold_split,neutral,0.004469899,0.9871547,0.008375372
phrasebank_sentences_allagree_559,"Goodwill and other intangible assets account for some 2.0 mln euro ( $ 2.6 mln ) of the purchase price , 20 pct of which payable in Aspo shares .",neutral,phrasebank,controlled_gold_split,neutral,0.0041356897,0.98659885,0.009265472
phrasebank_sentences_allagree_717,"Thus the group 's balance sheet will have about EUR 25.8 million of goodwill , the company added .",neutral,phrasebank,controlled_gold_split,neutral,0.0026180877,0.9654559,0.031926
phrasebank_sentences_allagree_1232,"Founded in 1985 , Quatrocon 's clientele consists of public sector builders , central trading companies and major construction firms .",neutral,phrasebank,controlled_gold_split,neutral,0.003781636,0.98694056,0.009277737
phrasebank_sentences_50agree_3495,A profit is still on target .,positive,phrasebank,controlled_gold_split,neutral,0.0064767273,0.67499125,0.31853205
phrasebank_sentences_allagree_282,"The broad-based WIG index ended Thursday 's session 0.1 pct up at 65,003.34 pts , while the blue-chip WIG20 was 1.13 down at 3,687.15 pts .",neutral,phrasebank,controlled_gold_split,positive,0.027651714,0.05216717,0.92018116
phrasebank_sentences_66agree_3650,"In addition , the production at the Varpaisj+â rvi factory will be stopped at the beginning of April 2009 .",negative,phrasebank,controlled_gold_split,neutral,0.20770895,0.7831203,0.009170765
phrasebank_sentences_66agree_4008,"Capacity will ease at its Seikku sawmill in Pori and Alholma sawmill in Pietarsaari and result in 60 people being laid off for around six weeks starting mid-May , it said .",negative,phrasebank,controlled_gold_split,negative,0.97505516,0.015320223,0.009624674
phrasebank_sentences_66agree_3847,"`` We cut our frequency to New York last year , which explains the fall , '' he said .",negative,phrasebank,controlled_gold_split,neutral,0.15426016,0.43837476,0.4073651
phrasebank_sentences_allagree_963,Exel is headquartered in Mantyharju in Finland .,neutral,phrasebank,controlled_gold_split,neutral,0.0075700656,0.9856904,0.0067395335
phrasebank_sentences_75agree_1272,"It 's even a little bit higher than Yara 's multiples on itself , ' an analyst in Helsinki said .",neutral,phrasebank,controlled_gold_split,positive,0.008915765,0.26247224,0.72861207
phrasebank_sentences_66agree_3050,Around 50 percent of the world 's ro-ro fleet is over 25 years old and needs to be scrapped for environmental reasons .,neutral,phrasebank,controlled_gold_split,neutral,0.0192316,0.9720491,0.008719301
phrasebank_sentences_allagree_502,"It is necessary to strengthen the company 's operations , however .",neutral,phrasebank,controlled_gold_split,positive,0.0040904186,0.07384423,0.9220654
phrasebank_sentences_allagree_1619,"Currently , the company uses eight similar reach stackers and four empty container handlers by Konecranes .",neutral,phrasebank,controlled_gold_split,neutral,0.0028826674,0.97930294,0.017814364
phrasebank_sentences_allagree_1238,"Helsinki 19 May 2010 - Finnish company Lemminkainen Oyj ( HEL : LEM1S ) said today that it will construct an office building at Toolonlahti in downtown Helsinki , without disclosing financial details .",neutral,phrasebank,controlled_gold_split,neutral,0.004551166,0.9866247,0.008824156
phrasebank_sentences_66agree_4098,The company said that the fall in turnover had been planned .,negative,phrasebank,controlled_gold_split,negative,0.93777347,0.051028054,0.011198435
phrasebank_sentences_75agree_331,"At the same time , the market for automated liquid handling devices is already larger than that for pipettes , according to Biohit .",neutral,phrasebank,controlled_gold_split,neutral,0.0052511543,0.82636917,0.16837966
phrasebank_sentences_allagree_358,"Profit before taxes amounted to EUR 56.5 mn , down from EUR 232.9 mn a year ago .",negative,phrasebank,controlled_gold_split,negative,0.97862566,0.0144165335,0.006957778
phrasebank_sentences_50agree_1814,Technopolis said before the protocol was signed that the techno-park would be built at a site covering more than six hectares in the Neudorf special economic zone and that it planned to invest 200 million euros in the project until 2009 inclusive .,neutral,phrasebank,controlled_gold_split,neutral,0.002619645,0.9529126,0.04446778
phrasebank_sentences_75agree_266,"Finnish Larox has signed a contract with the Talvivaara Project for the delivery of filters to the Talvivaara nickel mine in Sotkamo , in Finland .",positive,phrasebank,controlled_gold_split,positive,0.007914884,0.025825497,0.9662596
phrasebank_sentences_75agree_1358,"For Telenor , the three and a half year contract is worth an estimated 12.6 m. YIT has chosen Telenor and Elisa as its principal suppliers of ICT solutions in Norway , Sweden , Denmark and Finland .",positive,phrasebank,controlled_gold_split,positive,0.0034959083,0.21915449,0.7773496
phrasebank_sentences_allagree_2054,"YIT lodged counter claims against Neste Oil totaling some EUR25m , primarily based on work carried out under the contract and additional costs incurred due to prolongation of the project .",negative,phrasebank,controlled_gold_split,negative,0.9050408,0.06980629,0.025152875
phrasebank_sentences_allagree_1278,"Janis Arbidans , CEO of YIT Celtnieciba , said the company was focusing on housing and real estate development market .",neutral,phrasebank,controlled_gold_split,neutral,0.0028266741,0.97922075,0.017952576
phrasebank_sentences_allagree_2248,"Operating margin , however , slipped to 14.4 % from 15.1 % , dragged down by a poor performance in enterprise solutions .",negative,phrasebank,controlled_gold_split,negative,0.98076606,0.013310181,0.0059236865
phrasebank_sentences_allagree_1730,"The business transfer will take effect from 1 January 2007 , and in connection with this 47 employees will transfer from Elisa to Daxtum as continuing employees .",neutral,phrasebank,controlled_gold_split,neutral,0.0029015427,0.9742314,0.022867022
phrasebank_sentences_allagree_2171,Revenue in the quarter fell 8 percent to ( EURO ) 2.4 billion compared to a year earlier .,negative,phrasebank,controlled_gold_split,negative,0.9783281,0.014092049,0.007579851
phrasebank_sentences_allagree_1042,The bridge will be 1.2 km long and is located between Anasmotet by the road E20 and the new traffic junction in Marieholm by the road E45 .,neutral,phrasebank,controlled_gold_split,neutral,0.0030645216,0.9780066,0.018928945
phrasebank_sentences_allagree_2219,The company said that sales in the three months to the end of March slid to EUR86 .4 m US$ 113.4 m from EUR91 .2 m last year .,negative,phrasebank,controlled_gold_split,negative,0.9739925,0.020744529,0.0052629965
phrasebank_sentences_66agree_1066,"In Finland , 71 % of paper and paperboard is reclaimed .",neutral,phrasebank,controlled_gold_split,neutral,0.003327638,0.9821683,0.01450409
phrasebank_sentences_75agree_1392,Net profit in the same period in 2006 was (  x20ac ) 172 million .,neutral,phrasebank,controlled_gold_split,neutral,0.0077277375,0.9848333,0.0074389535
phrasebank_sentences_75agree_455,"The Vuokatti unit will be developed to focus especially on the manufacture of prototypes , the ramp-up of new products and the demanding testing and after-sales services .",neutral,phrasebank,controlled_gold_split,neutral,0.002437866,0.9403022,0.057259984
phrasebank_sentences_allagree_207,Total operating revenue grew by 27.6 % year-on-year to EUR61m .,positive,phrasebank,controlled_gold_split,positive,0.008376597,0.013918992,0.9777044
phrasebank_sentences_75agree_3111,"In Q1 of 2009 , the company 's result before taxes from continuing operations , excluding non-recurring items , totalled EUR -0.4 mn , compared to EUR -0.1 mn in the corresponding period in 2008 .",negative,phrasebank,controlled_gold_split,positive,0.21862118,0.021905266,0.75947356
phrasebank_sentences_allagree_195,That would be an increase from estimated sales of 117 million last year .,positive,phrasebank,controlled_gold_split,positive,0.007170249,0.02010946,0.9727203
phrasebank_sentences_75agree_3447,The company said that its comparable operating profit for the January-June period fell short of last year 's corresponding performance .,negative,phrasebank,controlled_gold_split,negative,0.95995784,0.031589568,0.008452544
phrasebank_sentences_allagree_2076,BioTie North-American licensing partner Somaxon Pharmaceuticals started a phase II-III clinical study in patients suffering from pathological gambling and a pilot phase II study in nicotine addiction smoking cessation .,neutral,phrasebank,controlled_gold_split,neutral,0.003797693,0.75696397,0.23923832
phrasebank_sentences_allagree_1840,The value of the three-year contract is estimated at EUR40m .,neutral,phrasebank,controlled_gold_split,neutral,0.004410086,0.98542583,0.010164032
phrasebank_sentences_75agree_436,"This truly takes efficiency to new heights , '' Mr. Metso adds .",positive,phrasebank,controlled_gold_split,positive,0.0045235497,0.06702715,0.9284493
phrasebank_sentences_allagree_1821,"The tanks will be delivered to a company which is currently building a chemical tank farm in Antwerp , northern Belgium .",neutral,phrasebank,controlled_gold_split,neutral,0.0036499754,0.98473907,0.011610932
phrasebank_sentences_50agree_1447,"Upgrades include a five megapixel camera , voice control , and what looks to be an optical mouse instead a D-pad -- an upgrade click-happy S60 has needed forever .",positive,phrasebank,controlled_gold_split,neutral,0.00478301,0.7586013,0.2366157
phrasebank_sentences_50agree_21,"( Filippova ) A trilateral agreement on investment in the construction of a technology park in St Petersburg was to have been signed in the course of the forum , Days of the Russian Economy , that opened in Helsinki today .",positive,phrasebank,controlled_gold_split,positive,0.0046366,0.23515643,0.760207
phrasebank_sentences_allagree_33,"The world 's second largest stainless steel maker said net profit in the three-month period until Dec. 31 surged to euro603 million US$ 781 million , or euro3 .33 US$ 4.31 per share , from euro172 million , or euro0 .94 per share , the previous year .",positive,phrasebank,controlled_gold_split,positive,0.012992724,0.0117036095,0.97530365
phrasebank_sentences_allagree_1010,"Poyry is a global consulting and engineering firm focusing on the energy , forest industry and infrastructure & environment sectors .",neutral,phrasebank,controlled_gold_split,neutral,0.003830311,0.980309,0.015860701
phrasebank_sentences_allagree_1069,The deal means that ten persons in three countries will transfer to Tieto .,neutral,phrasebank,controlled_gold_split,neutral,0.0027067596,0.9285673,0.06872597
phrasebank_sentences_66agree_796,"The move is aimed at boosting sales , cost-efficiency and market share in Finland .",positive,phrasebank,controlled_gold_split,positive,0.00584346,0.022886734,0.97126985
phrasebank_sentences_allagree_674,"Nokia Siemens Networks provides mobile and fixed network infrastructure , communications and networks service platforms , as well as professional services , to operators and service providers .",neutral,phrasebank,controlled_gold_split,neutral,0.0030682809,0.9830389,0.013892809
phrasebank_sentences_50agree_1300,"O'Leary 's Material Handling Services , located in Perth , is the leading company in Western Australia that supplies , installs and provides service for tail lifts .",positive,phrasebank,controlled_gold_split,neutral,0.0025990198,0.8541068,0.14329422
phrasebank_sentences_allagree_1332,"POYRY PLCCompany Announcement 10 December 2010 at 4.10 p.m. Pursuant to Poyry PLC 's stock option program 2004 , 63 792 new shares of the company have been subscribed since 27 October 2010 with stock options 2004B .",neutral,phrasebank,controlled_gold_split,neutral,0.0034924706,0.9855378,0.01096974
phrasebank_sentences_75agree_1441,"The recovery of demand that started toward the end of 2009 , continued in January-March 2010 .",positive,phrasebank,controlled_gold_split,positive,0.008363521,0.030592492,0.961044
phrasebank_sentences_50agree_3614,"In 2006 , the company intends to invest significantly in expanding its distribution and maintenance network .",positive,phrasebank,controlled_gold_split,positive,0.005697179,0.032434706,0.96186817
phrasebank_sentences_allagree_1421,"The contracts between Raute Corporation and Muling Kemian Wood Products Co. , Ltd. , which were announced on 3 November 2010 , have taken effect .",neutral,phrasebank,controlled_gold_split,neutral,0.005982006,0.8115226,0.18249536
phrasebank_sentences_66agree_68,TELECOMWORLDWIRE-7 April 2006-TJ Group Plc sells stake in Morning Digital Design Oy Finnish IT company TJ Group Plc said on Friday 7 April that it had signed an agreement on selling its shares of Morning Digital Design Oy to Edita Oyj .,positive,phrasebank,controlled_gold_split,positive,0.007830263,0.23448934,0.7576804
phrasebank_sentences_66agree_537,"The 250 sq m 2,691 sq ft store in Copenhagen 's premier shopping district was inaugurated today , further strengthening the company 's presence in Nordic capitals .",positive,phrasebank,controlled_gold_split,positive,0.006002348,0.02512319,0.96887445
phrasebank_sentences_allagree_1498,The report will be emailed within 2 business days of an order .,neutral,phrasebank,controlled_gold_split,neutral,0.0052286615,0.9886524,0.0061188973
phrasebank_sentences_66agree_1373,The GeoSolutions team further provides an intriguing new technology combining GPS and Mobile-based technologies together with Internet-based social networking .,neutral,phrasebank,controlled_gold_split,positive,0.003960306,0.33131814,0.6647215
phrasebank_sentences_75agree_780,The service also enables users to watch e-mails in HTML format en is enhanced with 23 addition languages to choose from .,neutral,phrasebank,controlled_gold_split,neutral,0.002499863,0.9437202,0.05377994
phrasebank_sentences_allagree_162,Operating profit rose to EUR 13.5 mn from EUR 9.7 mn in the corresponding period in 2006 .,positive,phrasebank,controlled_gold_split,positive,0.011730166,0.011707279,0.97656256
phrasebank_sentences_allagree_1266,Investment management and investment advisory services are the company 's sole line of business .,neutral,phrasebank,controlled_gold_split,neutral,0.0036372582,0.98707473,0.009288064
phrasebank_sentences_75agree_1305,Operating profit for the quarter April-June 2006 amounted to EUR42 .9 m on net sales of EUR156 .3 m.,neutral,phrasebank,controlled_gold_split,neutral,0.0055827457,0.98585457,0.008562696
phrasebank_sentences_66agree_1839,"The agreement , which will cover monitoring , maintenance , server capacity service and backups , has a one-year extension option .",neutral,phrasebank,controlled_gold_split,neutral,0.0033106701,0.92877764,0.067911655
phrasebank_sentences_allagree_756,And that 's exactly what happened on a recent weekday when an East Haven baker was brought in to remind residents about the Easter tradition of making wheat and rice pies .,neutral,phrasebank,controlled_gold_split,neutral,0.0065796576,0.9651311,0.028289162
phrasebank_sentences_allagree_2105,"Finnair 's Tallinn-based subsidiary , Aero AS , carried 23,335 passengers , a decline of 60.8 % , on routes between Helsinki and the Baltic capitals and within Southern Finland .",negative,phrasebank,controlled_gold_split,negative,0.971858,0.018464146,0.009677801
phrasebank_sentences_allagree_214,"Earnings per share for January-June 2010 were EUR0 .30 , an increase of 20 % year-on-year EUR0 .25 .",positive,phrasebank,controlled_gold_split,positive,0.008806085,0.014251872,0.97694206
phrasebank_sentences_allagree_1292,"Maggie Ramsey 's wait - and those of thousands of Oregon and Washington guides , anglers and others who flock to his frequent seminars - is nearly over .",neutral,phrasebank,controlled_gold_split,neutral,0.010266291,0.9808663,0.008867399
phrasebank_sentences_75agree_3396,"According to the company , its operating profit , excluding non-recurring items , in the fourth quarter of 2009 was significantly better than expected , and also better than the figures for the fourth quarter of 2008 .",positive,phrasebank,controlled_gold_split,positive,0.012015029,0.008011554,0.97997344
phrasebank_sentences_allagree_133,"In January-September 2009 , the Group 's net interest income increased to EUR 112.4 mn from EUR 74.3 mn in January-September 2008 .",positive,phrasebank,controlled_gold_split,positive,0.012423581,0.014050294,0.973526
phrasebank_sentences_75agree_1031,"In addition to supplying a new headbox and a modern sizing and coating unit , Vaahto Group will provide erection supervision , training and start-up services .",neutral,phrasebank,controlled_gold_split,neutral,0.0029328752,0.7550353,0.2420318
phrasebank_sentences_75agree_264,"`` The transaction strengthens our position ... in design and branded goods , '' said Fiskars president and CEO Heikki Allonen , pointing out that the two groups have relatively few overlapping operations .",positive,phrasebank,controlled_gold_split,positive,0.0059712217,0.020719849,0.9733089
phrasebank_sentences_66agree_725,"And the broker repeated its ` buy ' rating , based on expectations that current restructuring will lead to a clear improvement in performance in Europe in 2007 .",positive,phrasebank,controlled_gold_split,positive,0.006192853,0.019243723,0.9745635
phrasebank_sentences_75agree_2518,"Following the divestment , Fiskars 's Outdoor unit will comprise the brands Gerber , Silva and Buster , and will focus on multi-tools , knives , compasses , mobile lighting , pedometers , and aluminium boats .",neutral,phrasebank,controlled_gold_split,neutral,0.0027031484,0.968043,0.029253785
phrasebank_sentences_allagree_2206,"Operating profit totaled EUR 3.8 mn , down from EUR 4.5 mn in the corresponding period in 2005 .",negative,phrasebank,controlled_gold_split,negative,0.9792606,0.014510662,0.006228781
phrasebank_sentences_allagree_1623,"Customers wave cards in front of the reader to make payments , similar to `` touch and go '' cards used in transport systems .",neutral,phrasebank,controlled_gold_split,neutral,0.005441638,0.98468554,0.009872798
phrasebank_sentences_66agree_1788,It will combine and renew the contents and functionality of the current systems for funding and online service as well as their maintenance .,positive,phrasebank,controlled_gold_split,neutral,0.0036346123,0.6487664,0.34759894
phrasebank_sentences_75agree_2345,"The total value of the order , placed by Aspo ' marine transportation subsidiary ESL Shipping Oy , is EUR 60 million ( USD 77.5 m ) .",neutral,phrasebank,controlled_gold_split,neutral,0.0044850484,0.9866388,0.008876137
phrasebank_sentences_allagree_571,"Jun. 25 , 2008 ( Boy Genius Report delivered by Newstex ) -- The Nokia ( NYSE : NOK ) N78 , huh ?",neutral,phrasebank,controlled_gold_split,neutral,0.004969415,0.98376596,0.01126456
phrasebank_sentences_allagree_1869,"Finnish shipping company Finnlines ' pretax loss totalled EUR 6.5 mn in the third quarter of 2009 , compared to a profit of EUR 0.3 mn in the third quarter of 2008 .",negative,phrasebank,controlled_gold_split,negative,0.95905536,0.015684415,0.0252602
phrasebank_sentences_75agree_1240,"The method utilises waterborne Ultra products , giving protection to wooden surfaces in an industrial painting process whereby two layers of top coat are applied on exterior wooden panels and boards without a separate primer .",neutral,phrasebank,controlled_gold_split,neutral,0.003068763,0.96795034,0.028980868
phrasebank_sentences_allagree_1209,"Den Bosch-based TomTom is Europe 's largest maker of automotive navigation devices , while Cayman Islands-based Garmin is larger in the U.S. and overall .",neutral,phrasebank,controlled_gold_split,neutral,0.0031860794,0.94038665,0.056427233
phrasebank_sentences_allagree_2236,The hull of the vessel was built one block at a time and Ruukki delivered the plate material for each block as construction progressed .,neutral,phrasebank,controlled_gold_split,neutral,0.004678242,0.9848918,0.010429937
phrasebank_sentences_50agree_616,"QPR has an established international customer base , spread over 70 countries in 2009 , and a variety of organizations including banks , manufacturing companies , service companies and government authorities .",neutral,phrasebank,controlled_gold_split,neutral,0.0023062376,0.9304026,0.06729127
phrasebank_sentences_50agree_4479,"According to Rautaruukki , the company wants to promote the use of emission-free energy sources .",neutral,phrasebank,controlled_gold_split,neutral,0.003285626,0.8150334,0.18168102
phrasebank_sentences_allagree_92,"Both operating profit and net sales for the nine-month period increased , respectively by 26.6 % and 3.4 % , as compared to the corresponding period in 2006 .",positive,phrasebank,controlled_gold_split,positive,0.009087866,0.011818138,0.97909397
phrasebank_sentences_75agree_1645,"No price was given for the transaction , which merges two London companies that have worked together on a number of projects including delivery of timetables for Britain 's National Express East Coast rail networks .",neutral,phrasebank,controlled_gold_split,neutral,0.0026343805,0.96202326,0.035342406
phrasebank_sentences_allagree_319,"Bilfinger investors cheered the agreement , pushing shares up 7 % , or & euro ; 3.30 , to & euro ; 50.29 , in afternoon trade .",positive,phrasebank,controlled_gold_split,positive,0.009423665,0.018005637,0.9725707
phrasebank_sentences_allagree_724,"Yara Suomi Ltd also provides nitrogen chemicals and technical nitrates to various sectors of industry , as well as products used in environmental protection .",neutral,phrasebank,controlled_gold_split,neutral,0.0034151229,0.98080117,0.01578366
phrasebank_sentences_66agree_3971,"In the first half of 2008 , the Bank 's operating profit fell to EUR 11.8 mn from EUR 18.9 mn , while net interest income increased to EUR 20.9 mn from EUR 18.8 mn in the first half of 2007 .",negative,phrasebank,controlled_gold_split,positive,0.39082688,0.027180322,0.5819928
phrasebank_sentences_allagree_1288,"Like all other mechanical pipettors from Biohit , also Proline Plus is CE-IVD marked and comes with a 3-year warranty .",neutral,phrasebank,controlled_gold_split,neutral,0.002418019,0.94918615,0.04839586
phrasebank_sentences_allagree_271,It has80 branches in Finland with annual revenue in Finland of ?,neutral,phrasebank,controlled_gold_split,neutral,0.0037614135,0.983582,0.012656535
phrasebank_sentences_66agree_1913,"Order intake , on the other hand , is expected to be stronger than in 2007 .",positive,phrasebank,controlled_gold_split,positive,0.009224316,0.012388454,0.97838724
phrasebank_sentences_allagree_869,It therefore seems that Finnish shipping company Viking Line will get the subsidy it needs to order its new LNG-fuelled vessel .,positive,phrasebank,controlled_gold_split,positive,0.0035151513,0.06099808,0.93548673
phrasebank_sentences_66agree_839,Incap and Lankapaja aim to enter into actual agreement to transfer the sheet-metal production to the buyer in February in order to complete the transfer on 1 March 2011 .,positive,phrasebank,controlled_gold_split,positive,0.00531242,0.3170041,0.6776835
phrasebank_sentences_75agree_2642,"Technopolis has set aside a plot of land measuring 4.6 hectares to build the park , Mikkonen said .",neutral,phrasebank,controlled_gold_split,neutral,0.0029355711,0.96848226,0.028582107
phrasebank_sentences_66agree_1470,"`` We are proud to welcome another distribution facility to north Mississippi and the region known as the logistics center of the United States , '' said Gray Swoope , executive director of MDA .",positive,phrasebank,controlled_gold_split,positive,0.0069288067,0.04016564,0.9529055
phrasebank_sentences_allagree_410,The aim is an annual improvement in Ruukki Construction 's operating profit of more than EUR 3 million USD 4.1 m starting in 2009 .,positive,phrasebank,controlled_gold_split,positive,0.0062833405,0.020243295,0.97347337
phrasebank_sentences_allagree_1219,Feed companies Suomen Rehu and Raisio do no import GMO feed .,neutral,phrasebank,controlled_gold_split,neutral,0.0049601407,0.98577315,0.009266762
phrasebank_sentences_allagree_913,"128,538 shares can still be subscribed for with Series E share options , max .",neutral,phrasebank,controlled_gold_split,neutral,0.0026139552,0.9810259,0.016360154
phrasebank_sentences_50agree_4021,Finnish home decoration and arts and crafts retailer Tiimari Plc ( OMX Helsinki : TII1V ) reported on Monday ( 18 August ) an operating loss of EUR3 .3 m on net sales of EUR33 .9 m for the period January-June 2008 .,neutral,phrasebank,controlled_gold_split,neutral,0.47408465,0.5161239,0.009791386
phrasebank_sentences_allagree_1940,Finnish publishing and printing group Ilkka-Yhtym+ñ will introduced a staff smoking ban as of the beginning of 2007 at the company 's three newspapers .,neutral,phrasebank,controlled_gold_split,neutral,0.060093176,0.9257808,0.014126046
phrasebank_sentences_allagree_802,"Full-year net sales are expected to increase by approximately 10 % , the company said .",positive,phrasebank,controlled_gold_split,positive,0.008755979,0.021756077,0.96948797
phrasebank_sentences_75agree_2107,Radiation and today is a full service house expert in radiation and nuclear safety issues .,neutral,phrasebank,controlled_gold_split,neutral,0.003459026,0.9628458,0.033695158
phrasebank_sentences_50agree_1246,"In addition , YIT has reserved EPI Russia the right to expand the logistics center by about 100,000 m2 .",neutral,phrasebank,controlled_gold_split,positive,0.0037576887,0.25235462,0.74388766
phrasebank_sentences_66agree_667,"Biohit and VWR have been in close cooperation for a number of years in the US , where Biohit is one of VWR 's focus suppliers .",positive,phrasebank,controlled_gold_split,positive,0.00512661,0.08424767,0.91062576
phrasebank_sentences_allagree_2163,Operating profit fell to EUR 6.2 mn from EUR 8.5 mn in the third quarter of 2007 .,negative,phrasebank,controlled_gold_split,negative,0.976722,0.018987339,0.0042907763
phrasebank_sentences_allagree_2210,"Operating profit totalled EUR 30.2 mn , down from EUR 43.8 mn a year earlier .",negative,phrasebank,controlled_gold_split,negative,0.97927684,0.013671727,0.007051361
phrasebank_sentences_allagree_1590,"A total of 15,000 new Citycon shares with a nominal value of EUR 1.35 per share were subscribed between 17 and 23 March 2006 exercising the A-B-C options based on the company 's stock option plan 1999 .",neutral,phrasebank,controlled_gold_split,neutral,0.0032505463,0.98408645,0.012663025
phrasebank_sentences_75agree_2060,Neither of the companies use genetically engineered soy at the moment .,neutral,phrasebank,controlled_gold_split,neutral,0.0030415966,0.9821326,0.014825772
phrasebank_sentences_75agree_1169,The concept enables a commercially affordable way to manufacture high-quality TCO coated glass for the solar industry .,positive,phrasebank,controlled_gold_split,positive,0.0032863815,0.13902588,0.85768783
phrasebank_sentences_allagree_1987,"`` I 'm trying to deal with slavery from a different perspective to balance the story , '' says DeRamus , formerly a writer at the Detroit Free Press and the Detroit News .",neutral,phrasebank,controlled_gold_split,neutral,0.0050215838,0.93660444,0.05837399
phrasebank_sentences_allagree_2043,"Therefore , the company 's 2005 result will remain weaker than that of 2004 .",negative,phrasebank,controlled_gold_split,negative,0.94818676,0.039772063,0.012041277
phrasebank_sentences_allagree_1723,The bank 's leasing arm Nordea Liising ended the year with a profit of 4.4 million euros .,neutral,phrasebank,controlled_gold_split,neutral,0.0058514024,0.9754436,0.018704997
phrasebank_sentences_50agree_3496,A spokeswoman for the Italian fashion house declined comment on the settlement .,neutral,phrasebank,controlled_gold_split,neutral,0.018274846,0.9727576,0.00896754
phrasebank_sentences_allagree_960,"Erkki Jarvinen , President of Rautakirja and the head of the Sanoma Trade division , will leave his current tasks in spring 2009 for a similar position outside the Sanoma Group .",neutral,phrasebank,controlled_gold_split,neutral,0.011324688,0.98132056,0.0073547363
phrasebank_sentences_allagree_148,"( ADP News ) - Nov 5 , 2008 - Finnish electronic measurement products and solutions maker Vaisala Oyj ( OMX : VAIAS ) said today that its net profit rose to EUR 18 million ( USD 23.1 m ) for the first nine months of 2008 from EUR 1",positive,phrasebank,controlled_gold_split,positive,0.011485588,0.013454264,0.9750602
phrasebank_sentences_allagree_367,"Finnish Sampo Bank , of Danish Danske Bank group , reports profit before taxes of EUR 152.3 mn in 2010 , up from EUR 32.7 mn in 2009 .",positive,phrasebank,controlled_gold_split,positive,0.010153031,0.011238381,0.97860855
phrasebank_sentences_allagree_1508,"The share capital of Biotie Therapies Corp. constitutes 90,211,860 shares in the aggregate and the number of voting rights attached to the shares amounts to 90,211,860 .",neutral,phrasebank,controlled_gold_split,neutral,0.0044822064,0.9889065,0.0066113463
phrasebank_sentences_allagree_177,Orion Pharma 's operating profit increased by 42.5 % from 2004 .,positive,phrasebank,controlled_gold_split,positive,0.008011906,0.013883948,0.9781042
phrasebank_sentences_75agree_1413,Scanfil expects net sales in 2008 to remain at the 2007 level .,neutral,phrasebank,controlled_gold_split,neutral,0.0041216565,0.9418968,0.053981576
phrasebank_sentences_66agree_647,"At the moment , Valio is not worried , but if the ban continues for long , it may become quite a problem .",negative,phrasebank,controlled_gold_split,neutral,0.38678384,0.58148247,0.03173365
phrasebank_sentences_66agree_3701,"The largest restructuring is planned for Italy , where negotiations on about 40 job cuts are to be initiated today , the company noted .",negative,phrasebank,controlled_gold_split,negative,0.9287965,0.0569899,0.014213642
phrasebank_sentences_50agree_1847,"Higher bit rates for outgoing traffic improves the end-user experience of mobile broadband services such as video conferencing , file sharing and sending e-mails with attachments .",positive,phrasebank,controlled_gold_split,positive,0.0056970273,0.023021508,0.9712815
phrasebank_sentences_66agree_995,Finnish Raisio ( Diagnostics ) is launching new DNA-based quick tests to ensure the safety of food .,positive,phrasebank,controlled_gold_split,neutral,0.0040233172,0.67069715,0.32527953
phrasebank_sentences_50agree_1817,"The company 's objective is to offer the best people flow experience by developing and delivering solutions that enable people to move smoothly , safely , comfortably and without waiting in buildings in an increasingly urbanizing environment .",neutral,phrasebank,controlled_gold_split,positive,0.0036064521,0.22819157,0.76820195
phrasebank_sentences_allagree_1316,Odell has not contacted the State of Finland in this issue .,neutral,phrasebank,controlled_gold_split,neutral,0.0076771276,0.98605704,0.006265889
phrasebank_sentences_75agree_64,"`` The change will optimize the operational efficiencies of our growing business , '' said Julia Prohaska , director of marketing communications for Fiskars .",positive,phrasebank,controlled_gold_split,positive,0.003954587,0.07089704,0.9251485
phrasebank_sentences_66agree_195,"In addition , Kone signed a two-year maintenance contract for the escalators .",positive,phrasebank,controlled_gold_split,positive,0.006710802,0.039207,0.95408213
phrasebank_sentences_allagree_1838,The value of the deal was not disclosed .,neutral,phrasebank,controlled_gold_split,neutral,0.0043861493,0.98776406,0.007849759
phrasebank_sentences_66agree_847,Outokumpu 's chief executive Juha Rantanen expressed his confidence in China market .,positive,phrasebank,controlled_gold_split,positive,0.004382592,0.12036232,0.87525505
phrasebank_sentences_allagree_1304,"Neste Oil will publish its third quarter 2008 results on Friday , 24 October 2008 at approximately 9 am ( EET ) .",neutral,phrasebank,controlled_gold_split,neutral,0.0055620098,0.98893005,0.0055079577
phrasebank_sentences_66agree_1424,"We can choose the most efficient , best overall value option for our customers already at the bidding stage .",positive,phrasebank,controlled_gold_split,positive,0.0038754563,0.45633087,0.5397936
phrasebank_sentences_66agree_4145,The company 's previous estimate was for a lower revenue than the year-ago EUR 93.9 million .,negative,phrasebank,controlled_gold_split,negative,0.9448826,0.049030498,0.0060868994
phrasebank_sentences_66agree_3066,"CapMan , the Stockholm-headquartered private equity firm , has held a first close on its second private equity real estate fund as it continues its push into the property sector .",neutral,phrasebank,controlled_gold_split,neutral,0.005552384,0.6386423,0.35580525
phrasebank_sentences_allagree_302,Sales rose 10 pct to 566 mln eur on the back of strong volume and favourable currency effects .,positive,phrasebank,controlled_gold_split,positive,0.008931963,0.015523743,0.97554433
phrasebank_sentences_66agree_1360,"The company said production volumes so far indicate the circuit is capable of the targeted output rate of 60,000 tonnes per day , or 22 million tonnes a year .",neutral,phrasebank,controlled_gold_split,positive,0.004854627,0.46337003,0.5317754
phrasebank_sentences_66agree_974,Wellness services will be important in the future .,neutral,phrasebank,controlled_gold_split,neutral,0.003026641,0.85910475,0.1378686
phrasebank_sentences_allagree_504,"Lemminkainen Infra Oy 's subsidiary Lemminkainen Sverige AB will perform the construction work , which is expected to start in early 2011 and to be completed in the summer of 2013 .",neutral,phrasebank,controlled_gold_split,neutral,0.00498752,0.9863864,0.008626081
phrasebank_sentences_50agree_1851,"It combines a perfect price performance with sophisticated management facilities , the company said .",positive,phrasebank,controlled_gold_split,positive,0.0033300929,0.18658355,0.81008637
phrasebank_sentences_50agree_472,Finnish house manufacturers are targeting the strongly growing one-family house market in Russia .,neutral,phrasebank,controlled_gold_split,positive,0.003758887,0.260067,0.7361741
phrasebank_sentences_allagree_776,"Managing Director 's comments : `` Net sales for the first quarter were notably lower than a year before , especially in Finland , Russia and the Baltic countries .",negative,phrasebank,controlled_gold_split,negative,0.97194797,0.022187235,0.005864696
phrasebank_sentences_66agree_3663,"More than 14,000 customers were left powerless .",negative,phrasebank,controlled_gold_split,negative,0.85516626,0.1344508,0.01038293
phrasebank_sentences_66agree_3558,"`` This transaction supports Huhtamaki 's strategic review of rigid plastic consumer goods operations '' , says Huhtam+ñki Oyj 's CEO Jukka Moisio .",neutral,phrasebank,controlled_gold_split,neutral,0.0039654626,0.49947625,0.4965582
phrasebank_sentences_75agree_1170,The purpose of this action is to ensure company 's cost effectiveness this year and in the near future .,positive,phrasebank,controlled_gold_split,positive,0.0043538054,0.4067341,0.58891207
phrasebank_sentences_50agree_1538,"In Finland , the corresponding service is Alma Media 's Etuovi.com , Finland 's most popular and best known nationwide online service for home and property sales .",neutral,phrasebank,controlled_gold_split,neutral,0.0026910116,0.9731539,0.024155142
phrasebank_sentences_allagree_1559,Union and company officials did not return calls yesterday .,neutral,phrasebank,controlled_gold_split,neutral,0.08754693,0.90273315,0.009719916
phrasebank_sentences_allagree_1593,"After non-recurring items of EUR 177mn , profit amounted to EUR 20mn .",neutral,phrasebank,controlled_gold_split,neutral,0.0062208236,0.97800964,0.015769506
phrasebank_sentences_66agree_2779,The Estonian parliament was set to vote on amendments to the excise duty law on Wednesday that would add 0.42 kroons to the price of a liter of diesel and 0.45 kroons to the price of a liter of gasoline from the start of 2010 .,neutral,phrasebank,controlled_gold_split,neutral,0.005821068,0.88441044,0.10976848
phrasebank_sentences_allagree_1152,"Additionally , information on business segments , competitors and future outlook are provided .",neutral,phrasebank,controlled_gold_split,neutral,0.0046040383,0.98549575,0.009900238
phrasebank_sentences_allagree_942,"CapMan said the deal 's effect on its cash flow for 2009 totals EUR3 .4 m , but the transaction would not affect its financial results for 2009 as it was executed at fair value .",neutral,phrasebank,controlled_gold_split,neutral,0.009603833,0.9834517,0.006944455
phrasebank_sentences_50agree_1333,Shareholders of Rakvere Lihakombinaat decided in favor of the buyout of minority shares in mid-July .,positive,phrasebank,controlled_gold_split,positive,0.005267888,0.15841118,0.8363209
phrasebank_sentences_allagree_1644,"In 2007 , the Group 's net sales stood at EUR 42 million and it had about 1,445 employees .",neutral,phrasebank,controlled_gold_split,neutral,0.0046024784,0.98708785,0.008309633
phrasebank_sentences_75agree_3405,Our superior customer centricity and expertise in digital services set us apart from our competitors .,positive,phrasebank,controlled_gold_split,positive,0.0051329527,0.2073507,0.7875164
phrasebank_sentences_66agree_1029,Chief Financial Officer Jim Heindlmeyer said Beyond Oblivion is in advanced talks with the four major recording companies about its service .,neutral,phrasebank,controlled_gold_split,neutral,0.0030532693,0.9135927,0.08335409
phrasebank_sentences_75agree_338,"` This order is included in Wartsila 's order book in the second quarter , ' the company added .",neutral,phrasebank,controlled_gold_split,neutral,0.0034176675,0.9777053,0.01887697
phrasebank_sentences_50agree_74,"Finnish real estate investor Sponda Plc said on Wednesday 12 March that it has signed agreements with Danske Bank A-S , Helsinki Branch for a 7-year EUR150m credit facility and with Ilmarinen Mutual Pension Insurance Company for a 7-year EUR50m credit facility .",neutral,phrasebank,controlled_gold_split,positive,0.0054483837,0.05837578,0.9361759
phrasebank_sentences_allagree_481,Uponor improved its performance in spite of the decrease in residential construction in the US .,positive,phrasebank,controlled_gold_split,positive,0.008259815,0.012484504,0.97925574
phrasebank_sentences_66agree_3679,SWOT analysis is just one method of categorization and has its own weaknesses .,neutral,phrasebank,controlled_gold_split,neutral,0.04375181,0.94867957,0.0075686625
phrasebank_sentences_allagree_1109,"The sale will be finalized in September or October , the company said .",neutral,phrasebank,controlled_gold_split,neutral,0.0037849965,0.9878176,0.008397382
phrasebank_sentences_75agree_1336,"According to M-real 's CEO , Mikko Helander , this transaction will enable the company to proceed swiftly with its restructuring program .",positive,phrasebank,controlled_gold_split,positive,0.0036893187,0.13490394,0.86140674
phrasebank_sentences_66agree_944,The aim of the bridge solutions chosen is to minimize construction times while ensuring that traffic beneath the bridge on the Saimaa canal continues undisturbed .,neutral,phrasebank,controlled_gold_split,positive,0.0045259604,0.48145944,0.5140146
phrasebank_sentences_allagree_1388,The combined value of the orders is EUR 45mn .,neutral,phrasebank,controlled_gold_split,neutral,0.0041285395,0.98681855,0.009052853
phrasebank_sentences_50agree_1172,Altimo and TeliaSonera said yesterday that Usmanov would be welcome to join the new company .,positive,phrasebank,controlled_gold_split,neutral,0.002870883,0.9342798,0.062849335
phrasebank_sentences_allagree_676,"Outotec 's scope of delivery covers the engineering , supply of special equipment and services for a calcination plant with two circulating fluid bed calciners .",neutral,phrasebank,controlled_gold_split,neutral,0.0034246393,0.98738366,0.009191699
phrasebank_sentences_allagree_1472,The online ice chart shows no ice in the area of Estonia 's sea ports on the coast of the Gulf of Finland .,neutral,phrasebank,controlled_gold_split,neutral,0.0073483693,0.98430854,0.008343073
phrasebank_sentences_75agree_2289,The personnel s expertise and high level of technology play a major role in Exel Composites operations .,neutral,phrasebank,controlled_gold_split,neutral,0.0029981318,0.7437175,0.25328436
phrasebank_sentences_50agree_1597,"Stora Enso Oyj said Friday it will sell its North American unit to NewPage , in a deal valued at euro1 .82 billion US$ 2.52 million .",neutral,phrasebank,controlled_gold_split,neutral,0.003244146,0.98023236,0.016523471
phrasebank_sentences_allagree_1544,"These include software development for internet and mobile telephone content , communications , value-added software , financial services , security applications , systems integration and electronics .",neutral,phrasebank,controlled_gold_split,neutral,0.0056209406,0.98680043,0.0075785904
phrasebank_sentences_75agree_401,"Kalnapilio-Tauro Grupe ( Kalnapilis-Tauras Group ) , which is owned by Denmark 's Royal Unibrew , raised its market share to 25.2 percent from 23.91 percent , as beer sales for the nine months jumped by 11.4 percent to 52.99 million liters .",positive,phrasebank,controlled_gold_split,positive,0.009026541,0.014680168,0.9762933
phrasebank_sentences_allagree_1229,"Foodservice and consumer goods markets are served by approximately 13,000 people in 54 manufacturing units and several sales offices in 33 countries .",neutral,phrasebank,controlled_gold_split,neutral,0.0041900123,0.9869484,0.008861599
phrasebank_sentences_allagree_288,Tielinja generated net sales of 7.5 mln euro $ 9.6 mln in 2005 .,neutral,phrasebank,controlled_gold_split,neutral,0.005294341,0.98362815,0.011077542
phrasebank_sentences_allagree_1025,"SRV will also build an aqua park with wellness area , a restaurant and a multifunctional ice arena .",neutral,phrasebank,controlled_gold_split,neutral,0.0029637762,0.8799135,0.117122695
phrasebank_sentences_allagree_1097,"The order comprises four ball mills , which will be organized in two different streams for treating ore in the Pilanesberg platinum mine .",neutral,phrasebank,controlled_gold_split,neutral,0.0038237914,0.986316,0.009860216
phrasebank_sentences_75agree_3252,"When this information was released on 5 September 2008 , Nokia 's American Depositary shares fell by 8 % .",negative,phrasebank,controlled_gold_split,negative,0.9714542,0.022947034,0.0055987546
phrasebank_sentences_allagree_2207,"Operating profit totaled EUR 6.7 mn , down from EUR 7.2 mn in the corresponding period in 2005 .",negative,phrasebank,controlled_gold_split,negative,0.9792987,0.01495725,0.0057440517
phrasebank_sentences_allagree_675,"Of these shares 29,659,239 are held by the Company or its group companies and the number of outstanding shares and voting rights attached to the shares thus amounts to 322,705,218 .",neutral,phrasebank,controlled_gold_split,neutral,0.004445889,0.9885871,0.006967097
phrasebank_sentences_50agree_1403,"The operator is one of 6 operators to have been granted a WiMAX license in Taiwan , and hopes to be the first to launch commercial services in early 2009 .",neutral,phrasebank,controlled_gold_split,positive,0.0029125563,0.13238066,0.8647068
phrasebank_sentences_allagree_1021,"says Brian Burton , Head of IT Security , Vodafone UK .",neutral,phrasebank,controlled_gold_split,neutral,0.00490491,0.97194505,0.023149995
phrasebank_sentences_75agree_2576,Margin call of Zanadvorov has given the chance to make such purchase under the credit of Deutsche Bank for USD 560 million .,neutral,phrasebank,controlled_gold_split,neutral,0.004197613,0.6097394,0.38606298
phrasebank_sentences_allagree_1750,"The company said that 80 % of the shares of the holding company will be sold to Meadville Holdings Limited , a Hong Kong listed parent company of the Meadville Group .",neutral,phrasebank,controlled_gold_split,neutral,0.0034739543,0.9841495,0.012376522
phrasebank_sentences_allagree_1322,"One price category is for calls on the preferred operator 's network , and another for calls on other operators ' networks .",neutral,phrasebank,controlled_gold_split,neutral,0.004388046,0.9881912,0.0074207094
phrasebank_sentences_allagree_17,"Operating profit for the three-month period increased from EUR1 .2 m , while revenue increased from EUR20 .2 m , as compared to the corresponding period in 2005 .",positive,phrasebank,controlled_gold_split,positive,0.008108045,0.015491905,0.9764
phrasebank_sentences_66agree_2458,Etteplan targets to employ at least 20 people in Borl+ñnge .,positive,phrasebank,controlled_gold_split,neutral,0.0026799536,0.9522679,0.045052163
phrasebank_sentences_75agree_1082,"The company said Offshore segment represented 43 % of the total marine engines orders for the July-September 2010 period , Merchant 33 % , Special vessels 18 % , and Cruise and Ferry , and Ship Design -- 2 % and 3 % , respectively .",neutral,phrasebank,controlled_gold_split,neutral,0.003927978,0.98393744,0.012134523
phrasebank_sentences_66agree_377,"The new facility , to be known as Technopolis Pulkovo , will introduce to the Russian market an entirely new concept of creating , operating and growing a commercially-funded science and technology park to support the growth of knowledge-intensive companies .",neutral,phrasebank,controlled_gold_split,neutral,0.0038433077,0.5265021,0.4696546
phrasebank_sentences_75agree_1217,He said things will be different when new Finnish nuclear power stations go into operation and the large hydro powered stations of northern Europe have a good year .,neutral,phrasebank,controlled_gold_split,neutral,0.003636971,0.89342064,0.10294232
phrasebank_sentences_allagree_1254,"In his current position , Manty has worked since 1996 .",neutral,phrasebank,controlled_gold_split,neutral,0.005393854,0.9856171,0.008989006
phrasebank_sentences_66agree_1299,"It also has strong assets in electronic media , employing 18,500 an increase of 9 percent on last year .",positive,phrasebank,controlled_gold_split,positive,0.004864705,0.023596717,0.9715386
phrasebank_sentences_75agree_2555,"It grew in Finland , Norway , Denmark and the Baltic countries .",neutral,phrasebank,controlled_gold_split,neutral,0.0035666025,0.9622456,0.03418775
phrasebank_sentences_allagree_2259,"Operating result for the 12-month period decreased from the profit of EUR0 .4 m while turnover decreased from EUR5 .6 m , as compared to 2004 .",negative,phrasebank,controlled_gold_split,negative,0.9665749,0.027621185,0.0058038672
phrasebank_sentences_allagree_341,"ADP News - Nov 13 , 2008 - Finnish printed circuit board PCB maker Aspocomp Group Oyj OMX : ACG1V said today that its net loss narrowed to EUR 2 million USD 2.5 m in the first nine months of 2008 from EUR 57",positive,phrasebank,controlled_gold_split,positive,0.021657508,0.012303976,0.9660385
phrasebank_sentences_66agree_3967,Sales were down 14 per cent in Finland and up 27 per cent abroad where sales were lifted by the strong growth in sales in Russia and Lithuania .,neutral,phrasebank,controlled_gold_split,negative,0.82358277,0.04424914,0.13216805
phrasebank_sentences_allagree_909,"` Nordea 's definitely too big for Sampo to acquire , ' said an analyst ` But Sampo would appear to have an agenda for Nordea ahead of the privatisation .",neutral,phrasebank,controlled_gold_split,neutral,0.00444114,0.9741216,0.021437246
phrasebank_sentences_50agree_1799,`` We are proud to contribute to the creation of a world-class airport facility with KONE 's innovative People Flow TM solutions .,positive,phrasebank,controlled_gold_split,positive,0.005506817,0.050123144,0.94437
phrasebank_sentences_66agree_949,"The Daily Graphic newspaper , in October , reported an initiative being embarked upon by the Fidelity Bank to partner Ghana Post , which has offices across the country , to offer financial services to the unbanked and under-banked in the country .",neutral,phrasebank,controlled_gold_split,positive,0.0042369296,0.107256494,0.88850653
phrasebank_sentences_66agree_3630,"Antti Orkola , president of Kemira GrowHow 's Industrial Solutions unit , told Thomson Financial News the company has put off opening the mine as prices of phosphate have been ` quite depressed for a long time ' . '",negative,phrasebank,controlled_gold_split,neutral,0.4187697,0.5596772,0.021553198
phrasebank_sentences_allagree_2145,"Insurer Axa ( PAR : CS ) slid by 5.35 % to EUR 14.15 , after Citigroup and ING slashed their targets on the stock .",negative,phrasebank,controlled_gold_split,negative,0.9742691,0.01783565,0.007895223
phrasebank_sentences_50agree_1164,"ALEXANDRIA , Va. , Aug. 27 -- Timo Vataja of Tampere , Finland , Virve Inget of Oulu , Finland , have developed a computer program product with activating the right of use .",neutral,phrasebank,controlled_gold_split,neutral,0.0034942431,0.98027736,0.016228376
phrasebank_sentences_75agree_835,"Employees are also better prepared to answer calls , since they already have detailed information about the caller before they answer the phone . ''",positive,phrasebank,controlled_gold_split,neutral,0.0056121293,0.91477686,0.079610966
phrasebank_sentences_allagree_1505,The sellers were the founders of the company .,neutral,phrasebank,controlled_gold_split,neutral,0.0047360444,0.9873712,0.007892749
phrasebank_sentences_66agree_420,"After the transaction , Alma Media raised its stake in Talentum to 30.65 % of the shares and some 31.12 % of voting rights .",positive,phrasebank,controlled_gold_split,neutral,0.004585439,0.5052404,0.49017423
phrasebank_sentences_allagree_2018,The situation of coated magazine printing paper will continue to be weak .,negative,phrasebank,controlled_gold_split,neutral,0.019018356,0.9472923,0.033689357
phrasebank_sentences_allagree_435,"( ADP News ) - Oct 31 , 2008 - Finnish food company Raisio Oyj ( OMX : RAIVV ) said today that its net profit jumped to EUR 16.4 million ( USD 20.9 m ) for the first nine months of 2008 from EUR 1.1 million for the same period of 2",positive,phrasebank,controlled_gold_split,positive,0.014212696,0.0124815665,0.97330564
phrasebank_sentences_50agree_392,The Finnish company Stockmann has signed the contract with the company Technopolis .,neutral,phrasebank,controlled_gold_split,positive,0.0042012157,0.1567667,0.83903205
phrasebank_sentences_allagree_673,"New Delhi , July 17 -- Sahlberg Teppo , Kallio Timo and Mustonen Tuomas of M Real OYJ , Espoo , Finland have developed novel markings and methods of producing the same .",neutral,phrasebank,controlled_gold_split,neutral,0.0036138278,0.9730843,0.023301952
phrasebank_sentences_allagree_443,Sports equipment sales also progressed well owing to the prolonged winter season .,positive,phrasebank,controlled_gold_split,positive,0.008491129,0.01580167,0.97570723
phrasebank_sentences_allagree_124,Finnish software developer Done Solutions Oyj said its net profit increased to 3.5 mln euro ( $ 4.6 mln ) in 2006 from 2.3 mln euro ( $ 3.0 mln ) in 2005 .,positive,phrasebank,controlled_gold_split,positive,0.010756737,0.011450487,0.97779286
phrasebank_sentences_allagree_2031,"Nordic banks have already had to write off sizable loans in Latvia , with Swedbank , Nordea , DnB NOR and SEB reporting combined losses in excess of $ 1.35 billion in the period 2007 to 2010 against a backdrop of near economic meltdown in Latvia .",negative,phrasebank,controlled_gold_split,negative,0.9737005,0.018762965,0.007536634
phrasebank_sentences_allagree_670,M. and a Master of Business Administration MBA .,neutral,phrasebank,controlled_gold_split,neutral,0.009642978,0.94870436,0.041652642
phrasebank_sentences_50agree_4799,In February the Elcoteq group sold its St Petersburg facility ; according to unconfirmed information the reason could have been supply problems because of the Russian customs service .,negative,phrasebank,controlled_gold_split,neutral,0.3229237,0.6632438,0.013832563
phrasebank_sentences_allagree_453,Finlan 's listed food industry company HKScan Group controlled companies in the Baltics improved revenues by EUR 3.5 mn to EUR 160.4 mn in 2010 from EUR 156.9 mn in the year before .,positive,phrasebank,controlled_gold_split,positive,0.013332611,0.008078744,0.9785887
phrasebank_sentences_allagree_1371,"The 19,200-square metre technology center is located near University of Tampere in central Tampere .",neutral,phrasebank,controlled_gold_split,neutral,0.0062183077,0.98624426,0.007537425
phrasebank_sentences_allagree_2191,"However , the company saw its net profit for the third quarter down to EUR 1.4 million from EUR 1.5 million for the corresponding period of 2009 .",negative,phrasebank,controlled_gold_split,negative,0.9746748,0.017395735,0.007929425
phrasebank_sentences_75agree_1792,The transaction will take place without payment of merger consideration .,neutral,phrasebank,controlled_gold_split,neutral,0.0042909724,0.9882804,0.0074286303
phrasebank_sentences_allagree_1661,"It is being developed by Symbian , the software licensing consortium led by Nokia .",neutral,phrasebank,controlled_gold_split,neutral,0.0026831396,0.97982913,0.017487727
phrasebank_sentences_50agree_1184,Atria Group is a leading Scandinavian meat products group .,positive,phrasebank,controlled_gold_split,neutral,0.002894137,0.8376964,0.15940943
phrasebank_sentences_allagree_1461,The MET is located in the Central Business District ( CBD ) of Bangkok .,neutral,phrasebank,controlled_gold_split,neutral,0.004080637,0.98686606,0.009053289
phrasebank_sentences_75agree_588,"According to CEO Kai Telanne , the company 's newspapers achieved the best financial result ever .",positive,phrasebank,controlled_gold_split,positive,0.007947627,0.017997922,0.9740545
phrasebank_sentences_50agree_1008,"The Group brand portfolio includes the leading brand in the industry , Rapala , and other global brands like VMC , Storm , Blue Fox , Luhr Jensen , Williamson , Marttiini and Sufix .",neutral,phrasebank,controlled_gold_split,neutral,0.0026657165,0.91448724,0.082847066
phrasebank_sentences_allagree_1762,"The devices would be launched in the Chinese market in late 2006 , the company said .",neutral,phrasebank,controlled_gold_split,neutral,0.0026795787,0.97852874,0.018791666
phrasebank_sentences_allagree_19,"The Lithuanian beer market made up 14.41 million liters in January , a rise of 0.8 percent from the year-earlier figure , the Lithuanian Brewers ' Association reporting citing the results from its members .",positive,phrasebank,controlled_gold_split,positive,0.009162981,0.015151525,0.9756855
phrasebank_sentences_allagree_628,The share of the share capital of both above mentioned shareholders remains below 5 % .,neutral,phrasebank,controlled_gold_split,neutral,0.08766519,0.9048357,0.0074991123
phrasebank_sentences_50agree_1375,The effect of the savings will be noticeable as of the beginning of 2010 .,positive,phrasebank,controlled_gold_split,neutral,0.002767428,0.97569764,0.021534927
phrasebank_sentences_allagree_298,"Uponor made an operating profit of EUR 151.0 mn , up from EUR 143.7 mn , which made 2007 a record year .",positive,phrasebank,controlled_gold_split,positive,0.009721743,0.012098906,0.9781794
phrasebank_sentences_75agree_2772,"The Swedish buyout firm has sold its remaining 22.4 percent stake , almost eighteen months after taking the company public in Finland .",neutral,phrasebank,controlled_gold_split,neutral,0.0057264417,0.9849149,0.009358689
phrasebank_sentences_allagree_1115,They both will report to Oriola-KD 's chief executive officer Eero Hautaniemi .,neutral,phrasebank,controlled_gold_split,neutral,0.0056110593,0.98795575,0.0064331107
phrasebank_sentences_75agree_2071,Nordea 's chairman of the board Hans Dalborg has informed the nomination committee that he will not be up for re-election at the Annual General Meeting in 2011 .,neutral,phrasebank,controlled_gold_split,neutral,0.0805694,0.91065836,0.008772219
phrasebank_sentences_allagree_739,Raute said it has won an order worth around 15 mln eur to supply several plywood production lines to mills operated by Russian wood products company Sveza Group .,positive,phrasebank,controlled_gold_split,positive,0.008670217,0.020021526,0.9713083
phrasebank_sentences_75agree_2983,"Finland-based international machinery rental company Ramirent Plc ( OMX Helsinki : RMR1V ) said on Friday ( 9 May ) that its president and CEO , Kari Kallio , has informed the board of his intention to retire in year 2009 .",neutral,phrasebank,controlled_gold_split,neutral,0.015872225,0.9786291,0.0054987026
phrasebank_sentences_75agree_3086,"This one was at one time targeted for June 5 , but if we had to guess , it 's been pushed back -- maybe we 're crazy , but we feel like it has n't leaked enough to meet that date at this point .",neutral,phrasebank,controlled_gold_split,neutral,0.019023841,0.95313394,0.027842185
phrasebank_sentences_75agree_1391,Net profit in the same period in 2006 was 36.6 million euros .,neutral,phrasebank,controlled_gold_split,neutral,0.008090963,0.98390454,0.008004513
phrasebank_sentences_75agree_1001,"A downloadable instruction sheet , instructional video , and project ideas for the award-winning Everywhere Punch TM Window System can be found at www.fiskars.com .",neutral,phrasebank,controlled_gold_split,neutral,0.0034804577,0.97831887,0.01820071
phrasebank_sentences_allagree_764,"Supported Nokia phones include : N96 , N95-8GB , N95 , N93-N931 , N92 , N85 , N82 , N81 , N80 , N79 , N78 , N77 , N76 , N75 , N73 , N72 , N71 , E90 , E71 , E70 , E66 , E65 , E62 , E61-E61i , E60 , E51 , E50 , Touch Xpress 5800 , 6220 Classic , 6210 Navigator , 6120 Classic , 6110 Navigator , 5700 , 5500 , 5320XM .",neutral,phrasebank,controlled_gold_split,neutral,0.0046359627,0.9855688,0.009795184
phrasebank_sentences_66agree_1127,Sponda plans to renovate old real estate and develop new property .,neutral,phrasebank,controlled_gold_split,neutral,0.0027529122,0.8531945,0.14405265
phrasebank_sentences_75agree_1145,"`` Following last year 's good profit development , we have entered the current year in a good position .",positive,phrasebank,controlled_gold_split,positive,0.00870523,0.01796694,0.97332776
phrasebank_sentences_50agree_2119,"In 2007 , Marimekko has also opened concept stores in Yokohama and Nagoya , central Japan , in Silver Spring in metropolitan Washington DC , USA , in Graz , central Austria , and in Aalborg , northern Denmark .",positive,phrasebank,controlled_gold_split,neutral,0.0035360584,0.96902835,0.027435582
phrasebank_sentences_75agree_2786,"The total value of the project is estimated to be over 3.0 mln euro $ 4.4 mln , of which the services will be over 2.0 mln euro $ 2.9 mln and third-party licences more than 1.0 mln euro $ 1.5 mln .",neutral,phrasebank,controlled_gold_split,neutral,0.0034285844,0.98659223,0.009979239
phrasebank_sentences_75agree_809,Also the traditional grapevine carries a lot of weight .,neutral,phrasebank,controlled_gold_split,neutral,0.0041811885,0.9629954,0.032823425
phrasebank_sentences_allagree_2160,Operating profit fell to EUR 15.1 mn from EUR 24.6 mn in 2006 .,negative,phrasebank,controlled_gold_split,negative,0.97787756,0.017495556,0.004626815
phrasebank_sentences_75agree_1219,"I am looking forward to contribute to SRV 's success with my competence '' , says Taneli Hassinen .",positive,phrasebank,controlled_gold_split,positive,0.004405361,0.25905514,0.7365395
phrasebank_sentences_allagree_1589,A filter is used to pre-process packets to determine if they need to be further processed by the processor of the network device .,neutral,phrasebank,controlled_gold_split,neutral,0.0062028095,0.9876366,0.006160552
phrasebank_sentences_50agree_3013,"( ADP News ) - Dec 11 , 2008 - Finnish power-supply solutions provider Efore Oyj ( OMX : EFO1V ) said yesterday it opened a technology research and development ( R&D ) laboratory at Helsinki University of Technology .",neutral,phrasebank,controlled_gold_split,neutral,0.002745346,0.9510469,0.046207834
phrasebank_sentences_allagree_2098,Below are unaudited consolidated results for Aspocomp Group under IFRS reporting standards .,neutral,phrasebank,controlled_gold_split,neutral,0.0064708125,0.9869757,0.006553485
phrasebank_sentences_allagree_598,Symphony Services provides development services for Aldata GOLD .,neutral,phrasebank,controlled_gold_split,neutral,0.0035934688,0.98476124,0.01164526
phrasebank_sentences_allagree_425,"Citigroup , Inc ( NYSE : C ) has announced that its Global Transaction Services ( GTS ) business has been awarded a new mandate by Finland-based Pohjola Bank Group .",positive,phrasebank,controlled_gold_split,positive,0.0050874315,0.032964308,0.9619482
phrasebank_sentences_allagree_1442,The full-function PC weighs 1.25 kilograms and measures slightly more than two centimeters thin .,neutral,phrasebank,controlled_gold_split,neutral,0.006391378,0.98442656,0.009182087
phrasebank_sentences_50agree_1894,CDLI highlights the companies that provided the most comprehensive response to the Carbon Disclosure Project CDP information request .,positive,phrasebank,controlled_gold_split,neutral,0.0045796144,0.51204455,0.48337582
phrasebank_sentences_allagree_501,"In the method the smelt spouts 2 are separated from the working area 6 by a shielding wall 8 , 10 arranged movable in relation to the smelt spouts .",neutral,phrasebank,controlled_gold_split,neutral,0.0061930576,0.9880117,0.0057951575
phrasebank_sentences_allagree_362,"The company 's profit before taxes fell to EUR 21.1 mn in the third quarter of 2008 , compared to EUR 35.8 mn in the corresponding period in 2007 .",negative,phrasebank,controlled_gold_split,negative,0.97775865,0.017180223,0.0050611356
phrasebank_sentences_75agree_1434,"The Group 's consolidated net sales for 2008 totaled 3.4 billion euros and it employs approximately 13,000 persons .",neutral,phrasebank,controlled_gold_split,neutral,0.0043585654,0.98828495,0.007356472
phrasebank_sentences_66agree_1883,- Moody 's said it gave P A1 long-term senior unsecured and P P-1 short-term debt ratings to Finnish lender Aktia Bank 's EUR1bn USD1 .4 bn euro medium-term note EMTN program of 25 March 2011 .,neutral,phrasebank,controlled_gold_split,neutral,0.0050625773,0.70170724,0.29323012
phrasebank_sentences_allagree_1742,The company had net sales of EUR 19.8 mn and a pre-tax profit of EUR 1.8 mn in 2005 .,neutral,phrasebank,controlled_gold_split,neutral,0.0047900346,0.9841054,0.011104585
phrasebank_sentences_allagree_141,Its market share widened to 48.51 percent from 48.31 percent a year earlier .,positive,phrasebank,controlled_gold_split,positive,0.011299092,0.014367328,0.97433347
phrasebank_sentences_50agree_428,"Finnish silicon wafers manufacturer Okmetic Oyj said on June 29 , 2007 it signed an agreement with Nordea Bank Finland Plc , the local subsidiary of Swedish commercial bank Nordea Bank AB , which will refinance Okmetic 's syndicated bank facility which amounts to some 20 mln euro ( $ 26.9 mln ) .",positive,phrasebank,controlled_gold_split,positive,0.009186892,0.029626705,0.96118635
phrasebank_sentences_allagree_294,"However , the growth margin slowed down due to the financial crisis .",negative,phrasebank,controlled_gold_split,negative,0.86391526,0.0918374,0.04424733
phrasebank_sentences_allagree_113,"Equity ratio was 60.9 % compared to 54.2 % In the third quarter of 2007 , net sales of the Frozen Foods Business totaled EUR 11.0 , up by about 5 % from the third quarter of 2006 .",positive,phrasebank,controlled_gold_split,positive,0.009304234,0.011511657,0.97918403
phrasebank_sentences_allagree_946,"Construction work on the Helsinki Music Centre is to start this autumn , with the total cost of the project estimated at 140 million euros .",neutral,phrasebank,controlled_gold_split,neutral,0.0051695984,0.9861136,0.008716833
phrasebank_sentences_allagree_1561,Vacon recently announced plans to build its North American headquarters at 5 Business Park in Chambersburg .,neutral,phrasebank,controlled_gold_split,neutral,0.0027845507,0.9422826,0.05493286
phrasebank_sentences_75agree_889,QPR product family is fully compatible with Microsoft 's Windows 7 operating system .,neutral,phrasebank,controlled_gold_split,neutral,0.0028312465,0.8422101,0.15495867
phrasebank_sentences_75agree_608,"Furthermore , efficiency improvement measures initiated earlier are now bearing fruit , '' CEO Jan Lang said .",positive,phrasebank,controlled_gold_split,positive,0.005426339,0.028823368,0.9657502
phrasebank_sentences_50agree_2,"The international electronic industry company Elcoteq has laid off tens of employees from its Tallinn facility ; contrary to earlier layoffs the company contracted the ranks of its office workers , the daily Postimees reported .",negative,phrasebank,controlled_gold_split,negative,0.9783795,0.015342461,0.0062781135
phrasebank_sentences_75agree_2780,"The total investment in the company will be EUR58m , of which Wartsila 's share will be EUR29m .",neutral,phrasebank,controlled_gold_split,neutral,0.0028599224,0.98302865,0.014111442
phrasebank_sentences_allagree_595,Stock Exchange Release 10/3/2011 12:00 Sanoma has published its Annual Report and Financial Statements for 2010 and its first Corporate Responsibility Report .,neutral,phrasebank,controlled_gold_split,neutral,0.0054226755,0.98798496,0.006592297
phrasebank_sentences_66agree_3268,"The bank also expects additional costs , related to the Dash 8 - Q400 jets , which the group shelved in October 2007 .",neutral,phrasebank,controlled_gold_split,neutral,0.011813261,0.95788765,0.030299077
phrasebank_sentences_allagree_216,"Elisa said mobile subscriptions grew 7 percent during 2007 , mainly because of customers adopting so-called third generation mobile technology .",positive,phrasebank,controlled_gold_split,positive,0.0033304305,0.060521815,0.9361478
phrasebank_sentences_75agree_2807,These share transactions are part of the company 's strategy of relinquishing assets that are not part of its core business .,neutral,phrasebank,controlled_gold_split,neutral,0.0026447028,0.9471127,0.05024264
phrasebank_sentences_50agree_1627,"The deal , already approved by shareholders , will be carried out in the first half of 2011 .",neutral,phrasebank,controlled_gold_split,neutral,0.0025992854,0.9585223,0.03887832
phrasebank_sentences_75agree_987,You are warmly welcome !,neutral,phrasebank,controlled_gold_split,positive,0.006345075,0.2362443,0.7574106
phrasebank_sentences_75agree_1794,"The wireless industry is bracing itself for the iPhone , which will launch on June 29 .",neutral,phrasebank,controlled_gold_split,neutral,0.0052866647,0.96132505,0.03338829
phrasebank_sentences_allagree_2152,Net profit fell by almost half to +é 5.5 million from +é 9.4 million at the end of 2007 .,negative,phrasebank,controlled_gold_split,negative,0.9765287,0.019113796,0.0043574837
phrasebank_sentences_allagree_1633,Finnish silicon wafer technology company Okmetic Oyj OMX Helsinki : OKM1V said on Wednesday 17 September that it will invest EUR6m in its sensor wafer business during 2009 .,neutral,phrasebank,controlled_gold_split,neutral,0.0031423871,0.98154056,0.015317057
phrasebank_sentences_allagree_1070,The deal will have no significant effect on the acquiring company 's equity ratio .,neutral,phrasebank,controlled_gold_split,neutral,0.003067682,0.98092926,0.016003024
phrasebank_sentences_66agree_976,- Tikkurila inspires you to color your life .,neutral,phrasebank,controlled_gold_split,neutral,0.003792329,0.90645635,0.08975133
phrasebank_sentences_allagree_2239,"The steelmaker said that the drop in profit was explained by the continuing economic uncertainty , mixed with the current drought in bank lending , resulting in a decline in demand for its products as customers find it increasingly difficult to fund operations .",negative,phrasebank,controlled_gold_split,negative,0.9767179,0.018091248,0.005190828
phrasebank_sentences_allagree_1412,The company will propose a dividend of EUR0 .12 per share for 2008 .,neutral,phrasebank,controlled_gold_split,neutral,0.0033803398,0.9784258,0.018193813
phrasebank_sentences_66agree_1645,"Key reasons to read this report : - Report contains only relevant information , leaving out excessive data .",neutral,phrasebank,controlled_gold_split,neutral,0.0077786366,0.9864914,0.005730009
phrasebank_sentences_75agree_2619,Pharmaceutical market in Netherlands Global Research & Data Services published recently a market analysis about the pharmaceutical markets in Netherlands .,neutral,phrasebank,controlled_gold_split,neutral,0.004295124,0.98345727,0.012247625
phrasebank_sentences_66agree_1214,The veneer and plywood industry in Sweden is quite small despite the raw material resources .,neutral,phrasebank,controlled_gold_split,neutral,0.012814494,0.97802746,0.009158105
phrasebank_sentences_allagree_1975,"The mill 's raw material need will increase by 100,000 m3 of wood .",neutral,phrasebank,controlled_gold_split,positive,0.0045137606,0.056292888,0.9391933
phrasebank_sentences_50agree_2250,"Under the agreement , TietoEnator will provide Blyk with extended application and business process management services and an IT infrastructure .",positive,phrasebank,controlled_gold_split,positive,0.0035602024,0.3509479,0.64549196
phrasebank_sentences_75agree_1363,"In 2007 , Alma Media 's operating profit was about EUR 53mn .",neutral,phrasebank,controlled_gold_split,neutral,0.006248869,0.9853012,0.008449932
phrasebank_sentences_66agree_2491,"GENEVA , Feb. 10 -- Tero Aaltonen , Finland has developed a radio resource control method .",neutral,phrasebank,controlled_gold_split,neutral,0.003480398,0.9763932,0.020126343
phrasebank_sentences_50agree_4126,Possible personnel reductions concern approximately 104 people .,negative,phrasebank,controlled_gold_split,negative,0.9066632,0.08391179,0.009424992
phrasebank_sentences_allagree_655,Customers in a wide range of industries use our stainless steel and services worldwide .,neutral,phrasebank,controlled_gold_split,neutral,0.0022641544,0.9553934,0.042342454
phrasebank_sentences_66agree_2055,facades in Riga 8 March 2010 - Finnish construction company YIT Oyj HEL : YTY1V said today that it will build the frame and the facades in a tower construction project in Riga .,neutral,phrasebank,controlled_gold_split,neutral,0.0038119545,0.97561103,0.02057707
phrasebank_sentences_allagree_169,Operating profit rose to EUR2 .4 m from EUR1 .6 m year earlier .,positive,phrasebank,controlled_gold_split,positive,0.0110986335,0.012023946,0.97687733
phrasebank_sentences_allagree_180,Pretax profit rose to EUR 0.6 mn from EUR 0.4 mn in the corresponding period in 2005 .,positive,phrasebank,controlled_gold_split,positive,0.011720317,0.011583772,0.97669595
phrasebank_sentences_75agree_619,"Meanwhile , Electrowatt-Ekono Philippines , Inc. was also awarded a three-year operation and maintenance ( O&M ) contract by FR Cement Corporation .",positive,phrasebank,controlled_gold_split,positive,0.0073262546,0.019914826,0.97275895
phrasebank_sentences_allagree_1494,The reductions will be concluded by autumn 2010 .,neutral,phrasebank,controlled_gold_split,neutral,0.0046859384,0.97501886,0.020295242
phrasebank_sentences_50agree_2784,"ALEXANDRIA , Va. , Dec. 17 -- Reijo Salovaara , Nastola , Finland , has developed a veneer cutter .",neutral,phrasebank,controlled_gold_split,neutral,0.004577579,0.9807895,0.014633006
phrasebank_sentences_allagree_2129,Consolidated pretax profit decreased by 69.2 % to EUR 41.0 mn from EUR 133.1 mn in 2007 .,negative,phrasebank,controlled_gold_split,negative,0.9777985,0.01708055,0.0051210043
phrasebank_sentences_75agree_3178,"Dirk Jones , head of Financial Institutions Client Sales Management , GTS , Citigroup , Inc , said , ` Citi is extremely pleased to be providing global custody services to Pohjola Group Bank .",positive,phrasebank,controlled_gold_split,positive,0.004862683,0.08284053,0.9122968
phrasebank_sentences_75agree_3027,The production is to be liquidated before June 2009 and 325 employees loose their jobs .,negative,phrasebank,controlled_gold_split,negative,0.73890543,0.2511545,0.009940091
phrasebank_sentences_50agree_1811,One of my colleagues summed up the E7 quite aptly when he remarked : `` Fantastic hardware .,positive,phrasebank,controlled_gold_split,positive,0.008035192,0.28954294,0.70242184
phrasebank_sentences_allagree_529,`` They want my credit card info and my personal details .,neutral,phrasebank,controlled_gold_split,neutral,0.009688653,0.9824958,0.007815521
phrasebank_sentences_75agree_2284,"The other two sellers were the Finnish National Fund for R&D ( Sitra ) and Oras Invest Oy , which also sold half of their shareholdings , leaving them with 3.8 pct and 3.2 pct of the company respectively .",neutral,phrasebank,controlled_gold_split,neutral,0.006856843,0.9853733,0.0077698207
phrasebank_sentences_50agree_710,"Finnish industrial investor Panostaja Oyj OMX Helsinki : PNAAS OMX Helsinki : PNABS said on Friday 11 July that it has signed a deal to acquire the entire share capital of Kospa Oy , the manufacturer of waste disposal equipment .",positive,phrasebank,controlled_gold_split,positive,0.0059717554,0.14252627,0.851502
phrasebank_sentences_66agree_1252,6 October 2010 - Finnish paints and coatings company Tikkurila Oyj HEL : TIK1V announced today the launch of Tikkurila ProHouse method for protection of wooden surfaces via treatment with Ultra Pro waterborne products .,neutral,phrasebank,controlled_gold_split,neutral,0.0025655222,0.9609701,0.036464415
phrasebank_sentences_allagree_1362,Sunrise Resources operates in Russian near-shore development markets through its wholly-owned Russian subsidiary and has 80 % of its personnel in Russia .,neutral,phrasebank,controlled_gold_split,neutral,0.0031993724,0.9819272,0.01487342
phrasebank_sentences_75agree_2886,Finnish Bank of +àland +àlandsbanken has issued a profit warning .,negative,phrasebank,controlled_gold_split,negative,0.9369363,0.055726115,0.0073375567
phrasebank_sentences_allagree_1574,- Cash flow from operating activities before investments was EUR 7.6 million EUR 2.5 million .,neutral,phrasebank,controlled_gold_split,neutral,0.012911429,0.981584,0.005504544
phrasebank_sentences_75agree_2965,"Finnish Konecranes is again trying to acquire Italian Fantuzzi , a manufacturer of gantry cranes and reach stackers .",neutral,phrasebank,controlled_gold_split,neutral,0.0035477683,0.8681103,0.12834188
phrasebank_sentences_75agree_789,Raffles Equities Ltd became a substantial holder in Archer Exploration Ltd on January 12 with 11.7 million shares ( 18.2 pc ) .,neutral,phrasebank,controlled_gold_split,neutral,0.00351477,0.98219174,0.014293517
phrasebank_sentences_allagree_1982,The share subscription period will expire on 30 September 2007 .,neutral,phrasebank,controlled_gold_split,neutral,0.0046791867,0.9879809,0.007339859
phrasebank_sentences_66agree_64,"As a result of the share issue , the number of the company 's shares increases by 391,630 shares and the share capital by a total of EUR 15,665.20 .",neutral,phrasebank,controlled_gold_split,positive,0.004219961,0.11600203,0.879778
phrasebank_sentences_allagree_2114,"Finnish electronics contract manufacturer Scanfil reports net sales of EUR 241.2 mn in 2006 , down from EUR 321.6 mn in 2005 .",negative,phrasebank,controlled_gold_split,negative,0.9796554,0.01437544,0.005969212
phrasebank_sentences_allagree_197,The company expects its net sales in 2008 to increase 5-10 % from 2007 .,positive,phrasebank,controlled_gold_split,positive,0.0095136445,0.014365598,0.97612077
phrasebank_sentences_allagree_1605,BM4 middle layer headbox will be equipped with a dilution control system .,neutral,phrasebank,controlled_gold_split,neutral,0.002557857,0.9580989,0.039343234
phrasebank_sentences_66agree_1473,"Also , it is bringing in `` the right kind of people '' to upgrade its human resources .",positive,phrasebank,controlled_gold_split,positive,0.0036849387,0.058721654,0.9375934
phrasebank_sentences_75agree_1338,Acquisitions have been made and businesses have been well integrated .,positive,phrasebank,controlled_gold_split,positive,0.0037448136,0.11158438,0.88467085
phrasebank_sentences_allagree_1872,"According to CEO Matti Perkonoja of the parent company HKScan , the company 's performance in the first quarter of 2010 has remained clearly below the level of the corresponding period in 2009 .",negative,phrasebank,controlled_gold_split,negative,0.9638274,0.030974615,0.0051979064
phrasebank_sentences_allagree_903,"Raute , headquartered in Nastola , Finland , is a technology company serving the wood products industry worldwide .",neutral,phrasebank,controlled_gold_split,neutral,0.004276867,0.9831097,0.01261345
phrasebank_sentences_75agree_1604,He is a member of the Board of numerous com-panies and a shareholder of the Boardman Ltd board specialist net-work .,neutral,phrasebank,controlled_gold_split,neutral,0.0039382344,0.9826606,0.013401168
phrasebank_sentences_75agree_857,It is planned to set up the A class business center in the two top storeys of the complex .,neutral,phrasebank,controlled_gold_split,neutral,0.00290227,0.96689224,0.030205457
phrasebank_sentences_75agree_2399,"UPM is talking to Myllykoski+ó s creditor banks -- Nordea ( STO : NDA ) , Nordic Investment Bank and Danske Bank+ó s ( CPH : DANSKE ) Sampo Bank -- over a deal , the paper said .",neutral,phrasebank,controlled_gold_split,neutral,0.0032767411,0.9192592,0.07746399
phrasebank_sentences_75agree_1882,"As a condition to the deal , Savcor Alfa has to have bought Photonium and Akseli Lahtinen Inc. 's business operations prior to the deal .",neutral,phrasebank,controlled_gold_split,neutral,0.005700601,0.9852696,0.009029821
phrasebank_sentences_allagree_369,"Profit before taxes was EUR 5.4 mn , up from EUR 3.6 mn a year earlier .",positive,phrasebank,controlled_gold_split,positive,0.009573253,0.012019281,0.97840744
phrasebank_sentences_75agree_924,"The cooperation will involve Arena Partners buying a 35 % share of the new joint venture company , operating in Alma Media 's home sales , vehicle and consumer advertising marketplace businesses .",neutral,phrasebank,controlled_gold_split,neutral,0.0024608704,0.87101203,0.1265271
phrasebank_sentences_allagree_1377,"The approximately 20,000 dwt vessel has been ordered from India .",neutral,phrasebank,controlled_gold_split,neutral,0.0028324304,0.97357893,0.023588613
phrasebank_sentences_75agree_659,"`` Last year , Finnair recorded a 32.6-percent growth on the Asian sector , carrying more than 1.10 million passengers between the two continents . ''",positive,phrasebank,controlled_gold_split,positive,0.0068348637,0.017641934,0.97552323
phrasebank_sentences_allagree_1009,"PCS Digital Guatemala has been using Tecnomen 's prepaid system in Telgua fixed networks as well as code division multiple access , or CDMA , and global system for mobile communication , or GSM , since 2003 .",neutral,phrasebank,controlled_gold_split,neutral,0.0025621871,0.9748343,0.02260356
phrasebank_sentences_allagree_1626,Elcoteq expects its net sales for the last quarter of 2010 to be on the level of the third quarter .,neutral,phrasebank,controlled_gold_split,neutral,0.004294205,0.9775025,0.018203292
phrasebank_sentences_allagree_1853,"Under the transaction agreement , Metsaliitto will purchase 24.7 % of Metsa-Botnia 's shares from UPM and 3 % from M-real .",neutral,phrasebank,controlled_gold_split,neutral,0.0029586584,0.90098256,0.0960588
phrasebank_sentences_allagree_1279,"Jeder Beta-Tester erh+ñlt kostenlos sechs Monate lang Updates und hat laut eigener Aussage die M+Âglichkeit , die finale Version zu beeinflussen .",neutral,phrasebank,controlled_gold_split,neutral,0.0056458022,0.9494779,0.044876326
phrasebank_sentences_66agree_4156,`` Low energy consumption and flexible loading are just a few of the advantages of the CHF Pro . '',neutral,phrasebank,controlled_gold_split,neutral,0.0040071923,0.6029068,0.39308596
phrasebank_sentences_50agree_517,"The decision to sell a share in Lenenergo was reached in line with Fortum 's strategic plans to invest mainly in generating assets in Russia , while Lenenergo is a grid company , the press release said .",positive,phrasebank,controlled_gold_split,neutral,0.0033312899,0.77781177,0.21885692
phrasebank_sentences_allagree_1582,"`` Over the years , the color orange has become synonymous with quality .",neutral,phrasebank,controlled_gold_split,neutral,0.0038920897,0.91409147,0.08201645
phrasebank_sentences_allagree_2020,"During the strike , Finnair estimates to incur a net loss of between EUR2m and EUR2 .5 m per day .",negative,phrasebank,controlled_gold_split,negative,0.8807889,0.10230468,0.016906414
phrasebank_sentences_50agree_1515,Delivery will start immediately in June 2008 and will be completed in 2008 .,neutral,phrasebank,controlled_gold_split,neutral,0.0034597793,0.9858937,0.010646469
phrasebank_sentences_75agree_3251,"The podcast , sees Harple provide the low-down on GyPSii 's platform , which takes someone 's location and demographic information to produce a contextual index of the world around them .",neutral,phrasebank,controlled_gold_split,neutral,0.0037164509,0.9832802,0.013003395
phrasebank_sentences_allagree_557,"Following the registration , the number of issued and outstanding shares of Basware is 12,890,829 .",neutral,phrasebank,controlled_gold_split,neutral,0.0040011834,0.9877002,0.008298563
phrasebank_sentences_allagree_1613,Combined net sales in 2006 were $ 27 million and EBITDA was $ 13.7 million .,neutral,phrasebank,controlled_gold_split,neutral,0.00467698,0.98655105,0.008771948
phrasebank_sentences_75agree_1121,To raise consumer awareness and encourage people to recycle their old mobile devices Nokia runs regular recycling campaigns around the world .,neutral,phrasebank,controlled_gold_split,neutral,0.0052531147,0.5582667,0.4364802
phrasebank_sentences_allagree_447,The company also said that in Poland a profitability program has been launched at the Oborniki steel frame and sandwich panel plant .,positive,phrasebank,controlled_gold_split,positive,0.0033567168,0.20365599,0.7929873
phrasebank_sentences_allagree_1289,( A spokesperson told WWD to expect a 50-50 mix of clothing and home decor . ),neutral,phrasebank,controlled_gold_split,neutral,0.0028906653,0.97057915,0.026530197
phrasebank_sentences_75agree_1407,Profit of the accounting period was EUR 0.3 mn .,neutral,phrasebank,controlled_gold_split,neutral,0.0109478375,0.9826099,0.006442189
phrasebank_sentences_50agree_1958,"`` We will continue to make it easier for users to explore services on their handsets and will work towards bringing Internet to a wider range of devices including mid and low-end devices , '' said Kallasvuo .",neutral,phrasebank,controlled_gold_split,positive,0.003428972,0.1443162,0.8522548
phrasebank_sentences_66agree_889,"According to Pietinalho , doctors should motivate their patients who smoke every time they visit their doctors .",neutral,phrasebank,controlled_gold_split,neutral,0.00539051,0.58359677,0.4110128
phrasebank_sentences_50agree_4139,The Symbian Foundation plans to revise its procedures for testing and signing software after digitally signing a trojan for its Symbian mobile phone operating system by mistake .,neutral,phrasebank,controlled_gold_split,neutral,0.01984136,0.9616283,0.018530337
phrasebank_sentences_75agree_2865,Net loss in the same period in 2009 was euro18 .6 million .,neutral,phrasebank,controlled_gold_split,neutral,0.05521972,0.93612516,0.008655158
phrasebank_sentences_allagree_1831,"The unit 's clients are mainly in the field of specialist convenience goods , as well as in the textile , shoe and furniture businesses .",neutral,phrasebank,controlled_gold_split,neutral,0.00418076,0.9857312,0.010088059
phrasebank_sentences_66agree_489,"The tower it chose to add , due to go into operation in the summer , will increase total capacity to 80 broadsheet or 160 tabloid pages , with the ability to run 32 - and 48-page products side by side .",positive,phrasebank,controlled_gold_split,positive,0.0038010823,0.0661049,0.9300941
phrasebank_sentences_50agree_1078,TeliaSonera is the leading telecommunications company in the Nordic and Baltic regions .,positive,phrasebank,controlled_gold_split,positive,0.0038098833,0.45611948,0.5400707
phrasebank_sentences_75agree_3262,"The OMX Nordic 40 OMXN40 index , comprising the 40 most traded Nordic stocks on the Nasdaq OMX exchange , closed down 0.87 % at 1,064.14 points on Thursday .",negative,phrasebank,controlled_gold_split,negative,0.964397,0.03048264,0.005120345
phrasebank_sentences_allagree_1146,A total 30 % of the order value was booked in the fourth quarter of 2009 and the remainder will be booked in the second quarter of 2010 .,neutral,phrasebank,controlled_gold_split,neutral,0.0045500863,0.98735434,0.008095578
phrasebank_sentences_allagree_365,The plan is estimated to generate some EUR 5 million ( USD 6.5 m ) in cost savings on an annual basis .,positive,phrasebank,controlled_gold_split,positive,0.0060645686,0.024530675,0.9694047
phrasebank_sentences_50agree_4209,"Jul. 18 -- Police are looking for a man who they say terrorized three males at gunpoint on East Maple Avenue this afternoon , shooting one of them and kidnapping another .",negative,phrasebank,controlled_gold_split,negative,0.76911443,0.21399292,0.016892679
phrasebank_sentences_allagree_1049,"The company operates its business through two reportable segments , including Banking and Investment Services , and Non-Life Insurance .",neutral,phrasebank,controlled_gold_split,neutral,0.0032122808,0.9858889,0.010898889
phrasebank_sentences_66agree_1978,A. Le Coq had a market share of 41.3 percent and rival beverage group Saku 32.1 percent .,neutral,phrasebank,controlled_gold_split,neutral,0.0033175533,0.9753743,0.021308176
phrasebank_sentences_allagree_846,"Systeemitiimi 's sales and project resources will also be strengthened , director Paul Skogberg said .",positive,phrasebank,controlled_gold_split,positive,0.0066692648,0.018869534,0.97446114
phrasebank_sentences_75agree_3179,The company said it estimates to make a slight profit thanks to cost-cutting measures .,positive,phrasebank,controlled_gold_split,positive,0.006738107,0.024005594,0.9692563
phrasebank_sentences_50agree_2045,The Finnish company claims to have over a quarter of a million contented Tulikivi fireplace business and homeowners worldwide .,neutral,phrasebank,controlled_gold_split,neutral,0.003044165,0.98296195,0.013993841
phrasebank_sentences_50agree_1176,"Anttila 's online department store - NetAnttila - has an established position as the best-known , most visited and most shopped online store in Finland  .",neutral,phrasebank,controlled_gold_split,positive,0.0035705096,0.17086476,0.82556474
phrasebank_sentences_66agree_747,"HELSINKI ( AFX ) - Metso said it will upgrade one of UPM-Kymmene 's four paper machines at the latter 's mill in Jaemsaenkoski with a new coating color supply system , machine and process controls and quality measurements .",positive,phrasebank,controlled_gold_split,positive,0.0031553383,0.09770393,0.8991407
phrasebank_sentences_allagree_47,"Finnish financial group Aktia reports operating profit of EUR 44.4 mn in January-September 2009 , up from EUR 37.3 mn in the corresponding period in 2008 .",positive,phrasebank,controlled_gold_split,positive,0.0100712245,0.011591908,0.97833693
phrasebank_sentences_75agree_1438,The Group 's revenue in 2009 amounted to EUR 70 million and the company currently employs approximately 780 people .,neutral,phrasebank,controlled_gold_split,neutral,0.004261011,0.9861834,0.009555564
phrasebank_sentences_allagree_1031,Suomen Paikallissanomat Oy is part of Alma Media Group and it currently publishes 15 local newspapers across Finland .,neutral,phrasebank,controlled_gold_split,neutral,0.0052519017,0.98628145,0.008466602
phrasebank_sentences_66agree_1790,"Kai Tulonen , Chief Technology Officer , SysOpen Digia says : `` Mobility Business Suite represents a significant milestone in the company 's offering to the telecommunications industry .",positive,phrasebank,controlled_gold_split,positive,0.0033160248,0.08082685,0.9158572
phrasebank_sentences_66agree_1377,"The most loyal customers were found in the Bank of +àland , with an index of 8.0 .",positive,phrasebank,controlled_gold_split,positive,0.0044483137,0.25689757,0.7386541
phrasebank_sentences_66agree_637,"Okmetic 's products are based on high-tech expertise that generates added value for customers , innovative product development and an extremely efficient production process .",positive,phrasebank,controlled_gold_split,positive,0.0032168394,0.21424705,0.78253603
phrasebank_sentences_allagree_608,The company specialises in temporary electrification and heating at construction sites .,neutral,phrasebank,controlled_gold_split,neutral,0.0036924405,0.98266864,0.01363893
phrasebank_sentences_allagree_877,"Profit after taxes was EUR 0.1 mn , compared to EUR -0.4 mn the previous year .",positive,phrasebank,controlled_gold_split,positive,0.1411545,0.017697778,0.8411476
phrasebank_sentences_75agree_591,"According to Ringman , Finnish paper companies have acquired know-how and capacity in paper recycling , which has turned out to be a successful strategy .",positive,phrasebank,controlled_gold_split,positive,0.0060531124,0.030145671,0.96380126
phrasebank_sentences_66agree_3298,The company plans to increase the unit 's specialist staff to several dozen -- depending on the market situation during 2010 .,neutral,phrasebank,controlled_gold_split,positive,0.0036662605,0.12342722,0.8729065
phrasebank_sentences_75agree_1129,"VDW combined with LXE devices enhances productivity , enabling workers to use a single device to perform voice , scanning and keyboard functions .",positive,phrasebank,controlled_gold_split,positive,0.00385052,0.08828167,0.90786785
phrasebank_sentences_75agree_387,The revenues of the business reached NOK 12 million for 2008 .,neutral,phrasebank,controlled_gold_split,neutral,0.0036950319,0.9776133,0.018691761
phrasebank_sentences_allagree_161,Operating profit rose to EUR 103.4 mn from EUR 23.2 in the corresponding period in 2006 .,positive,phrasebank,controlled_gold_split,positive,0.011598107,0.011451797,0.97695017
phrasebank_sentences_66agree_3889,At the same time I am delighted by the fact that we were able to accomplish the organization with our own team members .,positive,phrasebank,controlled_gold_split,positive,0.0054268576,0.054782566,0.93979067
phrasebank_sentences_75agree_398,"Significance : Teleste has emphasised that with its large size and growing economy , as well as the rapid development of its TV services distribution industry , Poland is viewed as an attractive market .",positive,phrasebank,controlled_gold_split,positive,0.0038174754,0.067534335,0.9286482
phrasebank_sentences_75agree_836,"Entire paper mills may be set up , especially in the new EU member states .",neutral,phrasebank,controlled_gold_split,neutral,0.0027621454,0.9438734,0.053364385
phrasebank_sentences_allagree_1949,"Huhtamaki 's rigid plastic consumer goods operations , which are mainly in Europe , will be separated into a new reporting segment as of 1 January 2009 .",neutral,phrasebank,controlled_gold_split,neutral,0.0036562225,0.9864245,0.009919251
phrasebank_sentences_66agree_1509,Metso said it has won an order worth around 40 mln eur to supply a kraftliner board machine to China 's Lee & Man Paper Co. .,positive,phrasebank,controlled_gold_split,positive,0.008110715,0.020873878,0.9710153
phrasebank_sentences_allagree_2119,"Finnish plumbing and heating systems supplier Uponor 's net sales from continuing operations decreased by 9.4 % in 2008 to EUR 949.2 mn from EUR 1,047.4 mn in 2007 .",negative,phrasebank,controlled_gold_split,negative,0.97498286,0.020077653,0.0049394974
phrasebank_sentences_allagree_402,Major Order in India Comptel Corporation has received a significant long-term order for mediation and provisioning solutions being used by a leading operator in India .,positive,phrasebank,controlled_gold_split,positive,0.00828804,0.018659154,0.97305286
phrasebank_sentences_allagree_2115,"Finnish electronics contract manufacturer Scanfil reports net sales of EUR 58.9 mn in the second quarter of 2007 , down from EUR 62.4 mn a year earlier .",negative,phrasebank,controlled_gold_split,negative,0.9799693,0.013815656,0.0062150536
phrasebank_sentences_allagree_82,Finnish forest machinery manufacturer Ponsse 's net sales grew to EUR 51.3 mn in the first quarter of 2010 from EUR 37.5 mn in the corresponding period in 2009 .,positive,phrasebank,controlled_gold_split,positive,0.01299063,0.011862806,0.9751465
phrasebank_sentences_allagree_669,The fine print is here .,neutral,phrasebank,controlled_gold_split,neutral,0.004429495,0.96777946,0.027790973
phrasebank_sentences_75agree_754,"Our solutions are fully Arabized , and our message is that we want to become the IT partner of choice for businesses in the Near-East region .",neutral,phrasebank,controlled_gold_split,positive,0.003484155,0.12375378,0.8727621
phrasebank_sentences_75agree_1319,The insurer anticipates its share in Nordea 's net profit to be significant .,positive,phrasebank,controlled_gold_split,positive,0.003694936,0.1165711,0.8797339
phrasebank_sentences_allagree_77,- Operating profit rose by 26.9 % to EUR 105.8 ( 83.4 ) million .,positive,phrasebank,controlled_gold_split,positive,0.008698311,0.013032233,0.9782694
phrasebank_sentences_allagree_1117,"Tieto in Latvia is represented by IT services companies TietoEnator Alise and TietoEnator , which has operations in the industries of Financial Services Cards , Retail and Logistics and IT Outsourcing and Managed Services .",neutral,phrasebank,controlled_gold_split,neutral,0.0046600886,0.98683536,0.008504513
phrasebank_sentences_66agree_1097,"Neste Oil extended yesterday 's gains and put on 0.49 pct to 22.72 eur , while utility Fortum shed 1.14 pct to 20.76 eur .",neutral,phrasebank,controlled_gold_split,positive,0.014066551,0.03757059,0.9483628
phrasebank_sentences_75agree_846,Gunneflo will be responsible of Oriola-KD 's Pharmaceutical Trade business in Sweden .,neutral,phrasebank,controlled_gold_split,neutral,0.0033117335,0.98514044,0.011547803
phrasebank_sentences_allagree_818,Finnish elevators and escalators maker KONE Corporation said on Tuesday ( 18 March ) that it has received a major order from Sir Robert McAlpine to supply all elevators and escalators for the Watermark Place project in the City of London .,positive,phrasebank,controlled_gold_split,positive,0.009913083,0.023343083,0.96674377
phrasebank_sentences_allagree_955,Earnings per share EPS amounted to EUR0 .01 .,neutral,phrasebank,controlled_gold_split,neutral,0.0056130304,0.9786985,0.01568842
phrasebank_sentences_allagree_1808,The per-share subscription price of the shares subscribed with the option rights was EUR 1.35 .,neutral,phrasebank,controlled_gold_split,neutral,0.005073108,0.9887233,0.0062035727
phrasebank_sentences_allagree_1777,"The executive said that countries such as Brazil , Chile , Argentina and Mexico will lead the adoption in the business Ethernet services segment , while Brazil and Mexico will be the early adopters of carrier Ethernet for mobile backhaul .",neutral,phrasebank,controlled_gold_split,neutral,0.0027739096,0.9133624,0.083863735
phrasebank_sentences_75agree_3137,The recent troubles simply make NETeller cheaper .,negative,phrasebank,controlled_gold_split,neutral,0.012777006,0.8766982,0.110524796
phrasebank_sentences_66agree_1338,Ruukki is restructuring commercial and industrial construction operations in pursuit of permanent improvements whilst adjusting operations to market conditions .,neutral,phrasebank,controlled_gold_split,positive,0.0043533365,0.25562114,0.7400255
phrasebank_sentences_50agree_869,"Nokia will provide Indosat turnkey services , including civil works , network planning , implementation and integration of a WCDMA 3G-HSPA network .",neutral,phrasebank,controlled_gold_split,neutral,0.0021995816,0.9446053,0.05319512
phrasebank_sentences_allagree_1722,The agreement includes the entire process of managing Mercator 's supply chain in all regions where the company is currently present .,neutral,phrasebank,controlled_gold_split,neutral,0.0024853856,0.96238273,0.035131898
phrasebank_sentences_allagree_1447,"The huge bridge girders will be delivered to the site from our plant in Ylivieska , Finland .",neutral,phrasebank,controlled_gold_split,neutral,0.0030519457,0.9758974,0.021050654
phrasebank_sentences_allagree_2148,"( ADP News ) - Feb 4 , 2009 - Finnish broadband data communication systems and solutions company Teleste Oyj ( HEL : TLT1V ) said today its net profit decreased to EUR 5.5 million ( USD 7.2 m ) for 2008 from EUR 9.4 million for 200",negative,phrasebank,controlled_gold_split,negative,0.966447,0.02907749,0.004475537
phrasebank_sentences_50agree_2812,"As a result of the negotiations , the company will terminate total 5 employment contracts .",negative,phrasebank,controlled_gold_split,negative,0.9619294,0.032739095,0.005331478
phrasebank_sentences_75agree_2368,The volumes are expected to increase during the next few years .,positive,phrasebank,controlled_gold_split,positive,0.005045505,0.033451587,0.961503
phrasebank_sentences_66agree_1475,"By acquiring RCP , we can combine our strong knowhow with the expertise of a solid local company .",positive,phrasebank,controlled_gold_split,positive,0.0037724737,0.062252447,0.93397504
phrasebank_sentences_allagree_1845,"These new units will be built at Cargotec 's state of the art manufacturing facility in San Antonio , Texas , USA , which started operations in 2009 .",neutral,phrasebank,controlled_gold_split,neutral,0.0025631562,0.92330366,0.074133195
phrasebank_sentences_allagree_277,"Biohit Oyj develops , manufactures and markets liquid handling products and diagnostic test systems for use in research , healthcare and industrial laboratories .",neutral,phrasebank,controlled_gold_split,neutral,0.0034842233,0.9812921,0.015223718
phrasebank_sentences_50agree_2018,"In addition to the Indian market , the new plant will serve Salcomp 's customers globally , the company said .",positive,phrasebank,controlled_gold_split,neutral,0.002933035,0.6901957,0.30687127
phrasebank_sentences_75agree_1292,"In 2006 the company 's net sales amounted to approximately EUR259m and it has some 8,000 employees .",neutral,phrasebank,controlled_gold_split,neutral,0.0039308956,0.9865933,0.009475885
phrasebank_sentences_allagree_1314,Number of offers received for this contract is two .,neutral,phrasebank,controlled_gold_split,neutral,0.0041246396,0.9744005,0.021474818
phrasebank_sentences_75agree_575,"`` We continued actively to focus R&D and to position our offering away from point solutions towards dynamic end-to-end solutions , '' Ervio stated .",positive,phrasebank,controlled_gold_split,positive,0.0052622952,0.05083747,0.94390017
phrasebank_sentences_50agree_2797,"Also the city 's insurance company , If P & C Insurance , has said it will not pay compensation .",negative,phrasebank,controlled_gold_split,neutral,0.03431213,0.95263267,0.01305525
phrasebank_sentences_allagree_1118,"Together with Latvia , Cramo will operate 54 rental outlets in the Baltic States .",neutral,phrasebank,controlled_gold_split,neutral,0.0023826128,0.9537344,0.043883033
phrasebank_sentences_allagree_2179,The Group 's order portfolio decreased from EUR 42.9 mn in 9-2007 to EUR 33.3 mn in 2-2008 .,negative,phrasebank,controlled_gold_split,negative,0.9675432,0.027797759,0.0046591014
phrasebank_sentences_75agree_917,"The company has delivered the technical infrastructure , used by NAV for their data warehouse and business intelligence initiatives .",neutral,phrasebank,controlled_gold_split,neutral,0.002284709,0.92351943,0.074195795
phrasebank_sentences_allagree_1729,"The business is organised , as of February 1 , 2011 , in a way that production of design services is combined into one entity , Etteplan Operations .",neutral,phrasebank,controlled_gold_split,neutral,0.003259598,0.9868268,0.00991361
phrasebank_sentences_allagree_1887,"Operating loss totalled EUR 5.2 mn , compared to a loss of EUR 3.4 mn in the corresponding period in 2008-2009 .",negative,phrasebank,controlled_gold_split,negative,0.8811026,0.03172025,0.0871771
phrasebank_sentences_50agree_1822,"With Aldata , we can help retailers ensure that their merchandising and selections reflect customer demand and their evolving shopping behavior . ''",neutral,phrasebank,controlled_gold_split,positive,0.0037573264,0.2502444,0.74599826
phrasebank_sentences_50agree_800,16 February 2011 - Finnish industrial machinery company Metso Oyj ( HEL : MEO1V ) said today it will deliver minerals processing equipment and basic engineering to Canadian miner Northland Resources ( OSL : NAUR ) ( TSE : NAU ) .,positive,phrasebank,controlled_gold_split,neutral,0.0038345566,0.8312745,0.16489094
phrasebank_sentences_allagree_650,Aspo has also investigated the sales opportunities of Kaukomarkkinat 's electronics business .,neutral,phrasebank,controlled_gold_split,neutral,0.0053988323,0.97598606,0.018615147
phrasebank_sentences_allagree_1264,"Indigo and Somoncom serve 377,000 subscribers and had a market share of approximately 27 % as of May 2007 .",neutral,phrasebank,controlled_gold_split,neutral,0.0027523232,0.97989494,0.0173528
phrasebank_sentences_66agree_1753,"Finnish forest machinery and equipment maker Ponsse Oyj said on October 5 , 2007 it will deliver a total of 67 cut-to-length method forest machines and 44 harvester heads to Brazilian paper maker Bahia Pulp and to unnamed Uruguayan wood harvesting contractors .",positive,phrasebank,controlled_gold_split,neutral,0.0030034934,0.90574735,0.09124921
phrasebank_sentences_allagree_466,Operating profit improved to EUR 20.3 mn from EUR 11.4 mn .,positive,phrasebank,controlled_gold_split,positive,0.011846251,0.010556872,0.9775968
phrasebank_sentences_50agree_1865,The company 's main shareholders Lihakunta and Itikka Osuuskunta have both made a commitment to acquire shares worth EUR 20mn .,neutral,phrasebank,controlled_gold_split,positive,0.004649408,0.3349843,0.6603663
phrasebank_sentences_allagree_245,"Revenue from July to September grew 21 percent to EURO 2.3 billion , the Finnish company said Thursday .",positive,phrasebank,controlled_gold_split,positive,0.0058527077,0.023238506,0.97090876
phrasebank_sentences_allagree_248,Sales in Finland rose by 3.9 % and international growth was 0.7 % .,positive,phrasebank,controlled_gold_split,positive,0.007332838,0.015223364,0.97744375
phrasebank_sentences_75agree_2177,The company does not at present hold any of its own shares .,neutral,phrasebank,controlled_gold_split,neutral,0.0057019377,0.98839206,0.0059059616
phrasebank_sentences_allagree_1621,"Currently it operates a fleet of eight carriers , as well as nine pushers and barges .",neutral,phrasebank,controlled_gold_split,neutral,0.0030003446,0.98023236,0.016767295
phrasebank_sentences_allagree_1023,Solteq Plc ANNOUNCEMENT 16.12.2010 SHARE REPURCHASE 16.12.2010 In the Helsinki Stock Exchange Solteq Plc now holds a total of 486.969 shares including the shares repurchased on 16.12.2010 .,neutral,phrasebank,controlled_gold_split,neutral,0.0042637773,0.9868237,0.0089125475
phrasebank_sentences_75agree_2302,"The Process Products orders are for the installation of separation-filtration equipment at three natural gas pipeline projects in China , South America , and Saudi Arabia .",neutral,phrasebank,controlled_gold_split,neutral,0.0036255536,0.9781502,0.01822425
phrasebank_sentences_50agree_1137,A new production line is being completed for the contract production of hormone treatments .,positive,phrasebank,controlled_gold_split,neutral,0.0041662487,0.6171196,0.3787141
phrasebank_sentences_50agree_704,"Asimilar agreement was signed between China Mobile Ltd. ( SEHK : 0941 and NYSE : CHL ) , the largest mobile carrier , and theGPS and social networking service provider , promoting GyPSii service before Beijing 2008 Olympic Games , according to thelatest news .",positive,phrasebank,controlled_gold_split,positive,0.0053640087,0.04370086,0.9509352
phrasebank_sentences_50agree_822,"An estimated 30 pct of mobile calls are made from the home , and France Telecom hopes that 15 pct of its Orange clients will sign up for the service by the end of 2008 .",neutral,phrasebank,controlled_gold_split,neutral,0.003169031,0.8368106,0.16002034
phrasebank_sentences_50agree_1816,"The CL51 is designed to measure cloud base height and vertical visibility in all weather conditions , which makes it an ideal instrument for meteorological applications that rely on reliable cloud height detection .",positive,phrasebank,controlled_gold_split,neutral,0.0030819708,0.81700677,0.17991127
phrasebank_sentences_50agree_1245,"Iggesunds Bruk in Sweden is one of the most advanced , fully integrated pulp and paperboard mills in the world .",positive,phrasebank,controlled_gold_split,positive,0.0036772613,0.3821155,0.6142072
phrasebank_sentences_66agree_734,DMASIA-16 August 2006-Benefon extends manufacturing capability with ASMobile -® 2006 Digitalmediaasia.com & DMA Ltd. .,positive,phrasebank,controlled_gold_split,positive,0.0066451323,0.02620512,0.96714973
phrasebank_sentences_50agree_1113,"This implementation will upgrade the existing system , enabling voicemail and video mail to be housed on the same platform .",neutral,phrasebank,controlled_gold_split,positive,0.0031912727,0.15082689,0.84598184
phrasebank_sentences_66agree_3721,They are also upset that some of the machinery and work is taken over to Poland .,negative,phrasebank,controlled_gold_split,negative,0.9416599,0.05301792,0.0053220736
phrasebank_sentences_allagree_1736,"The Committee proposes the following remuneration : a monthly remuneration of EUR 5,000 for the Chairman , EUR 3,500 for the Deputy Chairman , and EUR 2,500 for the other Board members .",neutral,phrasebank,controlled_gold_split,neutral,0.003132802,0.97663724,0.02022991
phrasebank_sentences_allagree_1405,The company said that the results of the third quarter do not include non-recurring items .,neutral,phrasebank,controlled_gold_split,neutral,0.0076650595,0.9873956,0.004939278
phrasebank_sentences_allagree_2003,"The equipment is designated to Bollore Africa Logistics terminal Societe d'Exploitation du Terminal de Vridi SETV in Abidjan , Ivory Coast and the delivery is scheduled to start in March 2010 .",neutral,phrasebank,controlled_gold_split,neutral,0.0036637327,0.986522,0.009814237
phrasebank_sentences_allagree_1149,"According to Finnish FIM Bank , Alpro 's price would be around EUR 100mn-150mn .",neutral,phrasebank,controlled_gold_split,neutral,0.005067791,0.98768705,0.007245111
phrasebank_sentences_allagree_86,"At the end of March 2007 , the group 's order book was at EUR 39.6 mn , up 42 % from the corresponding period in 2006 .",positive,phrasebank,controlled_gold_split,positive,0.009172572,0.0122111635,0.9786163
phrasebank_sentences_allagree_381,Cash Flow from Operations for the most recent quarter also reached a eight year low .,negative,phrasebank,controlled_gold_split,negative,0.97307837,0.022890199,0.004031492
phrasebank_sentences_allagree_1942,"Alpina Sports is a Lebanon , New Hampshire USA based distributor of e.g. Alpina ski shoes and skis , Exel ski poles , Start ski waxes and now also Peltonen cross-country skis .",neutral,phrasebank,controlled_gold_split,neutral,0.0038177797,0.9828439,0.01333838
phrasebank_sentences_allagree_1183,Bluewin Security is available as a monthly subscription .,neutral,phrasebank,controlled_gold_split,neutral,0.0041934303,0.9867893,0.0090172915
phrasebank_sentences_66agree_1036,Currently more than 100 of Global Fortune 500 companies are using SSH security solutions .,neutral,phrasebank,controlled_gold_split,neutral,0.0031331922,0.9786685,0.018198326
phrasebank_sentences_66agree_3977,"In the fourth quarter of 2009 , Atria 's net loss shrank to EUR 1.2 million from EUR 5.9 million and net sales contracted to EUR 340.4 million from EUR 361.1 million .",positive,phrasebank,controlled_gold_split,positive,0.36906692,0.013163948,0.61776906
phrasebank_sentences_66agree_2669,"Simultaneously with this merger plan another merger plan has been signed , according to which Suomen Projektivuokraus Oy , a subsidiary of VTM-Rakennuskonevuokraamo Oy , would be merged with VTM-Rakennuskonevuokraamo Oy .",neutral,phrasebank,controlled_gold_split,neutral,0.0030053954,0.9685497,0.028444868
phrasebank_sentences_50agree_3987,The personnel reductions will primarily affect those working for the parent company in the diagnostics business or in production and logistics in the liquid handling business .,negative,phrasebank,controlled_gold_split,neutral,0.3938089,0.59291166,0.013279445
phrasebank_sentences_allagree_762,"Finnish Suominen Corporation that makes wipes , nonwovens , and flexible packaging , has a plant near Warsaw , in Poland , that makes flexible packaging .",neutral,phrasebank,controlled_gold_split,neutral,0.005593972,0.9859095,0.008496534
phrasebank_sentences_50agree_3790,The company decided at the end of 2008 to temporarily shut down its ammonia plant in Billingham and extend the maintenance period at its Ince facility .,negative,phrasebank,controlled_gold_split,neutral,0.13313116,0.85258114,0.014287732
phrasebank_sentences_allagree_81,Finnish financial group Aktia 's operating profit for 2009 increased to EUR 47.0 mn from EUR 6.6 mn in 2008 .,positive,phrasebank,controlled_gold_split,positive,0.011236811,0.010291358,0.9784718
phrasebank_sentences_allagree_490,At CapMan Haavisto will be responsible for Group Finances and Accounting and IT .,neutral,phrasebank,controlled_gold_split,neutral,0.003811079,0.9868845,0.0093044285
phrasebank_sentences_66agree_1626,"Swedish telco TeliaSonera is teaming up with Friends , a Swedish organization against bullying , to fight bullying of children and teenagers via electronic channels .",neutral,phrasebank,controlled_gold_split,positive,0.0071941195,0.25323024,0.73957556
phrasebank_sentences_allagree_1847,This wood lacquered clock comes with a stripy hand-crocheted cover .,neutral,phrasebank,controlled_gold_split,neutral,0.005721695,0.9812196,0.013058776
phrasebank_sentences_allagree_633,The transaction is expected to be completed next spring .,neutral,phrasebank,controlled_gold_split,neutral,0.0039976016,0.986816,0.009186415
phrasebank_sentences_75agree_2884,"The fair value change of investment properties was EUR 15.8 mn , compared to EUR 22.9 mn in the third quarter of 2009 .",negative,phrasebank,controlled_gold_split,positive,0.21854436,0.05518926,0.7262663
phrasebank_sentences_75agree_3122,"On top of that , the US Commerce Department published worse-than-expected construction spending figures for November .",negative,phrasebank,controlled_gold_split,negative,0.9707276,0.023796769,0.0054756533
phrasebank_sentences_allagree_1627,"ENP Newswire - 22 March 2011 Release date - 21032011 - A total of 13,000 Talvivaara Mining Company Plc 's new shares were subscribed for during the period between 1 January 2011 and 28 February 2011 under the company 's stock option rights 2007A .",neutral,phrasebank,controlled_gold_split,neutral,0.004016683,0.98766077,0.008322578
phrasebank_sentences_allagree_495,"Conference Call To participate via a conference call , please dial in 5-10 minutes before the beginning of the event : +44 0 20 7162 0025 Europe or +1 334-á323-á6201 USA .",neutral,phrasebank,controlled_gold_split,neutral,0.0048483526,0.9864066,0.008745005
phrasebank_sentences_75agree_1356,"Following the payment made in April , the company has a total of EUR 23.0 million in loans from financial institutions .",neutral,phrasebank,controlled_gold_split,neutral,0.0029788027,0.96940035,0.027620886
phrasebank_sentences_75agree_1123,"To showcase our end-to-end capabilities at the Mobile World Congress , we arranged an internal MeeGo application development competition to entice developers to create new applications .",neutral,phrasebank,controlled_gold_split,positive,0.0038653635,0.19499116,0.8011435
phrasebank_sentences_75agree_1054,Pharmaceuticals - Czech Republic This brand-new market analysis gives a clear overview of the actual situation and future outlook of the pharmaceutical market in Czech Republic .,neutral,phrasebank,controlled_gold_split,neutral,0.0035846876,0.9823548,0.014060515
phrasebank_sentences_75agree_2856,Expense ratio was 102.6 % compared to 92.9 % in the corresponding period in 2005 .,negative,phrasebank,controlled_gold_split,positive,0.14869358,0.07106581,0.7802407
phrasebank_sentences_allagree_1967,"The copying , republication or redistribution of AFX News Content , inculding by framing or similar means , is expressly prohibited without the prior written consent of AFX News .",neutral,phrasebank,controlled_gold_split,neutral,0.007544966,0.98530465,0.0071504097
phrasebank_sentences_allagree_1342,Raisio is the site of the main production plants as well as company headquarters .,neutral,phrasebank,controlled_gold_split,neutral,0.0039133793,0.98028046,0.015806122
phrasebank_sentences_allagree_484,"Poyry 's contract includes engineering management , civil and detail engineering services , and time scheduling and procurement services .",neutral,phrasebank,controlled_gold_split,neutral,0.006358007,0.98793155,0.005710423
phrasebank_sentences_75agree_1208,"Finnish newspaper publisher Sanoma , of media group SanomaWSOY , is merging its free sheets Uutislehti 100 and Metro as of mid-September 2008 to form a new free sheet to be named Metro .",neutral,phrasebank,controlled_gold_split,neutral,0.003235633,0.98340535,0.013359039
phrasebank_sentences_66agree_2768,"The decision means temporary lay-offs of fixed duration at the company 's Nastola and Jyvaskyla units , in southern and central Finland , respectively .",negative,phrasebank,controlled_gold_split,negative,0.8992988,0.09238647,0.008314671
phrasebank_sentences_allagree_1261,"Incap , headquartered in Oulu , Finland , is a electronics contract manufacturer with some 750 employees in Finland , Estonia and India .",neutral,phrasebank,controlled_gold_split,neutral,0.005777261,0.98592293,0.008299826
phrasebank_sentences_66agree_1328,Pharmaceuticals - Italy This brand-new market analysis gives a clear overview of the actual situation and future outlook of the pharmaceutical market in Italy .,neutral,phrasebank,controlled_gold_split,neutral,0.0034548128,0.9806403,0.015904844
phrasebank_sentences_75agree_319,"The Finnish supplier of BSS-OSS and VAS for telecom operators , Tecnotree , has received expansion orders worth a total US$ 7.3 mn for its convergent charging and next generation messaging solutions in Latin America , the company announced without specifying which operators had placed the orders .",positive,phrasebank,controlled_gold_split,positive,0.0070279352,0.030201776,0.9627703
phrasebank_sentences_allagree_54,Construction volumes meanwhile grow at a rate of 10-15 percent annually .,positive,phrasebank,controlled_gold_split,positive,0.005135835,0.15115753,0.8437067
phrasebank_sentences_75agree_1902,"Blyk is launching first in the UK market in mid-2007 , with other markets to follow .",neutral,phrasebank,controlled_gold_split,neutral,0.0026147142,0.91468227,0.08270304
phrasebank_sentences_allagree_1820,The studies are expected to start in 2008 .,neutral,phrasebank,controlled_gold_split,neutral,0.00400914,0.9829222,0.013068666
phrasebank_sentences_allagree_876,Operating profit totaled EUR 17.7 mn compared to EUR 17.6 mn in the corresponding period in 2007 .,positive,phrasebank,controlled_gold_split,positive,0.105764546,0.016857397,0.87737805
phrasebank_sentences_75agree_1797,This is the company 's first contract abroad .,neutral,phrasebank,controlled_gold_split,neutral,0.004050323,0.818432,0.17751764
phrasebank_sentences_50agree_68,"The contract covers HDO platform , AC800 and CXE880 optical Fttb nodes designed to increase the forward and return path capacity of the transmission networks .",positive,phrasebank,controlled_gold_split,positive,0.0036619205,0.051775314,0.94456273
phrasebank_sentences_allagree_2154,Net sales decreased to EUR 220.5 mn from EUR 470.0 mn in the corresponding period in 2009 .,negative,phrasebank,controlled_gold_split,negative,0.97437525,0.020420967,0.0052037244
phrasebank_sentences_75agree_713,"Amer Sports divests an industrial site in Rumilly , France -  This announcement is distributed by Thomson Reuters on behalf of Thomson Reuters clients .",neutral,phrasebank,controlled_gold_split,neutral,0.003098487,0.9830692,0.013832317
phrasebank_sentences_allagree_2112,Finnish Bank of +àland reports its operating profit fell to EUR 4.9 mn in the third quarter of 2007 from EUR 5.6 mn in the third quarter of 2006 .,negative,phrasebank,controlled_gold_split,negative,0.9774105,0.018452136,0.004137381
phrasebank_sentences_75agree_2574,M+ñkel+ñ is demanding a new Board for the company as well as discussions on the merger of Alma media and media company Talentum .,neutral,phrasebank,controlled_gold_split,neutral,0.0036921876,0.97877055,0.017537205
phrasebank_sentences_allagree_408,"Ragutis , which is based in Lithuania 's second-largest city Kaunas , boosted its sales last year 22.3 per cent to 36.4 million liters .",positive,phrasebank,controlled_gold_split,positive,0.0070147146,0.016893284,0.97609204
phrasebank_sentences_75agree_990,"`` As defences mature , attackers develop Trojans that are equipped with content filters to detect online banking activity for capturing account details using methods such as form grabbing , screen shots , video captures , keylogging and injection of form fields .",neutral,phrasebank,controlled_gold_split,neutral,0.008152378,0.98078054,0.011067066
phrasebank_sentences_allagree_249,Sales of security and system packaging increased slightly .,positive,phrasebank,controlled_gold_split,positive,0.007565857,0.013047121,0.979387
phrasebank_sentences_allagree_645,"`` The industry is coming to an interesting fork in the road as both handset manufacturers and wireless carriers attempt to serve as the portal for Web-based service to your wireless handset , '' he wrote .",neutral,phrasebank,controlled_gold_split,neutral,0.0041664983,0.6718827,0.32395077
phrasebank_sentences_66agree_798,The parties have also agreed on options that allow UH to extensively implement later on also functionalities of human resources management .,positive,phrasebank,controlled_gold_split,positive,0.004357587,0.10474349,0.89089894
phrasebank_sentences_allagree_418,Finnish Outokumpu Technology has been awarded several new grinding technology contracts .,positive,phrasebank,controlled_gold_split,positive,0.0067715473,0.021062521,0.97216594
phrasebank_sentences_allagree_536,"According to Seikku , the retail sector in Finland is controlled by 3-4 large actors , while food manufacturers are still relatively small .",neutral,phrasebank,controlled_gold_split,neutral,0.0067721484,0.985636,0.0075918566
phrasebank_sentences_50agree_1961,Our purchase to pay solutions enable companies to gain visibility and control over business-critical financial processes .,neutral,phrasebank,controlled_gold_split,positive,0.003655568,0.18190382,0.8144406
phrasebank_sentences_allagree_905,He will report to CapMan Plc 's CEO Heikki Westerlund .,neutral,phrasebank,controlled_gold_split,neutral,0.005773383,0.9871874,0.007039242
phrasebank_sentences_75agree_783,"The value of the deal exceeds EUR500 ,000 , the company said .",neutral,phrasebank,controlled_gold_split,neutral,0.0029264847,0.97877514,0.01829833
phrasebank_sentences_allagree_99,"Both operating profit and sales for the three-month period increased , respectively from EUR0 .3 m and EUR13 .1 m , as compared to the corresponding period in 2005 .",positive,phrasebank,controlled_gold_split,positive,0.009705565,0.011833586,0.97846085
phrasebank_sentences_75agree_1611,"In addition , the existing service counter area in the reception hall will be rebuilt and access provided to local rail connections .",neutral,phrasebank,controlled_gold_split,positive,0.0041523227,0.1960089,0.7998387
phrasebank_sentences_allagree_491,"Cablevision Systems Corp. CVC Their Madison Square Garden division owns and operates the New York Knickerbockers basketball team ; they also own the Madison Square Garden Arena , the New York Rangers hockey team , the New York Liberty women 's basketball team , and the Hartford Wolf Pack hockey team .",neutral,phrasebank,controlled_gold_split,neutral,0.0046023354,0.9880215,0.0073760888
phrasebank_sentences_allagree_1076,The first group of customers to be trained will be paint-shop owners and their assistants .,neutral,phrasebank,controlled_gold_split,neutral,0.0031865318,0.9779863,0.018827155
phrasebank_sentences_50agree_4435,"`` The considerably weaker U.S. dollar and British pound had an impact on sales and average prices in euros , '' UPM said .",negative,phrasebank,controlled_gold_split,negative,0.94218254,0.04069516,0.017122382
phrasebank_sentences_allagree_2055,"` The stable outlook reflects Nokia 's strong market position in the global mobile handset market , strong cash flow generation , and very conservative balance sheet , ' said Raab .",positive,phrasebank,controlled_gold_split,positive,0.004773571,0.05666835,0.9385581
phrasebank_sentences_66agree_1687,"Operating income was EUR -24.9 mn , including EUR 15.3 mn of restructuring expenses .",neutral,phrasebank,controlled_gold_split,neutral,0.016806288,0.9748659,0.008327845
phrasebank_sentences_66agree_935,"Pearl Plaza LLC , the joint venture of SRV and Shanghai Industrial Investment Holdings Co Ltd , has concluded the investment decision on construction of the first phase of the shopping center in Saint Petersburg , Russia .",positive,phrasebank,controlled_gold_split,neutral,0.0049466733,0.83027935,0.16477399
phrasebank_sentences_75agree_2881,Rivals say Qualcomm has fewer patents on 3G phones than on earlier versions and should lower its rates .,negative,phrasebank,controlled_gold_split,neutral,0.10697819,0.71377957,0.17924224
phrasebank_sentences_50agree_1859,Panostaja is a financially secure Finnish multi-field corporation that creates healthy companies and company entities .,neutral,phrasebank,controlled_gold_split,positive,0.0039991466,0.4524135,0.5435873
phrasebank_sentences_allagree_1105,The proposal by the Board of Directors on the issuance of option rights will otherwise correspond to the proposal by the Board of Directors in the Notice to the General Meeting .,neutral,phrasebank,controlled_gold_split,neutral,0.0055050463,0.9884073,0.006087583
phrasebank_sentences_50agree_2235,The long-term contract is global .,positive,phrasebank,controlled_gold_split,neutral,0.00374851,0.9840443,0.012207158
phrasebank_sentences_75agree_1749,The ground barleycorn has been fully produced in Finland and will be available in stores as of the beginning of 2010 .,neutral,phrasebank,controlled_gold_split,neutral,0.0024715893,0.9570405,0.04048793
phrasebank_sentences_66agree_3898,"W+ñrtsil+ñ 's solution has been selected for its low fuel consumption , environmentally sound technology , and global service support .",positive,phrasebank,controlled_gold_split,positive,0.003773069,0.06937384,0.92685306
phrasebank_sentences_allagree_1849,Total value of the contract is about EUR 10mn .,neutral,phrasebank,controlled_gold_split,neutral,0.005835253,0.9871055,0.007059309
phrasebank_sentences_allagree_743,"`` This vessel order will help Aspo secure the long-term competitiveness of its fleet , both in terms of technology and pricing .",positive,phrasebank,controlled_gold_split,positive,0.003960569,0.049369704,0.9466697
phrasebank_sentences_66agree_389,"Furthermore , Bunge will also sign a licensing agreement for the Sunnuntai and Carlshamn Mejeri brands .",positive,phrasebank,controlled_gold_split,positive,0.0044823205,0.062866285,0.9326514
phrasebank_sentences_allagree_1932,Olli-Pekka Laine has been appointed as the Chairman and Erkki Pehu-Lehtonen as the Vice Chairman of the Board .,neutral,phrasebank,controlled_gold_split,neutral,0.0045625004,0.98522574,0.010211708
phrasebank_sentences_66agree_948,The cooperation with airBaltic is expected to lead to the transfer of Finncomm to the ownership of airBaltic in time .,neutral,phrasebank,controlled_gold_split,neutral,0.0027133103,0.90747803,0.089808635
phrasebank_sentences_75agree_2944,Olli-Pekka Kallasvuo was elected as vice chairman of the Board .,neutral,phrasebank,controlled_gold_split,neutral,0.004833374,0.97095406,0.024212595
phrasebank_sentences_75agree_1863,Aldata noted that its Voice Supply Chain Technology approach enables VDW to integrate with warehouse management systems .,neutral,phrasebank,controlled_gold_split,positive,0.003008397,0.12961791,0.8673737
phrasebank_sentences_75agree_1526,"A total of 185 Wonderware Certified SIs are available to integrate and support Wonderware products such as InTouch -« HMI software , IndustrialSQL Server historian , Wonderware Information Server , DT Analyst software or QI Analyst SPC software .",neutral,phrasebank,controlled_gold_split,neutral,0.002528753,0.97535783,0.02211339
phrasebank_sentences_allagree_1095,The new SEPA cads will replace Finnish bank cards .,neutral,phrasebank,controlled_gold_split,neutral,0.002987479,0.9703269,0.026685681
phrasebank_sentences_allagree_1129,"Finnish printed circuit boards ( PCBs ) maker Aspocomp Group Oyj said on December 4 , 2006 it named Henry Gilchrist senior vice president of the group 's Asian operations , as of January 8 , 2007 .",neutral,phrasebank,controlled_gold_split,neutral,0.004639484,0.9843928,0.010967702
phrasebank_sentences_75agree_1942,Elisa has commissioned Finland 's Poyry Telecom Oy to conduct a study of reception in some of Estonia 's largest cities besides Tallinn .,neutral,phrasebank,controlled_gold_split,neutral,0.0032475463,0.96040285,0.036349587
phrasebank_sentences_allagree_516,"The inventors are Mukkavilli Krishna Kiran , Sabharwal Ashutosh and Aazhang Behnaam .",neutral,phrasebank,controlled_gold_split,neutral,0.0036699073,0.9843321,0.011997961
phrasebank_sentences_50agree_1664,The upgraded factory is scheduled to come on stream in the summer of 2008 .,neutral,phrasebank,controlled_gold_split,neutral,0.0024062484,0.96131605,0.036277715
phrasebank_sentences_allagree_2097,"Below are consolidated , unaudited results for Amanda Capital under IFRS reporting standards .",neutral,phrasebank,controlled_gold_split,neutral,0.0073230583,0.98668253,0.0059944424
phrasebank_sentences_allagree_1944,An international conference call and audio webcast concerning the financial result January-March 2010 will begin at 14.00 EET .,neutral,phrasebank,controlled_gold_split,neutral,0.0040489417,0.9888102,0.0071408967
phrasebank_sentences_50agree_3571,"Deutsche Beteiligungs , as well as a private equity fund it manages , first bought 75 % of MCE in a secondary buyout from White Plains , N.Y. , financial investor Andlinger & Co. in 2007 .",neutral,phrasebank,controlled_gold_split,neutral,0.0030901274,0.965217,0.03169292
phrasebank_sentences_allagree_428,"Finnair PLC carried a record 8.8 million passengers in 2006 , an increase of 3.5 percent on the previous year , the Finnish national carrier reported Tuesday .",positive,phrasebank,controlled_gold_split,positive,0.007577924,0.019106794,0.97331524
phrasebank_sentences_66agree_1718,"`` Neste Oil is working with over 20 research communities in Europe , America , Africa , Asia , and Australia to develop and introduce new raw materials .",positive,phrasebank,controlled_gold_split,positive,0.003975127,0.1542391,0.8417857
phrasebank_sentences_allagree_627,The server is responsible for managing devices and user accounts and a desktop client application enables remote access to the mobile phones .,neutral,phrasebank,controlled_gold_split,neutral,0.0044508562,0.9877604,0.0077886432
phrasebank_sentences_allagree_555,"EQT has completed its exit from Salcomp , a Finnish company that makes mobile phone chargers , by selling its remaining stake to Swedish investment group Nordstjernan for about ( EURO ) 35 million ( $ 47 million ) .",neutral,phrasebank,controlled_gold_split,neutral,0.0039278655,0.9819894,0.014082763
phrasebank_sentences_allagree_801,"Fiskars , a 360-year-old global business best known for its orange-handled scissors , expects to derive synergies of EUR5 million a year by consolidating certain parts of the housewares division where the two compete .",positive,phrasebank,controlled_gold_split,positive,0.0032567221,0.14346938,0.85327387
