id,text,label,dataset_name,split_source,prediction,confidence,entropy,abstain,proba_negative,proba_neutral,proba_positive
phrasebank_sentences_75agree_751,"Nonwovens and specialty papers , made by Ahlstrom , are used in a large variety of everyday products , e.g. in filters , wipes , flooring , labels , and tapes .",neutral,phrasebank,controlled_gold_split,neutral,0.94252306,0.25970128,False,0.030488167,0.94252306,0.026988715
phrasebank_sentences_allagree_117,Finnish department store chain Stockmann Oyj Abp net profit rose to 39.8 mln euro ( $ 56.8 mln ) for the first nine months of 2007 from 37.4 mln euro ( $ 53.4 mln ) for the same period of 2006 .,positive,phrasebank,controlled_gold_split,positive,0.95257664,0.22304682,False,0.027723702,0.019699702,0.95257664
phrasebank_sentences_75agree_1310,"The Board of Directors proposes to the Shareholders ' Meeting on 18 March 2010 that the company would pay dividend for the financial year January 1 - December 31 , 2009 , EUR 0.02 per share .",neutral,phrasebank,controlled_gold_split,neutral,0.9421293,0.2569245,False,0.017975708,0.9421293,0.03989505
phrasebank_sentences_allagree_945,"Consisting of seven interconnected units , Mega Image 's logistics center will be 347 metres in length and 12 metres in height .",neutral,phrasebank,controlled_gold_split,neutral,0.90174544,0.35192132,False,0.009264635,0.90174544,0.08898989
phrasebank_sentences_allagree_406,Performance in the second half of 2009 exceeded expectations .,positive,phrasebank,controlled_gold_split,positive,0.9525323,0.22274277,False,0.028937086,0.0185307,0.9525323
phrasebank_sentences_66agree_2316,"19 May 2010 - Finnish company Lemminkainen Oyj ( HEL : LEM1S ) said today that it will construct an office building at Toolonlahti in downtown Helsinki , without disclosing financial details .",neutral,phrasebank,controlled_gold_split,neutral,0.9348105,0.2745149,False,0.013687005,0.9348105,0.051502496
phrasebank_sentences_50agree_3969,"UPM is the biggest producer of magazine paper in Europe , with a market share of over 30 pct , and it is likely to say that prices in the segment were at best flat during the quarter , analysts said .",neutral,phrasebank,controlled_gold_split,positive,0.61060154,0.89201033,False,0.28778616,0.10161224,0.61060154
phrasebank_sentences_allagree_373,Salonen added that data shows producers ' pulp inventories in North America are declining . ',negative,phrasebank,controlled_gold_split,negative,0.9690507,0.15916276,False,0.9690507,0.017682917,0.013266337
phrasebank_sentences_allagree_126,"For the first nine months of 2010 , the company 's net profit rose to EUR41m from EUR30m for the corresponding period of 2009 .",positive,phrasebank,controlled_gold_split,positive,0.9487901,0.23755854,False,0.025567297,0.025642654,0.9487901
phrasebank_sentences_allagree_1157,"After the restructuring , UPM 's average paper machine capacity in Europe will be 320,000 tons ( 350,000 short tons ) in coated magazine paper and 420,000 tons ( 460,000 short tons ) in coated fine paper .",neutral,phrasebank,controlled_gold_split,neutral,0.8871353,0.38653633,False,0.01012652,0.8871353,0.10273811
phrasebank_sentences_allagree_638,"Utah 's capital wanted to be the next U.S. headquarters of Amer Sports Corp. , a ski-equipment company .",neutral,phrasebank,controlled_gold_split,neutral,0.89110446,0.3800084,False,0.011076185,0.89110446,0.09781939
phrasebank_sentences_66agree_3055,"ASPO Plc STOCK EXCHANGE ANNOUNCEMENT May 4 , 2006 at 10:00 a.m. An increase in the share capital of Aspo Plc totaling EUR 1,125.60 was registered today .",positive,phrasebank,controlled_gold_split,positive,0.8694901,0.4225512,False,0.009960247,0.120549686,0.8694901
phrasebank_sentences_allagree_255,The economic occupancy rate of Sponda 's property portfolio rose to 91.2 % from 88.8 % in 2006 .,positive,phrasebank,controlled_gold_split,positive,0.95574266,0.21192229,False,0.022039492,0.022217836,0.95574266
phrasebank_sentences_50agree_1230,"GeoSentric 's flagship product is the GyPSii platform , which uses pioneering geo-location software technology to connect people to people , and people to places with new and exciting social community and location-specific services .",neutral,phrasebank,controlled_gold_split,neutral,0.79101306,0.54423773,False,0.0072904583,0.79101306,0.20169644
phrasebank_sentences_75agree_851,"In addition to the presentations held by President & CEO Kai Telanne and CFO Tuomas Itkonen , participants will have an opportunity to discuss with other members of the company 's management .",neutral,phrasebank,controlled_gold_split,neutral,0.92341423,0.3039076,False,0.012184401,0.92341423,0.064401336
phrasebank_sentences_66agree_3652,"In Sweden , there is an oversupply of pharmacies .",negative,phrasebank,controlled_gold_split,negative,0.9486682,0.22968042,False,0.9486682,0.039867677,0.011464176
phrasebank_sentences_66agree_2113,"M-real Corporation Press release on 3 November at 10:35 am M-real Corporation was the second best company in the materials sector including e.g. forest industry companies in the Carbon Disclosure Leadership Index CDLI , Nordic Report 2009 .",positive,phrasebank,controlled_gold_split,positive,0.8913911,0.38340294,False,0.013010315,0.09559856,0.8913911
phrasebank_sentences_75agree_3085,Yakima created the position for him after emerging from economic downturns of its own .,neutral,phrasebank,controlled_gold_split,neutral,0.8560245,0.45684466,False,0.013468915,0.8560245,0.13050658
phrasebank_sentences_50agree_1867,"The iTunes-based material will be accessible on Windows-based or Macintosh computers and transferable to portable devices , including Apple 's iPods .",positive,phrasebank,controlled_gold_split,neutral,0.9157593,0.32023454,False,0.010269299,0.9157593,0.07397139
phrasebank_sentences_50agree_636,We look forward to helping the company develop its operational services and further digitalize its services for its customers . '',positive,phrasebank,controlled_gold_split,positive,0.8537113,0.4456288,False,0.0074408604,0.13884792,0.8537113
phrasebank_sentences_allagree_1274,It will report full-year results on August 22 .,neutral,phrasebank,controlled_gold_split,neutral,0.9445063,0.24942648,False,0.018103251,0.9445063,0.037390437
phrasebank_sentences_allagree_990,KONE is listed on the Nordic Exchange in Helsinki .,neutral,phrasebank,controlled_gold_split,neutral,0.95156145,0.22742823,False,0.023253787,0.95156145,0.025184745
phrasebank_sentences_allagree_107,Diluted earnings per share ( EPS ) rose to EUR 0.52 versus EUR 0.09 .,positive,phrasebank,controlled_gold_split,positive,0.95863646,0.20078078,False,0.022407068,0.018956553,0.95863646
phrasebank_sentences_66agree_788,"The company has established a 3G base station at about 17,000 feet at the foot of Mount Everest that will enable mountain climbers at the 29,035-foot summit to surf the Internet and even send videos of their exploits .",positive,phrasebank,controlled_gold_split,neutral,0.81150645,0.5182491,False,0.008359882,0.81150645,0.18013364
phrasebank_sentences_75agree_1347,Diluted loss per share stood at EUR 0.15 versus EUR 0.26 .,positive,phrasebank,controlled_gold_split,negative,0.76658124,0.65108776,False,0.76658124,0.040508177,0.19291063
phrasebank_sentences_allagree_561,"Honkarakenne mainly exports large luxury log houses to Russia to be used as one-family houses or holiday homes ; 70 % of sales go to the Moscow region , about 20 % to the St Petersburg region , and the remainder to other locations .",neutral,phrasebank,controlled_gold_split,neutral,0.94283366,0.25142932,False,0.014460511,0.94283366,0.04270587
phrasebank_sentences_66agree_1119,"Russia 's top container shipping group , Fesco , and Finnish logistics company Nurminen Logistics have started a pilot project offering clients direct intermodal transportation service from Finland to Asia Pacific countries , Fesco said in a statement .",positive,phrasebank,controlled_gold_split,positive,0.892306,0.3699884,False,0.007931782,0.09976223,0.892306
phrasebank_sentences_allagree_1323,"Operators only need to learn how to use one device for multiple levels of applications , including voice-directed operations .",neutral,phrasebank,controlled_gold_split,neutral,0.93960214,0.2692481,False,0.025684401,0.93960214,0.03471348
phrasebank_sentences_75agree_1185,"Kesko Agro Lietuva , the agricultural machinery and grain trader and another member of the Kesko Group , boosted its sales by 42.9 percent to 13.4 million euros , VAT inclusive .",positive,phrasebank,controlled_gold_split,positive,0.9546698,0.21500896,False,0.018065043,0.027265126,0.9546698
phrasebank_sentences_75agree_3247,"At 1.33 pm , the OMX Helsinki 25 was 0.30 pct lower at 2,463.67 and the OMX Helsinki was down 0.37 pct at 8,537.42 on volume of 256 mln eur .",negative,phrasebank,controlled_gold_split,negative,0.9686756,0.15650457,False,0.9686756,0.023870347,0.007454061
phrasebank_sentences_allagree_1307,No changes in media activity were seen in October compared with September .,neutral,phrasebank,controlled_gold_split,negative,0.6942891,0.71436006,False,0.6942891,0.27543366,0.03027727
phrasebank_sentences_50agree_1509,"Cathay Forest 's strategy is to develop sustainable , regenerative forest assets .",neutral,phrasebank,controlled_gold_split,positive,0.50759983,0.73467886,True,0.008184207,0.48421595,0.50759983
phrasebank_sentences_allagree_1947,Bertrand Sciard has been the vice chairman of the board of directors of Aldata Solution since April 2007 .,neutral,phrasebank,controlled_gold_split,neutral,0.9493131,0.23529352,False,0.028412888,0.9493131,0.022273969
phrasebank_sentences_allagree_1059,"The company will publish its financial statement for 2008 on February 25 , 2009 .",neutral,phrasebank,controlled_gold_split,neutral,0.95267975,0.22289419,False,0.026931586,0.95267975,0.020388702
phrasebank_sentences_allagree_1293,"Marathon now has a 4.6 percent stake in PLX , it said , according to Bloomberg .",neutral,phrasebank,controlled_gold_split,neutral,0.93668413,0.26673803,False,0.012000481,0.93668413,0.05131531
phrasebank_sentences_allagree_564,Insurance policies should be simple .,neutral,phrasebank,controlled_gold_split,neutral,0.93349975,0.2896317,False,0.027633326,0.93349975,0.03886692
phrasebank_sentences_allagree_585,"Prothious Engineering ( www.prothious.com ) employs more than 1,000 and has a large portfolio of projects and an annual detailing capacity of more than 100,000 tonnes .",neutral,phrasebank,controlled_gold_split,neutral,0.90375346,0.35012397,False,0.010594968,0.90375346,0.08565161
phrasebank_sentences_allagree_2121,"Finnish Scanfil , a contract manufacturer and systems supplier for communication and industrial electronics reports net sales of EUR 108.7 mn in the first half of 2008 , down from EUR 111.1 mn a year earlier .",negative,phrasebank,controlled_gold_split,negative,0.97578305,0.13039477,False,0.97578305,0.014347876,0.009869082
phrasebank_sentences_50agree_335,"GeoSentric Oyj s GeoSolutions Business Unit GyPSii , the mobile digital lifestyle application and geo-mobility social networking platform , has signed an agreement with Nanjing MyNet to make the GyPSii mobile social networking platform available to customers of China Mobile .",positive,phrasebank,controlled_gold_split,positive,0.9357637,0.27149212,False,0.013496726,0.050739538,0.9357637
phrasebank_sentences_allagree_1924,"Thus the method will cut working costs , and will fasten the planning and building processes .",positive,phrasebank,controlled_gold_split,positive,0.8113617,0.5412619,False,0.016955476,0.17168292,0.8113617
phrasebank_sentences_allagree_868,"In the second quarter of 2010 , the company 's net profit was EUR1 .7 m compared to a net loss of EUR1 .3 m in April-June 2009 .",positive,phrasebank,controlled_gold_split,positive,0.7615027,0.6216027,False,0.21698642,0.021510897,0.7615027
phrasebank_sentences_allagree_1213,"Elcoteq SE Stock Exchange Announcement February 4 , 2009 at 10.00 am ( EET ) Elcoteq will publish its financial statements bulletin 2008 on Wednesday , February 11 , at 9.00 am ( EET ) .",neutral,phrasebank,controlled_gold_split,neutral,0.94647396,0.24061915,False,0.03842016,0.94647396,0.0151058715
phrasebank_sentences_75agree_3250,"The OMX Helsinki 25 ended 0.47 pct lower at 3,150.55 and the OMX Helsinki was down 0.21 pct at 10,736.42 on 1.523 bln eur turnover .",negative,phrasebank,controlled_gold_split,negative,0.9715253,0.1454241,False,0.9715253,0.02134489,0.007129844
phrasebank_sentences_allagree_1224,"Finland 's Technopolis is planning to bring the first section of a technopark on stream in St. Petersburg at the end of 2008 , Kari Mikkonen , vice president of Technopolis , told reporters in Helsinki .",neutral,phrasebank,controlled_gold_split,neutral,0.744024,0.610342,False,0.009785066,0.744024,0.24619089
phrasebank_sentences_allagree_1691,N-Viro operates processing facilities independently as well as in partnership with municipalities .,neutral,phrasebank,controlled_gold_split,neutral,0.9333693,0.27407363,False,0.010626536,0.9333693,0.056004196
phrasebank_sentences_allagree_454,"Finnish airline Finnair has won a deal with the UK public sector to be the official airline for flights from London Heathrow to Osaka in Japan , as well as flights between Manchester in the UK and Helsinki in Finland .",positive,phrasebank,controlled_gold_split,positive,0.92709976,0.29371616,False,0.012021877,0.060878392,0.92709976
phrasebank_sentences_allagree_957,Elcoteq SE is listed on the Nasdaq OMX Helsinki Ltd. .,neutral,phrasebank,controlled_gold_split,neutral,0.9493439,0.23226169,False,0.016295979,0.9493439,0.034360062
phrasebank_sentences_allagree_1935,"The purchase price will be paid in cash upon the closure of the transaction , scheduled for April 1 , 2009 .",neutral,phrasebank,controlled_gold_split,neutral,0.9461726,0.24463166,False,0.019080797,0.9461726,0.03474667
phrasebank_sentences_allagree_1500,The sale price was not disclosed .,neutral,phrasebank,controlled_gold_split,neutral,0.9512167,0.22864923,False,0.025804913,0.9512167,0.022978429
phrasebank_sentences_allagree_2001,"The company operates a U.S. division in Lisle , Ill. .",neutral,phrasebank,controlled_gold_split,neutral,0.94312686,0.25579426,False,0.021121733,0.94312686,0.03575141
phrasebank_sentences_allagree_1883,Operating loss totaled EUR 0.3 mn compared to a profit of EUR 2.2 mn in the corresponding period in 2007 .,negative,phrasebank,controlled_gold_split,negative,0.97721535,0.12389613,False,0.97721535,0.0088231275,0.013961633
phrasebank_sentences_allagree_2150,"( ADPnews ) - May 4 , 2010 - Finnish cutlery and hand tools maker Fiskars Oyj Abp ( HEL : FISAS ) said today its net profit declined to EUR 12.9 million ( USD 17m ) in the first quarter of 2010 from EUR 17 million in the correspond",negative,phrasebank,controlled_gold_split,negative,0.97556406,0.13039248,False,0.97556406,0.016283631,0.008152313
phrasebank_sentences_50agree_2480,"In addition , nine fixed-term employment contracts will not be extended and two people will leave the company under pension arrangements .",neutral,phrasebank,controlled_gold_split,negative,0.77241135,0.58701044,False,0.77241135,0.21429169,0.013296968
phrasebank_sentences_75agree_367,Estonia 's beer market overall grew three percent last year to 130 million liters .,positive,phrasebank,controlled_gold_split,positive,0.9364407,0.26552925,False,0.010743781,0.05281556,0.9364407
phrasebank_sentences_75agree_260,"Via the Satlan acquisition , Teleste plans to further expand its market presence as a video services partner for cable operators , broadcasters and IPTV service providers .",positive,phrasebank,controlled_gold_split,positive,0.92343783,0.2961331,False,0.008095976,0.06846617,0.92343783
phrasebank_sentences_66agree_2731,"The company intends to launch housing development at the acquired land plots and to construct 50,000-60 ,000 square metres of housing per annum by 2011 .",neutral,phrasebank,controlled_gold_split,neutral,0.62031287,0.70182776,False,0.007772301,0.62031287,0.37191483
phrasebank_sentences_50agree_4485,"wins 98 % acceptance 23 December 2009 - Finnish industrial machinery company Metso Oyj ( HEL : MEO1V ) said today it will complete its takeover offer for textile company Tamfelt Oyj Abp ( HEL : TAFKS ) , after acquiring 98 % of its shares and votes .",neutral,phrasebank,controlled_gold_split,positive,0.83873373,0.47603104,False,0.008841715,0.15242453,0.83873373
phrasebank_sentences_allagree_51,"Both operating profit and turnover for the three-month period increased , respectively from EUR0 .9 m and EUR8 .3 m , as compared to the corresponding period in 2005 .",positive,phrasebank,controlled_gold_split,positive,0.9582092,0.2024605,False,0.022348173,0.019442692,0.9582092
phrasebank_sentences_75agree_1390,Net profit in the period in 2009 was ( EURO ) 29 million .,neutral,phrasebank,controlled_gold_split,neutral,0.93966043,0.26926225,False,0.033901375,0.93966043,0.026438173
phrasebank_sentences_allagree_15,Nordea Group 's operating profit increased in 2010 by 18 percent year-on-year to 3.64 billion euros and total revenue by 3 percent to 9.33 billion euros .,positive,phrasebank,controlled_gold_split,positive,0.95693403,0.20651962,False,0.017146658,0.025919277,0.95693403
phrasebank_sentences_allagree_2070,"Tallink Silja attributes the significant drop to problems with the booking system that was taken into operation in October , the sale of trailer ferry ` Sky Wind ' and the route between Stockholm and Riga , which has won passengers from the Helsinki-Stockholm route .",negative,phrasebank,controlled_gold_split,negative,0.9744203,0.13664733,False,0.9744203,0.011619531,0.013960262
phrasebank_sentences_allagree_807,Return on investment was 16.6 % compared to 15.8 % in 2004 .,positive,phrasebank,controlled_gold_split,negative,0.91066825,0.3551932,False,0.91066825,0.026374025,0.06295772
phrasebank_sentences_allagree_1099,The output of the contracts totals 72 MWe .,neutral,phrasebank,controlled_gold_split,neutral,0.94058454,0.2581632,False,0.014315868,0.94058454,0.045099534
phrasebank_sentences_75agree_677,"Estonian telecoms company Elisa 's customer numbers cross 400,000 TALLINN , Oct 22 , BNS - The Estonian telecommunications company Elisa won approximately 50,000 new clients in the nine months of this year , bringing the number to 401,800 by the end of September , the company said .",positive,phrasebank,controlled_gold_split,positive,0.9400096,0.26011658,False,0.014498699,0.045491714,0.9400096
phrasebank_sentences_66agree_2795,The full MidnightTrader extended-hours trading analysis and news service is available in real-time through COMTEX .,neutral,phrasebank,controlled_gold_split,neutral,0.9531455,0.22153774,False,0.022005124,0.9531455,0.02484931
phrasebank_sentences_allagree_5,"Finnish Talentum reports its operating profit increased to EUR 20.5 mn in 2005 from EUR 9.3 mn in 2004 , and net sales totaled EUR 103.3 mn , up from EUR 96.4 mn .",positive,phrasebank,controlled_gold_split,positive,0.95265454,0.22339945,False,0.02466549,0.022679994,0.95265454
phrasebank_sentences_allagree_2032,Okmetic expects its net sales for the first half of 2009 to be less than in 2008 .,negative,phrasebank,controlled_gold_split,negative,0.9698335,0.15373194,False,0.9698335,0.021135563,0.009030927
phrasebank_sentences_50agree_2339,"According to the Act , universities can now acquire private funding .",neutral,phrasebank,controlled_gold_split,neutral,0.83943546,0.4747649,False,0.008817942,0.83943546,0.15174659
phrasebank_sentences_50agree_1925,The smaller molecules improve the grip of the tyre at top-speed driving .,neutral,phrasebank,controlled_gold_split,neutral,0.75155586,0.60572946,False,0.011021736,0.75155586,0.23742236
phrasebank_sentences_allagree_1195,com and possibly also through photo-msn .,neutral,phrasebank,controlled_gold_split,neutral,0.94695014,0.24272934,False,0.02037026,0.94695014,0.032679547
phrasebank_sentences_allagree_441,"Savon koulutuskuntayhtyma , Finland based company has awarded contract for specialist agricultural or forestry machinery .",positive,phrasebank,controlled_gold_split,positive,0.9491856,0.22893162,False,0.0122151,0.038599283,0.9491856
phrasebank_sentences_66agree_1158,"The dividend will be paid on April 15 , 2008 to each of the shareholders who on the record date of April 8 , 2008 have been entered in the list of shareholders kept by the Finnish Central Securities Depository Ltd. .",neutral,phrasebank,controlled_gold_split,neutral,0.95561844,0.2118756,False,0.025563385,0.95561844,0.01881815
phrasebank_sentences_allagree_1125,"When dialing in , the participants should quote 877417 as conference ID .",neutral,phrasebank,controlled_gold_split,neutral,0.95091784,0.22960609,False,0.02685737,0.95091784,0.022224821
phrasebank_sentences_allagree_1774,The estimated annual value of the frame agreement is about EUR 50mn .,neutral,phrasebank,controlled_gold_split,neutral,0.9467383,0.23945907,False,0.014774416,0.9467383,0.038487308
phrasebank_sentences_66agree_2093,"Ixonos estimates that it will hire 20 specialists in mechanical engineering , electronics design , and R&D for its new unit in Jyvaeskylae by the end of 2009 .",positive,phrasebank,controlled_gold_split,positive,0.6367175,0.7152274,False,0.014196773,0.3490857,0.6367175
phrasebank_sentences_allagree_605,The commission said the hydrogen peroxide and PBS market was worth about 470 million euros in 2000 .,neutral,phrasebank,controlled_gold_split,neutral,0.92601633,0.29722673,False,0.012373482,0.92601633,0.06161019
phrasebank_sentences_50agree_1960,"In complying with the European Water Framework Directive requirements , the pre-treatment unit will be fully renovated , including hydraulics of waste water inception , degridding , sand and grease removal and treatment and deodorization of the unit .",positive,phrasebank,controlled_gold_split,positive,0.5322768,0.73561496,True,0.00902139,0.45870182,0.5322768
phrasebank_sentences_allagree_1870,"In Finland , the city of Forssa has said it will not pay compensation to food industry companies HK Ruokatalo and Atria for the lye leak into tap water that occurred in March 2008 .",negative,phrasebank,controlled_gold_split,negative,0.9378142,0.27171788,False,0.9378142,0.042554438,0.019631457
phrasebank_sentences_allagree_2186,Export declined by 6 percent to 16.4 million liters .,negative,phrasebank,controlled_gold_split,negative,0.9731909,0.14163299,False,0.9731909,0.015767902,0.011041261
phrasebank_sentences_allagree_424,Cision says the sale will return its U.K. operation to profitability .,positive,phrasebank,controlled_gold_split,positive,0.95039624,0.22695078,False,0.014093606,0.03551019,0.95039624
phrasebank_sentences_66agree_1296,"In the next few years , the ICT sector 's share of electricity consumption will be raised by the increase in the popularity of smartphones .",neutral,phrasebank,controlled_gold_split,positive,0.8457829,0.45809326,False,0.0068862257,0.14733094,0.8457829
phrasebank_sentences_66agree_261,Sales of clothing developed best .,positive,phrasebank,controlled_gold_split,positive,0.91382575,0.34871694,False,0.029120062,0.05705417,0.91382575
phrasebank_sentences_allagree_355,"In Q2 of 2009 , profit before taxes amounted to EUR 13.6 mn , down from EUR 26.8 mn in Q2 of 2008 .",negative,phrasebank,controlled_gold_split,negative,0.9762907,0.12797901,False,0.9762907,0.014506513,0.00920271
phrasebank_sentences_66agree_3619,Finnish M-real 's Kyro mill is starting negotiations to cut staff .,negative,phrasebank,controlled_gold_split,negative,0.9641859,0.17203067,False,0.9641859,0.028861716,0.006952354
phrasebank_sentences_75agree_738,"He does not believe , however , that HKScan or Atria will start to use imported meat as Finnish consumers prefer domestic products .",neutral,phrasebank,controlled_gold_split,neutral,0.9021944,0.37143964,False,0.02125861,0.9021944,0.07654696
phrasebank_sentences_75agree_2026,Joint procurement will be later extended to the factories in the Baltic countries .,neutral,phrasebank,controlled_gold_split,positive,0.6963759,0.656162,False,0.009498739,0.29412538,0.6963759
phrasebank_sentences_75agree_1428,"The company 's profit totaled Ls 134,700 .",neutral,phrasebank,controlled_gold_split,neutral,0.9417351,0.26185223,False,0.024624916,0.9417351,0.03363995
phrasebank_sentences_50agree_2751,"Finnish W+ñrtsil+ñ that provides power solutions for the marine and energy markets has opened a Service Centre in Murmansk , in Russia .",neutral,phrasebank,controlled_gold_split,neutral,0.76831365,0.5743581,False,0.007484189,0.76831365,0.22420214
phrasebank_sentences_66agree_1569,"These companies own a 20,000 sq. m. office and commercial building and substantial amount of building right for a new shopping center in Liljeholmen , Stockholm .",neutral,phrasebank,controlled_gold_split,neutral,0.9096249,0.33416122,False,0.009675309,0.9096249,0.08069985
phrasebank_sentences_75agree_1103,"The parties have also agreed that L+ñnnen Tehtaat has the right to sell the remaining shares in Suomen Rehu to Hankkija-Maatalous 15 months after the purchase of the majority holding , at the earliest .",neutral,phrasebank,controlled_gold_split,neutral,0.92671895,0.29408994,False,0.011620423,0.92671895,0.06166058
phrasebank_sentences_allagree_2260,"HELSINKI Thomson Financial - Shares in Cargotec fell sharply in early afternoon trade after the cargo handling group posted a surprise drop in April-June profits , which overshadowed the large number of new orders received during the three months .",negative,phrasebank,controlled_gold_split,negative,0.9755401,0.12984478,False,0.9755401,0.017144306,0.0073155877
phrasebank_sentences_allagree_1148,"Local government commissioner of +àm+Ñl , Kurt Svensson , says he will contact the management of Finnish company Componenta to find out if there are any alternatives to the company 's decision to close down its plant in +àm+Ñl .",neutral,phrasebank,controlled_gold_split,neutral,0.73573184,0.67514217,False,0.23220277,0.73573184,0.032065373
phrasebank_sentences_75agree_1321,"The new office , located in Shenzhen , will strengthen Vaisala 's already 10-year old presence in China .",positive,phrasebank,controlled_gold_split,positive,0.9352619,0.2652174,False,0.008624326,0.056113787,0.9352619
phrasebank_sentences_75agree_1016,"Demonstrations of the broad capabilities of the Mobility Business Suite will be organized during the 3GSM World Congress in Barcelona , from February 12th to 15th .",neutral,phrasebank,controlled_gold_split,neutral,0.89919025,0.3593766,False,0.009965941,0.89919025,0.09084382
phrasebank_sentences_allagree_105,"Digia said its consolidated net sales for January-June 2010 were EUR67 .8 m , up 9.7 % on the same period in 2009 ( EUR61 .9 m ) .",positive,phrasebank,controlled_gold_split,positive,0.95802045,0.20314804,False,0.022671482,0.019308032,0.95802045
phrasebank_sentences_66agree_2170,"Stora Enso , a global paper , packaging and wood products company , and Neste Oil , a Finnish company engaged in the refining and marketing of oil , have inaugurated the demonstration plant at Varkaus , Finland for biomass to liquids production utilizing forestry residues .",neutral,phrasebank,controlled_gold_split,neutral,0.56059545,0.7268942,True,0.0082857115,0.56059545,0.43111882
phrasebank_sentences_50agree_836,"Finnish financial solutions developer Basware Corporation ( OMX Helsinki BAS1V ) said on Tuesday ( 23 September ) that it will deliver a complete Invoice Automation solution to a large US engineering , construction and technical services organization .",positive,phrasebank,controlled_gold_split,positive,0.78205717,0.554338,False,0.0067347814,0.211208,0.78205717
phrasebank_sentences_50agree_1253,"In the Homeware area , Fiskars provides leading branded products for home , kitchen , and interior design .",positive,phrasebank,controlled_gold_split,neutral,0.6869128,0.6583394,False,0.007878753,0.6869128,0.30520838
phrasebank_sentences_allagree_860,"Cargotec Corporation , Press Release , August 26 , 2008 at 10 a.m. Finnish time Cargotec 's MacGREGOR business area providing marine cargo handling and offshore load handling solutions has received significant offshore crane retrofit order .",positive,phrasebank,controlled_gold_split,positive,0.9438159,0.25395203,False,0.022008287,0.03417581,0.9438159
phrasebank_sentences_allagree_1891,"Publishing Sweden 's operating loss was EUR 1.1 mn in Q1 of 2009 , compared to a profit of EUR 0.6 mn a year ago .",negative,phrasebank,controlled_gold_split,negative,0.9753136,0.13282312,False,0.9753136,0.011604557,0.013081878
phrasebank_sentences_allagree_0,"According to Gran , the company has no plans to move all production to Russia , although that is where the company is growing .",neutral,phrasebank,controlled_gold_split,neutral,0.88573104,0.39123833,False,0.010861916,0.88573104,0.10340703
phrasebank_sentences_75agree_764,"The company is in charge of all natural gas storage activities in France , Great Britain , and Germany .",neutral,phrasebank,controlled_gold_split,neutral,0.9503094,0.22730608,False,0.014169503,0.9503094,0.035521094
phrasebank_sentences_allagree_1888,Pretax loss totaled EUR 117mn compared to a loss of EUR 65mn in the corresponding period .,negative,phrasebank,controlled_gold_split,negative,0.9234969,0.30528653,False,0.9234969,0.013173642,0.06332947
phrasebank_sentences_50agree_1754,"Mr. Atul Chopra , Chief Operating Officer & President , Tecnotree elaborated '' I am eager to see the continued success of the former Tecnomen , bringing Lifetree product to MENA , under the Tecnotree umbrella .",neutral,phrasebank,controlled_gold_split,positive,0.8492407,0.45302644,False,0.007226015,0.14353321,0.8492407
phrasebank_sentences_50agree_4329,"Most of the permanent layoffs will be in the plywood and sawn timber sectors of the Finnish company 's operations at several domestic mills , where earlier this year it temporarily laid off some 1,200 workers to save costs .",negative,phrasebank,controlled_gold_split,negative,0.9698083,0.1515874,False,0.9698083,0.023331514,0.0068601486
phrasebank_sentences_66agree_416,`` Residentialconstruction in particular has picked up in several markets .,positive,phrasebank,controlled_gold_split,positive,0.7354918,0.6650443,False,0.027063088,0.23744515,0.7354918
phrasebank_sentences_66agree_1183,The oil shale feeder-supply solution will deliver crushed oil shale to the shale oil refinery already in operation as well as to the novel Enefit-280 shale oil technology processing plant .,neutral,phrasebank,controlled_gold_split,neutral,0.7653114,0.57518065,False,0.006663493,0.7653114,0.22802512
phrasebank_sentences_allagree_79,"According to Finnish Metso Minerals , the value of the company 's orders has gone up to EUR 1.9 bn in 12 months .",positive,phrasebank,controlled_gold_split,positive,0.94781667,0.23853824,False,0.018037854,0.034145534,0.94781667
phrasebank_sentences_allagree_1986,"The utility will also provide services related to electricity management , such as hedging trades and risk management and reporting .",neutral,phrasebank,controlled_gold_split,neutral,0.9259804,0.29583097,False,0.011468863,0.9259804,0.06255078
phrasebank_sentences_allagree_140,"In the third quarter , net sales increased by 12 % year-on-year to EUR159 .5 m , or by 6 % at comparable currency rates growth .",positive,phrasebank,controlled_gold_split,positive,0.9567611,0.20727411,False,0.017470736,0.025768146,0.9567611
phrasebank_sentences_allagree_879,"Quarterly diluted EPS on continuing operations came in at 0.21 eur , compared with last year 's 0.12 eur .",positive,phrasebank,controlled_gold_split,positive,0.6778075,0.7249997,False,0.29362017,0.028572312,0.6778075
phrasebank_sentences_66agree_1282,"Finnish software and hardware developer Elektrobit Oyj HEL : EBG1V , or EB , said today it will temporarily lay off up to 200 people for a maximum of 90 day in Finland , aiming to achieve cost savings of EUR 1.7 million USD 2m in the second half of 2010 .",negative,phrasebank,controlled_gold_split,negative,0.9425776,0.25730228,False,0.9425776,0.036808982,0.020613367
phrasebank_sentences_50agree_743,"` Patja has worked well for us for more than a decade , and Fujitsu 's new bid was competitive .",neutral,phrasebank,controlled_gold_split,positive,0.91474104,0.32018661,False,0.009006482,0.076252416,0.91474104
phrasebank_sentences_75agree_1167,"SysOpen Digia Plc , Press release , 7 February 2006 IBM Finland has rewarded its most distinguished partner companies for 2005 .",positive,phrasebank,controlled_gold_split,positive,0.9381131,0.2672456,False,0.015762912,0.046123993,0.9381131
phrasebank_sentences_allagree_948,"Cramo , headquartered in Vantaa , Finland , rents construction machinery and equipment , as well as rents and sells modular space .",neutral,phrasebank,controlled_gold_split,neutral,0.94656473,0.24225818,False,0.017441232,0.94656473,0.03599401
phrasebank_sentences_66agree_666,"Benefon , a wireless and GPS technology company , will supply Karputer with its TWIG navigation platform , a GPS satellite navigation and voice guidance service .",positive,phrasebank,controlled_gold_split,neutral,0.5761636,0.7169826,True,0.006955157,0.5761636,0.4168813
phrasebank_sentences_allagree_1584,`` These developments partly reflect the government 's higher activity in the field of dividend policy . '',neutral,phrasebank,controlled_gold_split,positive,0.75242096,0.61314094,False,0.013881946,0.23369712,0.75242096
phrasebank_sentences_allagree_1862,"In the third quarter of fiscal 2008 Efore swung to a net loss of EUR 400,000 versus a net profit of EUR 200,000 for the corresponding period of fiscal 2007 .",negative,phrasebank,controlled_gold_split,negative,0.93037254,0.28374892,False,0.93037254,0.011421241,0.05820626
phrasebank_sentences_75agree_1975,"Global Markets Direct 's Pohjola Bank plc - Financial Analysis Review is an in-depth business , financial analysis of Pohjola Bank plc. .",neutral,phrasebank,controlled_gold_split,neutral,0.949532,0.23306727,False,0.018524578,0.949532,0.03194348
phrasebank_sentences_50agree_3715,"Panostaja Plc today acquired the entire share capital of Suomen Graafiset Palvelut Ltd , a provider of printing services .",neutral,phrasebank,controlled_gold_split,neutral,0.9379153,0.26419377,False,0.012753639,0.9379153,0.049330987
phrasebank_sentences_75agree_631,"Speaking to just-drinks today , a spokesperson for Olvi said : `` We have performed very well in all four countries we operate in - namely , Finland , Estonia , Latvia and Lithuania . ''",positive,phrasebank,controlled_gold_split,positive,0.952409,0.2211025,False,0.015109412,0.03248162,0.952409
phrasebank_sentences_allagree_2216,Sales by Seppala diminished by 6 per cent .,negative,phrasebank,controlled_gold_split,negative,0.9727591,0.14344455,False,0.9727591,0.016098708,0.011142102
phrasebank_sentences_allagree_1353,"schwalm ( at ) outotec.com Eila Paatela , Vice President - Corporate Communications tel. +358 20 529 2004 , mobile +358 400 817198 e-mail eila .",neutral,phrasebank,controlled_gold_split,neutral,0.94971645,0.23374905,False,0.021767376,0.94971645,0.028516216
phrasebank_sentences_75agree_2918,Lean System supports change management and component purchasing extremely well .,positive,phrasebank,controlled_gold_split,positive,0.8314646,0.48527467,False,0.007843727,0.16069166,0.8314646
phrasebank_sentences_allagree_1834,The value of the contract is EUR 25mn .,neutral,phrasebank,controlled_gold_split,neutral,0.9460719,0.24241306,False,0.015658606,0.9460719,0.03826951
phrasebank_sentences_allagree_579,"Oka specialises in new construction , renovation work of residential and non-residential building as well as premises for industrial and logistical use .",neutral,phrasebank,controlled_gold_split,neutral,0.95007366,0.23164351,False,0.019376405,0.95007366,0.030549884
phrasebank_sentences_75agree_1141,"The company booked April-June new orders worth 949 mln eur , compared with 786 mln eur in the same period a year ago .",positive,phrasebank,controlled_gold_split,positive,0.90928006,0.35161102,False,0.07106766,0.0196523,0.90928006
phrasebank_sentences_allagree_1154,Affecto has participated in the program for the development of the Norwegian pension system since 2007 .,neutral,phrasebank,controlled_gold_split,neutral,0.8225506,0.49994773,False,0.007945408,0.8225506,0.169504
phrasebank_sentences_allagree_1711,Russia 's Video International Group holds a controlling stake in Russian Media Ventures .,neutral,phrasebank,controlled_gold_split,neutral,0.943501,0.2476775,False,0.012982619,0.943501,0.04351634
phrasebank_sentences_allagree_2157,Net sales fell by 5 % from the previous accounting period .,negative,phrasebank,controlled_gold_split,negative,0.97617584,0.12856941,False,0.97617584,0.014378197,0.009445891
phrasebank_sentences_75agree_2243,The handset maker did not disclose any financial details .,neutral,phrasebank,controlled_gold_split,neutral,0.9193421,0.32556772,False,0.060640424,0.9193421,0.020017443
phrasebank_sentences_50agree_2203,The companies expect the first orders already in 2011 .,positive,phrasebank,controlled_gold_split,neutral,0.8723446,0.42241943,False,0.012321462,0.8723446,0.11533393
phrasebank_sentences_allagree_1973,"The gross area of the Innova 2 project will be about 10,000 sq m ( 107,600 sq ft ) .",neutral,phrasebank,controlled_gold_split,neutral,0.9408624,0.25249612,False,0.010665364,0.9408624,0.048472177
phrasebank_sentences_75agree_1534,"According to CEO Hannu Syrj+ñnen , a new common name and visual identity is required as the group has grown and internationalised .",neutral,phrasebank,controlled_gold_split,neutral,0.84996593,0.4600099,False,0.01019014,0.84996593,0.13984387
phrasebank_sentences_66agree_2337,"In Finland , Sampo Bank , now part of the Danske Bank group , will lay off staff from the administrative and support functions .",negative,phrasebank,controlled_gold_split,negative,0.95073354,0.21754315,False,0.95073354,0.041662265,0.0076042255
phrasebank_sentences_75agree_2093,Pohjola and cooperative banks have continued to combine their branch office network .,neutral,phrasebank,controlled_gold_split,neutral,0.82227015,0.49946687,False,0.007645747,0.82227015,0.17008401
phrasebank_sentences_66agree_3678,"So Mr. Galvan made savings adjustments of his own , buying less liquor and watching portion sizes .",neutral,phrasebank,controlled_gold_split,neutral,0.8779596,0.4465659,False,0.037882395,0.8779596,0.08415802
phrasebank_sentences_75agree_1245,"Thus , SysOpen Digia has , in accordance with Chapter 14 Section 21 of the Finnish Companies Act 29.9.1978 - 734 , obtained title to all the shares of Sentera that are to be redeemed .",neutral,phrasebank,controlled_gold_split,neutral,0.9203351,0.31118017,False,0.011695002,0.9203351,0.0679699
phrasebank_sentences_75agree_1198,Finnish insurance company Fennia and Kesko Group are ending their loyal customer cooperation .,negative,phrasebank,controlled_gold_split,negative,0.90690666,0.34394196,False,0.90690666,0.08184819,0.0112450775
phrasebank_sentences_66agree_406,"The company also said on November 16 , 2006 its Real Estate Fund I Ky signed an agreement with Finnish window maker Fenestra Oy to build a window plant in Forssa , southern Finland .",positive,phrasebank,controlled_gold_split,positive,0.9024693,0.35131425,False,0.009746412,0.087784305,0.9024693
phrasebank_sentences_allagree_1051,The company 's board of directors will propose a dividend of EUR 0.14 for 2008 at the annual general meeting .,neutral,phrasebank,controlled_gold_split,neutral,0.92175,0.31033754,False,0.01342281,0.92175,0.0648272
phrasebank_sentences_50agree_1258,It has several innovative small molecule and biological drug candidates at different stages of clinical development .,neutral,phrasebank,controlled_gold_split,neutral,0.7834184,0.5540831,False,0.007184863,0.7834184,0.20939666
phrasebank_sentences_66agree_544,"Based on strong customer interest and feedback , using RPM mobile phone manufacturers , operators , enterprises and developer forums can significantly increase their product and service quality , user-experience and cost-efficiency '' , Tulonen continues .",positive,phrasebank,controlled_gold_split,positive,0.9305967,0.27833658,False,0.008724133,0.06067924,0.9305967
phrasebank_sentences_allagree_1880,Loss for the period totalled EUR 15.6 mn compared to a profit of EUR 6.3 mn in 2008 .,negative,phrasebank,controlled_gold_split,negative,0.95582676,0.20390917,False,0.95582676,0.009442762,0.034730535
phrasebank_sentences_75agree_2459,"ALEXANDRIA , Va. , Nov. 19 -- Erkki Aho , Elimaki , Finland , has developed a method and apparatus in conjunction with a shoe press .",neutral,phrasebank,controlled_gold_split,neutral,0.9102771,0.34065223,False,0.013942375,0.9102771,0.075780526
phrasebank_sentences_allagree_870,"Jarmo Honkamaa , head of the oil refining business at Neste Oil , says the situation looks promising from their viewpoint .",positive,phrasebank,controlled_gold_split,positive,0.9343752,0.28309995,False,0.020725166,0.044899557,0.9343752
phrasebank_sentences_allagree_384,"Operating profit totalled EUR 0.4 mn , up from an operating loss of EUR 0.8 mn year-on-year .",positive,phrasebank,controlled_gold_split,positive,0.955693,0.21194857,False,0.024041532,0.020265477,0.955693
phrasebank_sentences_allagree_2242,Finnish meat company Atria can no longer promise a sufficient amount of domestic beef to its customers .,negative,phrasebank,controlled_gold_split,neutral,0.73831785,0.68920827,False,0.2202064,0.73831785,0.041475736
phrasebank_sentences_66agree_3267,"The area will also include some central buildings , and Honkarakenne has started negotiations on their delivery .",neutral,phrasebank,controlled_gold_split,neutral,0.7869575,0.55889046,False,0.0101932315,0.7869575,0.20284933
phrasebank_sentences_50agree_4584,"Operating profit for the six-month period decreased from EUR21m , while net sales increased from EUR436 .9 m , as compared to the corresponding period in 2007 .",negative,phrasebank,controlled_gold_split,negative,0.97413504,0.13713388,False,0.97413504,0.01623854,0.009626354
phrasebank_sentences_75agree_2849,"According shipping company Viking Line , the EU decision will have a significant financial impact .",neutral,phrasebank,controlled_gold_split,negative,0.54325706,1.0048574,True,0.54325706,0.24444921,0.21229374
phrasebank_sentences_allagree_1871,"Acando AB ( ACANB SS ) fell 8.9 percent to 13.35 kronor , the lowest close since Dec. 11 .",negative,phrasebank,controlled_gold_split,negative,0.9740442,0.13491736,False,0.9740442,0.019528842,0.006426969
phrasebank_sentences_allagree_136,"In the fourth quarter of 2009 , Orion 's net profit went up by 33.8 % year-on-year to EUR33m .",positive,phrasebank,controlled_gold_split,positive,0.9568542,0.20707685,False,0.017851414,0.025294296,0.9568542
phrasebank_sentences_66agree_501,"Following the increase , Huhtamaki Oyj 's registered share capital is EUR 358,706,290.00 and the number of shares outstanding is 105,501,850 .",neutral,phrasebank,controlled_gold_split,neutral,0.8919469,0.37326288,False,0.008939438,0.8919469,0.09911371
phrasebank_sentences_66agree_883,`` BG Crane has been a strong partner for Hiab in Australia for many years .,neutral,phrasebank,controlled_gold_split,positive,0.82799935,0.48973754,False,0.007456209,0.1645445,0.82799935
phrasebank_sentences_75agree_40,The company also estimates the already carried out investments to lead to an increase in its net sales for 2010 from 2009 when they reached EUR 141.7 million .,positive,phrasebank,controlled_gold_split,positive,0.952287,0.22362563,False,0.018591048,0.029121894,0.952287
phrasebank_sentences_allagree_1606,Boomerang Boats had net sales of EUR 4.1 mn and it made an operating profit of EUR 0.4 mn in 2006 .,neutral,phrasebank,controlled_gold_split,neutral,0.91440094,0.3313358,False,0.014600307,0.91440094,0.07099875
phrasebank_sentences_allagree_1861,"With this acquisition the wireless modem unit and its approximately 1,100 employees were transferred to Renesas Electronics Corporation .",neutral,phrasebank,controlled_gold_split,neutral,0.9474152,0.24145919,False,0.021063874,0.9474152,0.031520948
phrasebank_sentences_75agree_358,- Provides summary of the medical equipment pipeline products that the company is developing .,neutral,phrasebank,controlled_gold_split,neutral,0.9463231,0.24240017,False,0.016597576,0.9463231,0.037079383
phrasebank_sentences_75agree_2883,"The company 's annual loss amounted to EEK 18mn , compared to a profit of EEK 7.3 mn in 2008 .",negative,phrasebank,controlled_gold_split,negative,0.971212,0.14895698,False,0.971212,0.009787136,0.01900081
phrasebank_sentences_allagree_438,Pretax profit jumped to EUR 21.9 million from EUR 3.1 million .,positive,phrasebank,controlled_gold_split,positive,0.9498106,0.23382342,False,0.026064638,0.024124673,0.9498106
phrasebank_sentences_50agree_4186,"Cuts equivalent to the costs of about 35-45 employees are the target , the company said .",negative,phrasebank,controlled_gold_split,negative,0.9558539,0.20699126,False,0.9558539,0.03187921,0.012266906
phrasebank_sentences_50agree_3786,"The companies will divest to UPM Fray Bentos pulp mill and Forestal Oriental , a company specialising in eucalyptus cultivation .",neutral,phrasebank,controlled_gold_split,neutral,0.95002794,0.232854,False,0.027312696,0.95002794,0.022659367
phrasebank_sentences_50agree_2491,It moved into the No. 2 spot in 2000 when it merged steel operations with Avesta Sheffield to form AvestaPolarit .,neutral,phrasebank,controlled_gold_split,positive,0.68411326,0.66794574,False,0.009955497,0.30593127,0.68411326
phrasebank_sentences_75agree_56,"On the route between Helsinki in Finland and Tallinn in Estonia , cargo volumes increased by 36 % , while cargo volumes between Finland and Sweden fell by 9 % .",neutral,phrasebank,controlled_gold_split,positive,0.92561144,0.3032305,False,0.058651663,0.015736932,0.92561144
phrasebank_sentences_allagree_950,"Currently the Terminator lures are produced in a subcontract facility in Mexico but the manufacturing will be transferred to Rapala 's factory in Shenzhen , China .",neutral,phrasebank,controlled_gold_split,neutral,0.9338215,0.2753415,False,0.01224937,0.9338215,0.05392913
phrasebank_sentences_allagree_1268,Investments in product development stood at 6.0 mln euro ( $ 8.8 mln ) .,neutral,phrasebank,controlled_gold_split,neutral,0.90470546,0.35614616,False,0.015024372,0.90470546,0.08027021
phrasebank_sentences_allagree_842,Rapala said it estimates it will make savings of 1-2 mln eur a year by centralising its French operations at one site .,positive,phrasebank,controlled_gold_split,positive,0.9134543,0.32288343,False,0.008781002,0.0777647,0.9134543
phrasebank_sentences_75agree_1968,Fortum had intended to spend as much as ( EURO ) 2.7 bn to become the sole owner of TGK-10 .,neutral,phrasebank,controlled_gold_split,neutral,0.86852854,0.4219939,False,0.009000288,0.86852854,0.1224712
phrasebank_sentences_50agree_2254,Vacon 's office will support its customers in Brazil and South America .,neutral,phrasebank,controlled_gold_split,neutral,0.6580528,0.6736901,False,0.0062917024,0.6580528,0.33565557
phrasebank_sentences_75agree_2906,"The poorest index figure was given to Finnish power company Fortum , 4.5 .",negative,phrasebank,controlled_gold_split,negative,0.8690215,0.4499701,False,0.8690215,0.10741234,0.023566237
phrasebank_sentences_allagree_1476,The parties have therefore agreed to leave Avena out of the deal .,neutral,phrasebank,controlled_gold_split,neutral,0.8424384,0.53894025,False,0.10016384,0.8424384,0.057397746
phrasebank_sentences_allagree_1131,"` Sanoma is a buyer not a target , ' he said .",neutral,phrasebank,controlled_gold_split,neutral,0.89315623,0.3887031,False,0.018245146,0.89315623,0.08859865
phrasebank_sentences_66agree_1650,"`` Uncommonly weak snow conditions in nearly every market have affected our first quarter result , '' Chief Executive Roger Talermo said .",negative,phrasebank,controlled_gold_split,negative,0.97208786,0.14416805,False,0.97208786,0.019869922,0.008042184
phrasebank_sentences_allagree_18,"The company 's net profit rose 11.4 % on the year to 82.2 million euros in 2005 on sales of 686.5 million euros , 13.8 % up on the year , the company said earlier .",positive,phrasebank,controlled_gold_split,positive,0.95857054,0.20109183,False,0.019382847,0.022046637,0.95857054
phrasebank_sentences_66agree_1167,"The handset also features a Media Bar for quick access to favorite media and applications , including music , photos , YouTube or Ovi Share .",neutral,phrasebank,controlled_gold_split,neutral,0.92377007,0.30577344,False,0.0139708435,0.92377007,0.062259123
phrasebank_sentences_50agree_1160,"After the signing , the total amount of Aspo 's revolving credit facility agreements is EUR 50 million , which replaces the formerly valid agreements of EUR 80 million .",neutral,phrasebank,controlled_gold_split,positive,0.5698423,0.80940074,True,0.03696224,0.39319548,0.5698423
phrasebank_sentences_75agree_2976,"As a result , 12 people will be made redundant and a total of 67 persons are laid off temporarily .",negative,phrasebank,controlled_gold_split,negative,0.97006434,0.1504176,False,0.97006434,0.023249758,0.0066859378
phrasebank_sentences_66agree_66,"Other measures included increasing synergies and economies of scale within the Grimaldi Group and personnel adjustments , divestments and redelivery of excess tonnage .",neutral,phrasebank,controlled_gold_split,positive,0.8757723,0.40958196,False,0.009810251,0.11441737,0.8757723
phrasebank_sentences_allagree_120,Finnish metal products company Componenta Oyj net profit rose to 26.1 mln euro ( $ 35.9 mln ) for the first quarter of 2007 from 5.3 mln euro ( $ 7.3 mln ) for the same period of 2006 .,positive,phrasebank,controlled_gold_split,positive,0.9518586,0.22550562,False,0.028630922,0.01951041,0.9518586
phrasebank_sentences_66agree_778,Stockmann MasterCard has widened the scope of this cooperation to Estonia and Latvia .,positive,phrasebank,controlled_gold_split,positive,0.86905247,0.41799027,False,0.007887934,0.123059615,0.86905247
phrasebank_sentences_66agree_2041,Dutch publisher De Vijver said today it has agreed to buy a 49 % stake in Belgian weekly magazine Humo from Finnish media company Sanoma HEL : SAA1V .,neutral,phrasebank,controlled_gold_split,neutral,0.79437757,0.548524,False,0.010147665,0.79437757,0.19547473
phrasebank_sentences_66agree_3754,Metso estimates the need for personnel reductions to amount to 25 people .,negative,phrasebank,controlled_gold_split,negative,0.96211624,0.18394497,False,0.96211624,0.026926553,0.010957204
phrasebank_sentences_allagree_290,"Under the rental agreement , Stockmann was committed to invest in the building of a bridge over the Gogol Street or build an underground tunnel for crossing the street by 2004 .",neutral,phrasebank,controlled_gold_split,neutral,0.72344923,0.6256793,False,0.007939297,0.72344923,0.26861143
phrasebank_sentences_allagree_498,Halonen 's office acknowledged receiving the letter but declined comment .,neutral,phrasebank,controlled_gold_split,neutral,0.807986,0.5744557,False,0.16074374,0.807986,0.031270184
phrasebank_sentences_75agree_1221,"So far the company has awarded more than $ 350,000 worth of tools and materials .",neutral,phrasebank,controlled_gold_split,positive,0.6764793,0.67102104,False,0.009116763,0.31440398,0.6764793
phrasebank_sentences_allagree_1312,Nordea was the cheapest also for a couple in their 30s with debt .,neutral,phrasebank,controlled_gold_split,neutral,0.6522648,0.7378848,False,0.025770523,0.6522648,0.3219647
phrasebank_sentences_allagree_1168,"Apartments of YIT Home may be purchased in 5 regions of Russia , where YIT subsidiaries carry out their activities : Moscow and Moscow region , St. Petersburg , Ekaterinburg , Kazan and Rostov-on-Don .",neutral,phrasebank,controlled_gold_split,neutral,0.9467779,0.23593166,False,0.0117033385,0.9467779,0.041518804
phrasebank_sentences_allagree_1511,The shares shall be acquired according to the Rules of NASDAQ OMX Helsinki and otherwise according to the rules related to acquisition of the company 's own shares .,neutral,phrasebank,controlled_gold_split,neutral,0.957456,0.20543447,False,0.021444779,0.957456,0.021099262
phrasebank_sentences_allagree_654,Changes to the as-built models from the design were communicated to the subcontractors to accommodate them into the steel and GRC glass reinforced concrete fabrication process .,neutral,phrasebank,controlled_gold_split,neutral,0.8194624,0.50780046,False,0.008943226,0.8194624,0.1715944
phrasebank_sentences_75agree_940,The Kyroskoski investment is to be completed in late 2011 and the +ä+ñnekoski investment in the spring of 2012 .,neutral,phrasebank,controlled_gold_split,neutral,0.93215257,0.27714217,False,0.010425624,0.93215257,0.057421762
phrasebank_sentences_66agree_1224,"Vaisala Oyj Stock exchange release 26.03.2010 klo 09.00 1 ( 1 ) The Annual General Meeting of Vaisala Oyj decided on March 25 , 2010 to approve the Company 's annual accounts for 2009 .",neutral,phrasebank,controlled_gold_split,neutral,0.91969925,0.32287687,False,0.018526634,0.91969925,0.061774116
phrasebank_sentences_allagree_592,"She will succeed Krister Kylas , who has decided to leave TeliaSonera .",neutral,phrasebank,controlled_gold_split,neutral,0.84444475,0.5016342,False,0.13004819,0.84444475,0.025506977
phrasebank_sentences_75agree_673,CEO Erkki J+ñrvinen is happy with the company 's performance in 2010 .,positive,phrasebank,controlled_gold_split,positive,0.94323355,0.25377655,False,0.018455494,0.038310956,0.94323355
phrasebank_sentences_50agree_1810,"One can even receive on the spot alerts as soon as jobs are posted , putting you at the front of the queue for opportunities .",neutral,phrasebank,controlled_gold_split,neutral,0.88632417,0.42894053,False,0.041875232,0.88632417,0.07180061
phrasebank_sentences_66agree_3702,The layoff talks were first announced in August .,neutral,phrasebank,controlled_gold_split,neutral,0.62914294,0.76353073,False,0.3408861,0.62914294,0.029970972
phrasebank_sentences_75agree_2281,The orders are part of a long-term development plan of Latvijas Finieris .,neutral,phrasebank,controlled_gold_split,neutral,0.8888693,0.38262844,False,0.0100599015,0.8888693,0.101070836
phrasebank_sentences_66agree_952,"The Estonian beverages maker A. Le Coq today brought to the market a new premium class beer , A. Le Coq Special , investing 6 million kroons EUR 383,000 into its development and planning to sell three million liters of the beer during the next year .",neutral,phrasebank,controlled_gold_split,positive,0.6471143,0.6857032,False,0.007548207,0.3453375,0.6471143
phrasebank_sentences_allagree_1562,"Vaisala , headquartered in Helsinki in Finland , develops and manufactures electronic measurement systems for meteorology , environmental sciences , traffic and industry .",neutral,phrasebank,controlled_gold_split,neutral,0.941246,0.25840402,False,0.01649395,0.941246,0.04226005
phrasebank_sentences_75agree_1339,Alma Media 's net sales in 2009 totalled MEUR 307.8 with an operating margin of 13.5 per cent .,neutral,phrasebank,controlled_gold_split,neutral,0.9195072,0.32203,False,0.017431175,0.9195072,0.06306168
phrasebank_sentences_allagree_619,The new B shares carry the right to dividend and other shareholder rights with effect from today .,neutral,phrasebank,controlled_gold_split,neutral,0.9522422,0.22100163,False,0.014290098,0.9522422,0.033467777
phrasebank_sentences_allagree_8,"Foundries division reports its sales increased by 9.7 % to EUR 63.1 mn from EUR 57.5 mn in the corresponding period in 2006 , and sales of the Machine Shop division increased by 16.4 % to EUR 41.2 mn from EUR 35.4 mn in the corresponding period in 2006 .",positive,phrasebank,controlled_gold_split,positive,0.9518006,0.22655731,False,0.024965758,0.023233708,0.9518006
phrasebank_sentences_allagree_2062,"`` After a long , unprofitable period the Food Division posted a profitable result , which speaks of a healthier cost structure and a new approach in business operations , '' Rihko said .",positive,phrasebank,controlled_gold_split,positive,0.9540295,0.21791545,False,0.019867808,0.026102716,0.9540295
phrasebank_sentences_66agree_3673,"Russian officials inspected the damage and gave the vessel permission to continue to Tallinn at around 4.30 a.m. The Norwegian-registered M-T Sten Nordic was carrying 11,000 tons of gas oil and was manned by a Filipino crew .",neutral,phrasebank,controlled_gold_split,neutral,0.7964434,0.6290677,False,0.14315763,0.7964434,0.06039894
phrasebank_sentences_allagree_2127,Comparable operating profit decreased to EUR 13.8 mn from EUR 17.1 mn in the corresponding period in 2005 .,negative,phrasebank,controlled_gold_split,negative,0.9758682,0.12968574,False,0.9758682,0.015061411,0.009070355
phrasebank_sentences_66agree_727,"As a domestic business , Best-In is already close to Finnish dog owners .",positive,phrasebank,controlled_gold_split,neutral,0.8808686,0.39530802,False,0.0083009275,0.8808686,0.11083044
phrasebank_sentences_allagree_1541,Their names have not yet been released .,neutral,phrasebank,controlled_gold_split,neutral,0.64334947,0.7252368,False,0.33779925,0.64334947,0.01885128
phrasebank_sentences_75agree_3210,"According to Scanfil , demand for telecommunications network products has fluctuated significantly in the third quarter of 2006 , and the situation is expected to remain unstable for the rest of the year .",negative,phrasebank,controlled_gold_split,negative,0.96118176,0.18984641,False,0.96118176,0.024270296,0.0145479925
phrasebank_sentences_66agree_748,"However , Simdax will remain available in the markets where it already has been approved as it has marketing authorisations or submitted applications in more than 40 countries , Orion added .",positive,phrasebank,controlled_gold_split,positive,0.8850794,0.38045526,False,0.0060756514,0.10884495,0.8850794
phrasebank_sentences_allagree_1217,EUR 220 million of the transaction consideration was paid in the form of four-year interest-bearing vendor notes .,neutral,phrasebank,controlled_gold_split,neutral,0.9442868,0.25158554,False,0.020369409,0.9442868,0.03534374
phrasebank_sentences_66agree_1620,"The negotiations were carried out in a constructive manner , and all parties tried to find a solution to the situation .",positive,phrasebank,controlled_gold_split,positive,0.88532346,0.40655258,False,0.018318327,0.09635819,0.88532346
phrasebank_sentences_75agree_2397,Unilever 's Turun Sinappi that is made in Sweden holds 40 % of the market .,neutral,phrasebank,controlled_gold_split,neutral,0.9503081,0.22975378,False,0.017350163,0.9503081,0.032341707
phrasebank_sentences_75agree_1382,"Juha Jordan , chief engineer at Glaston , said one of the reasons for choosing Vacon as a global AC drives supplier is that it has service and support centres in the same countries where Glaston operates .",positive,phrasebank,controlled_gold_split,neutral,0.61659837,0.71225667,False,0.010060379,0.61659837,0.37334126
phrasebank_sentences_50agree_1875,This bold spinning 360 red fabric design is set beautifully on Ercols Napoli sofa .,positive,phrasebank,controlled_gold_split,neutral,0.8580325,0.45175904,False,0.012902483,0.8580325,0.12906498
phrasebank_sentences_75agree_650,"The planned facility , estimated to cost around $ 814 million , would be the largest biodiesel plant in the world , and use palm oil certified by the Roundtable on Sustainable Palm Oil ( RSPO ) .",positive,phrasebank,controlled_gold_split,neutral,0.6242281,0.697055,False,0.0070714485,0.6242281,0.3687004
phrasebank_sentences_75agree_2564,"Karachi , Sept. 14 -- Ixonos , a world leader in the development and integration of solutions for handheld devices , announced that it is implementing a touch screen mobile user interface solution for the Intel Atom processor Z6xx based smartphones .",neutral,phrasebank,controlled_gold_split,positive,0.61416227,0.714483,False,0.010342365,0.37549534,0.61416227
phrasebank_sentences_66agree_2408,"Beef imports fell slightly from 2006 , to 14mn kilos .",neutral,phrasebank,controlled_gold_split,negative,0.9716561,0.14858273,False,0.9716561,0.014025727,0.0143182725
phrasebank_sentences_75agree_2578,Marketing will use Tikkurila 's existing infra structure and local knowledge in Russia .,neutral,phrasebank,controlled_gold_split,neutral,0.8308371,0.48273242,False,0.0066930414,0.8308371,0.1624699
phrasebank_sentences_75agree_2948,"The effect may remain short-lived , however .",neutral,phrasebank,controlled_gold_split,negative,0.7574667,0.7046182,False,0.7574667,0.1667396,0.07579374
phrasebank_sentences_75agree_53,The new plant is planned to have an electricity generation capacity of up to 350 megawatts ( MW ) and the same heat generation capacity .,neutral,phrasebank,controlled_gold_split,neutral,0.8199658,0.5026314,False,0.0075024236,0.8199658,0.17253183
phrasebank_sentences_allagree_276,"ALEXANDRIA , Va. , May 16 -- Kenneth Bower of Vista , Calif. , has developed an ornamental design for a handset , the U.S. Patent & Trademark Office announced .",neutral,phrasebank,controlled_gold_split,neutral,0.87462753,0.42659938,False,0.016649429,0.87462753,0.10872297
phrasebank_sentences_75agree_986,"www.countryelements.co.uk Designed by Patricia Burt , this is just one of a selection of distinctive hooked rugs created with recycled materials and dyed natural dyes .",neutral,phrasebank,controlled_gold_split,neutral,0.93901134,0.2641493,False,0.015406511,0.93901134,0.045582186
phrasebank_sentences_allagree_1058,The company will be part of Teleste 's Video and Broadband Solutions business area .,neutral,phrasebank,controlled_gold_split,neutral,0.91716623,0.31380144,False,0.008856297,0.91716623,0.0739774
phrasebank_sentences_allagree_244,Return on capital employed rose by 4.8 percentage points to 19.6 % .,positive,phrasebank,controlled_gold_split,positive,0.9538677,0.21870393,False,0.020723827,0.025408521,0.9538677
phrasebank_sentences_50agree_1555,"Kaukopartio Oy has acquired specialized knowledge in Far Eastern operations , and industrial sourcing services are their core competence .",neutral,phrasebank,controlled_gold_split,neutral,0.8095396,0.5195787,False,0.007840417,0.8095396,0.18261994
phrasebank_sentences_50agree_424,"Deliveries are to start later in 2010 , and the volume will increase in the years 2011-2012 .",neutral,phrasebank,controlled_gold_split,positive,0.6792364,0.66603243,False,0.008317953,0.31244567,0.6792364
phrasebank_sentences_75agree_2841,"SSH COMMUNICATIONS SECURITY CORP STOCK EXCHANGE RELEASE OCTOBER 14 , 2008 AT 2:45 PM The Company updates its full year outlook and estimates its results to remain at loss for the full year .",negative,phrasebank,controlled_gold_split,negative,0.9474896,0.24223444,False,0.9474896,0.026593594,0.0259167
phrasebank_sentences_50agree_62,"`` The new agreement is a continuation to theagreement signed earlier this year with the Lemminkainen Group , whereby Cramo acquired the entire construction machine fleet ofLemminkainen Talo Oy Ita - ja Pohjois Suomo , and signed asimilar agreement , '' said Tatu Hauhio , managing director ofCramo Finland .",neutral,phrasebank,controlled_gold_split,positive,0.8480122,0.46050534,False,0.009071093,0.14291674,0.8480122
phrasebank_sentences_allagree_212,Cash flow from operations rose to EUR 52.7 mn from EUR 15.6 mn in 2007 .,positive,phrasebank,controlled_gold_split,positive,0.9517327,0.22607207,False,0.028421294,0.01984603,0.9517327
phrasebank_sentences_allagree_1469,The Notice in its entirety with other proposals from the Nomination Committee and the Board will be published at least four weeks before 28 April on the company 's website and in Post - och Inrikes Tidningar and Dagens Industri .,neutral,phrasebank,controlled_gold_split,neutral,0.9525088,0.22267175,False,0.029292129,0.9525088,0.018199096
phrasebank_sentences_66agree_3502,He said : `` It is for sale again and we will be actively marketing it .,neutral,phrasebank,controlled_gold_split,positive,0.80269533,0.5326853,False,0.008823979,0.18848075,0.80269533
phrasebank_sentences_75agree_976,"They re in a race with Google to get lots of users onto their service as social networking creates new business models , said Martin Garner , a London-based analyst with CCS Insight .",neutral,phrasebank,controlled_gold_split,neutral,0.5480766,0.77608764,True,0.021872422,0.5480766,0.43005097
phrasebank_sentences_allagree_1518,"The total restructuring costs are expected to be about EUR 30mn , of which EUR 13.5 mn was booked in December 2008 .",neutral,phrasebank,controlled_gold_split,neutral,0.8196888,0.55831647,False,0.14688492,0.8196888,0.03342637
phrasebank_sentences_allagree_1679,Mr Jortikka is president of the base metal division of Outotec Oyj in Finland and is on the executive committee of Outotec .,neutral,phrasebank,controlled_gold_split,neutral,0.93989354,0.26878363,False,0.03209999,0.93989354,0.02800654
phrasebank_sentences_50agree_309,Vacon will supply drives to Ruselprom in the power range from 200 kW up to 2 MW .,neutral,phrasebank,controlled_gold_split,neutral,0.8594915,0.43789804,False,0.008474803,0.8594915,0.13203366
phrasebank_sentences_allagree_1253,"In addition , the contract includes modification of the effluent treatment plant at Follum .",neutral,phrasebank,controlled_gold_split,neutral,0.7251953,0.6411978,False,0.013289695,0.7251953,0.26151496
phrasebank_sentences_66agree_69,"The 718,430 new Series A shares will become subject to trading on the Helsinki Stock Exchange 's Main List , together with the old Series A shares , on July 3 , 2006 .",neutral,phrasebank,controlled_gold_split,neutral,0.956855,0.20751786,False,0.019489715,0.956855,0.023655277
phrasebank_sentences_75agree_1000,A CUT ABOVE Bring the outdoors in with these birch-branch coasters .,neutral,phrasebank,controlled_gold_split,neutral,0.6525607,0.70193636,False,0.0131920865,0.6525607,0.33424723
phrasebank_sentences_allagree_722,"UPM-Kymmene www.upm-kymmene.com produces magazine papers and newsprint , as well as fine and specialty papers , converting materials and wood products .",neutral,phrasebank,controlled_gold_split,neutral,0.9519259,0.22604682,False,0.022644835,0.9519259,0.025429271
phrasebank_sentences_allagree_2078,He wore a black beanie-type cap and a black jacket .,neutral,phrasebank,controlled_gold_split,neutral,0.8388565,0.52281064,False,0.12846997,0.8388565,0.03267352
phrasebank_sentences_75agree_1252,"In a release , the Company said that Vocollect T2 customers in North America can now take advantage of its Voice Directed Warehousing solution and increase warehouse efficiency and productivity gains at a discounted price .",positive,phrasebank,controlled_gold_split,positive,0.91717136,0.31191093,False,0.007994463,0.074834146,0.91717136
phrasebank_sentences_allagree_1207,"Deliveries of Nokia 1112 , Nokia 2310 and Nokia 2610 are expected to start in the second quarter of 2006 .",neutral,phrasebank,controlled_gold_split,neutral,0.8871701,0.38810775,False,0.010849127,0.8871701,0.101980776
phrasebank_sentences_75agree_1532,Finnish property investment company Citycon plans to issue directed subordinated convertible bonds to institutional investors .,neutral,phrasebank,controlled_gold_split,neutral,0.89447594,0.36650625,False,0.008456476,0.89447594,0.09706766
phrasebank_sentences_allagree_1746,"The Company operates through four principal divisions : Consumer Packaging ; Office Papers ; Speciality Papers , as well as Market Pulp and Energy .",neutral,phrasebank,controlled_gold_split,neutral,0.9471444,0.2429966,False,0.029980926,0.9471444,0.022874676
phrasebank_sentences_allagree_1698,"Panostaja owns a 68.77 pct of share capital and the voting rights of Suomen Helasto shares following an exchange of shares which was carried out on May 30 , 2007 .",neutral,phrasebank,controlled_gold_split,neutral,0.9214492,0.30507672,False,0.009955813,0.9214492,0.06859505
phrasebank_sentences_allagree_1962,"The authorisation is in force until the end of the next Annual General Meeting and repeals the authorisation to acquire own shares given by the General Meeting held on April 4 , 2007 .",neutral,phrasebank,controlled_gold_split,neutral,0.6231333,0.7548237,False,0.35173905,0.6231333,0.025127614
phrasebank_sentences_allagree_110,Diluted EPS rose to EUR3 .68 from EUR0 .50 .,positive,phrasebank,controlled_gold_split,positive,0.95234,0.22458711,False,0.024429813,0.02323021,0.95234
phrasebank_sentences_allagree_1436,The financial statements release will be available after publishing on the Company 's internet pages at www.cargotec.com .,neutral,phrasebank,controlled_gold_split,neutral,0.95687205,0.2075556,False,0.020103604,0.95687205,0.023024328
phrasebank_sentences_allagree_430,Finnish handling systems company Cargotec Oyj ( HEL : CGCBV ) said today that it won a EUR 13 million ( USD 16.6 m ) contract to deliver MacGregor hatch covers for ships ordered by Norwegian shipowner Grieg Shipping .,positive,phrasebank,controlled_gold_split,positive,0.9460781,0.24497008,False,0.019124882,0.034797017,0.9460781
phrasebank_sentences_allagree_1007,"Paychex has more than 100 offices serving approximately 554,000 payroll clients nationwide as of May 31 , 2009 .",neutral,phrasebank,controlled_gold_split,neutral,0.93209565,0.28296053,False,0.0141668925,0.93209565,0.053737536
phrasebank_sentences_75agree_458,"By combining its existing solutions into a single platform , Comptel said that it has reduced the cost of deployment .",positive,phrasebank,controlled_gold_split,positive,0.92437327,0.29765457,False,0.010084417,0.06554238,0.92437327
phrasebank_sentences_allagree_1462,The name of the newspaper publishing and printing division Sanoma will be changed to Sanoma News .,neutral,phrasebank,controlled_gold_split,neutral,0.9459609,0.24666458,False,0.021752981,0.9459609,0.032286137
phrasebank_sentences_50agree_462,"Vaisala Oyj Press Release September 30 , 2010 Vaisala has signed a contract to sell its oxygen measurement technology and business to SICK Maihak GmbH .",positive,phrasebank,controlled_gold_split,positive,0.90685654,0.34320593,False,0.010818299,0.08232518,0.90685654
phrasebank_sentences_66agree_1742,Delhaize Le Lion has selected the Aldata G.O.L.D. Vocal PDA solution on the Motorola WT4090 PDA terminal .,neutral,phrasebank,controlled_gold_split,neutral,0.75831795,0.58475715,False,0.0070160767,0.75831795,0.23466599
phrasebank_sentences_75agree_2066,No financial detail were available .,neutral,phrasebank,controlled_gold_split,neutral,0.9259502,0.30590075,False,0.05529014,0.9259502,0.018759608
phrasebank_sentences_50agree_2134,It appears from statistics of the Technical Surveillance Authority that customers who switch service providers mostly transfer their numbers to Elisa 's network .,neutral,phrasebank,controlled_gold_split,neutral,0.9138798,0.34695566,False,0.059208527,0.9138798,0.026911674
phrasebank_sentences_allagree_1471,"The objective is that trading in the shares will commence on May 2 , 2007 .",neutral,phrasebank,controlled_gold_split,neutral,0.95096123,0.224015,False,0.012980112,0.95096123,0.03605866
phrasebank_sentences_allagree_1423,"The deal includes the entire personnel of PlanMill Oy , who will transfer to the new company as so-called old employees .",neutral,phrasebank,controlled_gold_split,neutral,0.95009357,0.23275328,False,0.023549624,0.95009357,0.026356852
phrasebank_sentences_allagree_1718,"That address also happens to house Italian megamart Eataly , meaning that `` Come on , kids , we 're going to the Toy Building ! ''",neutral,phrasebank,controlled_gold_split,neutral,0.9338306,0.28625572,False,0.022840133,0.9338306,0.043329187
phrasebank_sentences_allagree_545,"CapMan has four investment areas ( CapMan Buyout , CapMan Technology , CapMan Life Science and CapMan Real Estate ) , and each of them has a dedicated team .",neutral,phrasebank,controlled_gold_split,neutral,0.9289353,0.2864855,False,0.0106952125,0.9289353,0.060369454
phrasebank_sentences_allagree_1744,The company has an annual turnover of EUR32 .8 m.,neutral,phrasebank,controlled_gold_split,neutral,0.9411209,0.2625378,False,0.02153943,0.9411209,0.037339684
phrasebank_sentences_allagree_840,"Pretax profit totalled EUR 2.0 mn , compared to a loss of EUR 159.2 mn in the fourth quarter of 2008 .",positive,phrasebank,controlled_gold_split,positive,0.8849399,0.40586507,False,0.09764917,0.017410856,0.8849399
phrasebank_sentences_allagree_1959,Short-term licenses for the games cost as little as $ 3 while purchasing a game outright can cost as much as $ 10 or $ 15 .,neutral,phrasebank,controlled_gold_split,neutral,0.8976675,0.39207637,False,0.07234212,0.8976675,0.029990364
phrasebank_sentences_allagree_1269,"ISMS does not disclose its financial results , the daily said .",neutral,phrasebank,controlled_gold_split,neutral,0.9373733,0.27219126,False,0.044072032,0.9373733,0.018554663
phrasebank_sentences_75agree_568,The objective of the planned measures is to achieve significant savings in the next few years .,positive,phrasebank,controlled_gold_split,positive,0.9061749,0.34311348,False,0.00998986,0.08383524,0.9061749
phrasebank_sentences_50agree_186,"Editor 's note : Grimaldi generated a 1.7 bln euro ( $ 2.182 bln ) turnover in 2005 , ANSA reported on May 29 , 2006 .",neutral,phrasebank,controlled_gold_split,neutral,0.889592,0.42098245,False,0.042576633,0.889592,0.06783139
phrasebank_sentences_50agree_139,"A structures BIM ( building information modeling ) software from Tekla , a model-based software provider , has been adopted for the construction management and delivery of a university project in Abu Dhabi .",neutral,phrasebank,controlled_gold_split,neutral,0.5803662,0.7170024,True,0.0073041404,0.5803662,0.4123297
phrasebank_sentences_allagree_1610,"Cargotec 's sales totalled EUR 3.4 billion in 2008 and it employs approximately 11,000 people .",neutral,phrasebank,controlled_gold_split,neutral,0.94104415,0.25945544,False,0.016953323,0.94104415,0.042002514
phrasebank_sentences_75agree_1814,"Swedbank Hypotek - Is to issue a benchmark , fixed rate covered deal in Euros , maturing January 2010 .",neutral,phrasebank,controlled_gold_split,neutral,0.88224244,0.3939979,False,0.008909958,0.88224244,0.10884763
phrasebank_sentences_75agree_870,LSC 's 30 employees will move to Ixonos with their existing status and benefits .,neutral,phrasebank,controlled_gold_split,neutral,0.93679523,0.2731248,False,0.017645976,0.93679523,0.04555878
phrasebank_sentences_50agree_713,Both loans will be used to finance strategic investments such as shopping center redevelopment projects and refinancing of maturing debt .,positive,phrasebank,controlled_gold_split,positive,0.58332044,0.72351944,True,0.009237874,0.4074417,0.58332044
phrasebank_sentences_allagree_176,Orders received grew by 55 % year-on-year to EUR732m .,positive,phrasebank,controlled_gold_split,positive,0.95819616,0.20250647,False,0.019420514,0.022383414,0.95819616
phrasebank_sentences_66agree_404,The companies ' aim is to finalize the negotiations and sign the contracts at the start of October 2008 .,neutral,phrasebank,controlled_gold_split,neutral,0.591543,0.726997,True,0.011026512,0.591543,0.39743048
phrasebank_sentences_66agree_3089,Earnings per share EPS in 2005 amounted to a loss of EUR1 .26 .,neutral,phrasebank,controlled_gold_split,negative,0.9415164,0.25426745,False,0.9415164,0.045070205,0.013413358
phrasebank_sentences_75agree_1344,CORPORATE IT UPDATE - ( C ) 1995-2009 M2 COMMUNICATIONS LTD Finnish technology group Teleste Corporation ( OMX Helsinki : TLT1V ) reported on Wednesday ( 4 February ) an operating profit of EUR5 .6 m on net sales of EUR108 .7 m for the year 2008 .,neutral,phrasebank,controlled_gold_split,neutral,0.905508,0.36123276,False,0.019736877,0.905508,0.074755155
phrasebank_sentences_66agree_367,YIT Construction and the town of Riihim+ñki have signed a lease contract whereby the town will occupy the Travel Centre office facilities .,positive,phrasebank,controlled_gold_split,positive,0.89438105,0.37554306,False,0.012440779,0.09317816,0.89438105
phrasebank_sentences_50agree_2420,Benefon 's target is to lay off temporarily of permanently up to 20 % of the Salo plant 's staff .,negative,phrasebank,controlled_gold_split,negative,0.96186626,0.18136054,False,0.96186626,0.030279253,0.007854433
phrasebank_sentences_allagree_1044,"The business area has operations in Finland , Sweden , Denmark , Estonia , Latvia and Lithuania .",neutral,phrasebank,controlled_gold_split,neutral,0.9480161,0.23893416,False,0.019957202,0.9480161,0.032026645
phrasebank_sentences_75agree_2230,The Finnish paints company acquired the remaining 49 pct that it did not own from Ukraine 's LGU for an undisclosed sum .,neutral,phrasebank,controlled_gold_split,neutral,0.94943535,0.2331368,False,0.018069724,0.94943535,0.03249496
phrasebank_sentences_50agree_995,The world 's biggest magazine paper maker said the program to improve efficiency will include closing several of its least competitive mills and would cover all the company 's operations resulting in annual savings of some euro200 million US$ 240 million .,positive,phrasebank,controlled_gold_split,positive,0.9195268,0.32209688,False,0.017524406,0.06294876,0.9195268
phrasebank_sentences_50agree_500,One of the challenges in the oil production in the North Sea is scale formation that can plug pipelines and halt production .,negative,phrasebank,controlled_gold_split,negative,0.8749941,0.421216,False,0.8749941,0.11071484,0.014291018
phrasebank_sentences_75agree_1055,Pharmaceuticals - Netherlands This brand-new market analysis gives a clear overview of the actual situation and future outlook of the pharmaceutical market in Netherlands .,neutral,phrasebank,controlled_gold_split,neutral,0.92878443,0.293072,False,0.014729141,0.92878443,0.05648647
phrasebank_sentences_allagree_2198,"In September alone , the market declined by 10.2 percent year-on-year to 19.28 million liters .",negative,phrasebank,controlled_gold_split,negative,0.97572714,0.12855747,False,0.97572714,0.017546931,0.0067259036
phrasebank_sentences_75agree_936,"The important thing now is to keep the bank 's existing 15,000 customers .",neutral,phrasebank,controlled_gold_split,neutral,0.7105277,0.64553165,False,0.010112257,0.7105277,0.27936006
phrasebank_sentences_75agree_1349,Elektrobit ( EB ) has renewed its IT infrastructure contract with ICT services provider Fujitsu Services for EB 's Patja service .,positive,phrasebank,controlled_gold_split,positive,0.95349634,0.2182951,False,0.016435629,0.030068088,0.95349634
phrasebank_sentences_allagree_1252,"In addition , MIDs are always online and enable full Internet browsing .",neutral,phrasebank,controlled_gold_split,neutral,0.9359506,0.26927236,False,0.012282194,0.9359506,0.051767174
phrasebank_sentences_allagree_697,The deal was worth about EUR 1.2 mn .,neutral,phrasebank,controlled_gold_split,neutral,0.9241992,0.30564302,False,0.01467701,0.9241992,0.061123744
phrasebank_sentences_allagree_1523,"The transaction is subject to a final agreement between the parties , approvals of their decision-making bodies and approval by the Finnish Competition Authority .",neutral,phrasebank,controlled_gold_split,neutral,0.9089828,0.33817875,False,0.01087058,0.9089828,0.08014664
phrasebank_sentences_75agree_2498,"Economic development in China is no longer taking place only on the East coast and in the Shanghai area , Vauramo says .",neutral,phrasebank,controlled_gold_split,neutral,0.8838681,0.3984969,False,0.012352031,0.8838681,0.10377993
phrasebank_sentences_allagree_1785,The final outcome of the rights offering is to be reported around 23 October 2009 .,neutral,phrasebank,controlled_gold_split,neutral,0.9535387,0.21657526,False,0.01421783,0.9535387,0.03224349
phrasebank_sentences_75agree_2400,"Upon completion of these transactions , Metso 's stake will amount to more than 60 % .",neutral,phrasebank,controlled_gold_split,neutral,0.8952751,0.36490288,False,0.008528687,0.8952751,0.09619615
phrasebank_sentences_75agree_2278,The order is a follow-on to an 11 mln euro ( $ 16.1 mln ) deal made in July 2007 .,neutral,phrasebank,controlled_gold_split,neutral,0.7804008,0.57013357,False,0.011027394,0.7804008,0.20857179
phrasebank_sentences_75agree_2120,"SAN FRANCISCO ( MarketWatch ) -- Nokia Corp , the world 's largest cell-phone maker , is using the Consumer Electronics Show in Las Vegas to introduce a high-end , thin folding phone , according to a media report Monday .",neutral,phrasebank,controlled_gold_split,neutral,0.63915414,0.7238488,False,0.017472286,0.63915414,0.3433735
phrasebank_sentences_allagree_930,All YIT Capital Markets Day materials will be available on the company 's Internet site at www.yitgroup.com/investors at 10:30 on September 26 .,neutral,phrasebank,controlled_gold_split,neutral,0.9547738,0.21554461,False,0.023204034,0.9547738,0.022022178
phrasebank_sentences_allagree_1945,Atria said its offer would give the Swedish company continued ownership and control of its slaughtering and cutting operations .,neutral,phrasebank,controlled_gold_split,neutral,0.7515593,0.5965828,False,0.008180244,0.7515593,0.24026044
phrasebank_sentences_allagree_1041,The Board of Directors was authorized to decide on other terms of the share issue .,neutral,phrasebank,controlled_gold_split,neutral,0.9474936,0.23941937,False,0.01774858,0.9474936,0.034757826
phrasebank_sentences_allagree_593,Shuweihat 2 got under way in July 2008 when the project was awarded to desalination and power contractors .,neutral,phrasebank,controlled_gold_split,neutral,0.5113016,0.73684835,True,0.008771702,0.5113016,0.47992668
phrasebank_sentences_75agree_1436,"The Group 's revenue amounts to over EUR 80 million , about half of which is accounted for by exports .",neutral,phrasebank,controlled_gold_split,neutral,0.92632586,0.2967993,False,0.012633191,0.92632586,0.061040897
phrasebank_sentences_66agree_2880,The sale of the food potato business is part of Raisio 's plan to streamline and clarify its business operations .,neutral,phrasebank,controlled_gold_split,neutral,0.86516744,0.4299155,False,0.009533446,0.86516744,0.12529914
phrasebank_sentences_66agree_1432,"Via the plant , the Belgian company will feed 8.4 MW of electricity into the distribution grid and will be able to deliver up to 14 MW of heat .",neutral,phrasebank,controlled_gold_split,positive,0.5012202,0.7341839,True,0.0080103045,0.49076945,0.5012202
phrasebank_sentences_75agree_3041,"`` Soon after , the collisions started . ''",neutral,phrasebank,controlled_gold_split,neutral,0.6515731,0.8754802,False,0.22059439,0.6515731,0.12783246
phrasebank_sentences_66agree_1765,"However , he expects banks to provide alternative financing .",positive,phrasebank,controlled_gold_split,positive,0.8991871,0.3586071,False,0.009617565,0.091195375,0.8991871
phrasebank_sentences_75agree_2330,The shares subscribed will be eligible for trade on the following day from the registration .,neutral,phrasebank,controlled_gold_split,neutral,0.9459059,0.24164903,False,0.014308362,0.9459059,0.039785635
phrasebank_sentences_66agree_1666,Both companies ' existing investment plans will be coordinated .,neutral,phrasebank,controlled_gold_split,positive,0.61707884,0.7086868,False,0.00915112,0.37377003,0.61707884
phrasebank_sentences_allagree_114,"EUR928 ,000 in Q1 2010 6 May 2010 - Finnish textile and clothing design company Marimekko Oyj ( HEL : MMO1V ) said today its net profit rose to EUR928 ,000 in the first quarter of 2010 from EUR13 ,000 in the corresponding period a year earlier .",positive,phrasebank,controlled_gold_split,positive,0.9479404,0.24047646,False,0.027964681,0.024094893,0.9479404
phrasebank_sentences_50agree_3172,"The business goals for 2009 will realize with the temporary lay-offs carried out in the summer of 2009 , and with other savings measures .",neutral,phrasebank,controlled_gold_split,positive,0.79997724,0.5892482,False,0.032531593,0.16749112,0.79997724
phrasebank_sentences_allagree_449,"The original name Componenta +àm+Ñl , as a subsidiary of the Finnish Componenta Group , has been changed to +àm+Ñl Components and the company has seen a 63 % growth in Q1 2010 , in comparison to Q1 2009 .",positive,phrasebank,controlled_gold_split,positive,0.94133353,0.25422215,False,0.012928791,0.04573764,0.94133353
phrasebank_sentences_66agree_1103,One attractive factor about the tablets for media companies is that they provide a new way of making money .,positive,phrasebank,controlled_gold_split,neutral,0.5946779,0.719934,True,0.009440621,0.5946779,0.39588147
phrasebank_sentences_66agree_1321,"One of the opportunities would be to bring all Baltic meat processing to Rakvere , like processing was concentrated at the Vantaa meat-packing unit in Finland , the paper wrote .",neutral,phrasebank,controlled_gold_split,neutral,0.7411818,0.6132053,False,0.00970538,0.7411818,0.2491128
phrasebank_sentences_allagree_1078,"The fish content of the nuggets is 85 % , and the fish comes from Canada and Finland .",neutral,phrasebank,controlled_gold_split,neutral,0.9446018,0.24635085,False,0.014883719,0.9446018,0.040514436
phrasebank_sentences_66agree_451,The company plans to spend the proceeds from the rights offering for strengthening its balance sheet .,neutral,phrasebank,controlled_gold_split,positive,0.90002084,0.35594946,False,0.009287651,0.09069152,0.90002084
phrasebank_sentences_allagree_607,The company is studying the feasibility of focusing most of its processed meat production in the Vantaa facilities and the processing of fresh meat in the Forssa facilities .,neutral,phrasebank,controlled_gold_split,neutral,0.8268729,0.49415964,False,0.008312768,0.8268729,0.16481438
phrasebank_sentences_allagree_984,"Iso Omena is based in the Matinkyla district of the southern part of the city of Espoo , southern Finland .",neutral,phrasebank,controlled_gold_split,neutral,0.9466821,0.24476969,False,0.023571355,0.9466821,0.0297465
phrasebank_sentences_75agree_2941,"It would be premature to talk about dates , volume and the investment procedure , '' he said .",neutral,phrasebank,controlled_gold_split,neutral,0.7261134,0.67544687,False,0.24680439,0.7261134,0.027082186
phrasebank_sentences_75agree_1290,"For 2009 , Incap expects revenue of some EUR 70 million .",neutral,phrasebank,controlled_gold_split,neutral,0.78479326,0.5562235,False,0.00839105,0.78479326,0.20681567
phrasebank_sentences_allagree_2156,Net sales fell by 33 % from the third quarter of 2008 to EUR 130.5 mn .,negative,phrasebank,controlled_gold_split,negative,0.9764089,0.12604809,False,0.9764089,0.016591527,0.0069995373
phrasebank_sentences_allagree_31,"The company 's order book stood at 1.5 bln euro $ 2.2 bln on September 30 , 2007 , up by 24.2 pct on the year , with international orders amounting to 365 mln euro $ 534.3 mln .",positive,phrasebank,controlled_gold_split,positive,0.9551298,0.21401146,False,0.020242304,0.024627924,0.9551298
phrasebank_sentences_75agree_1128,"Wayne Greensmith , Fiskars Brands UK senior brand manager , said : `` We have launched this as we want to give something back to the community .",neutral,phrasebank,controlled_gold_split,positive,0.6282912,0.7023581,False,0.009032775,0.362676,0.6282912
phrasebank_sentences_allagree_565,"It is a member of the OneWorld alliance , which includes American Airlines and British Airways .",neutral,phrasebank,controlled_gold_split,neutral,0.90694654,0.34172505,False,0.010204579,0.90694654,0.08284891
phrasebank_sentences_allagree_2151,Market share decreased on the route between Helsinki in Finland and Tallinn in Estonia by 0.1 percentage points to 24.8 % .,negative,phrasebank,controlled_gold_split,negative,0.97437173,0.13501386,False,0.97437173,0.017749246,0.007878986
phrasebank_sentences_75agree_1087,"The contracts awarded to date , in connection with the system , amount to a total EUR 36 million .",neutral,phrasebank,controlled_gold_split,neutral,0.7810475,0.5703817,False,0.011405198,0.7810475,0.20754726
phrasebank_sentences_allagree_1027,"SSH Communications Security Corporation is headquartered in Helsinki , Finland .",neutral,phrasebank,controlled_gold_split,neutral,0.9487332,0.23745152,False,0.022806982,0.9487332,0.028459769
phrasebank_sentences_allagree_1915,EBIT excluding non-recurring items was estimated to increase from 2009 .,positive,phrasebank,controlled_gold_split,positive,0.9557981,0.21138461,False,0.019406376,0.024795547,0.9557981
phrasebank_sentences_50agree_1911,"Sami Sepp+ñnen , CEO for Elisa Eesti , says the novel network allows fast mobile broadband for sparsely populated areas .",neutral,phrasebank,controlled_gold_split,neutral,0.6869345,0.6559186,False,0.007229293,0.6869345,0.30583626
phrasebank_sentences_75agree_2307,The proposed consolidation activities will impact approximately 30 positions .,neutral,phrasebank,controlled_gold_split,neutral,0.7673119,0.64278007,False,0.19666791,0.7673119,0.036020163
phrasebank_sentences_75agree_3148,Ramirent made 18 million kroons EUR 1.15 mln loss last year ; the year before the company was 7.3 million kroons in the black .,negative,phrasebank,controlled_gold_split,negative,0.9736345,0.13851467,False,0.9736345,0.017772881,0.008592577
phrasebank_sentences_66agree_2683,"Talvivaara Mining Company PLC ( Talvivaara Mining ) ( LSE : TALV ) , a Finland-based nickel mining business , has installed its second production line at its metals recovery plant on June 9 , 2010 .",neutral,phrasebank,controlled_gold_split,positive,0.6249143,0.7131122,False,0.011531284,0.3635544,0.6249143
phrasebank_sentences_75agree_2816,"Under Finnish law , Parliament grants licences to build nuclear power plants .",neutral,phrasebank,controlled_gold_split,neutral,0.8740128,0.41547343,False,0.010771204,0.8740128,0.11521601
phrasebank_sentences_50agree_2392,After that the two companies sat down and sewed up the present deal .,neutral,phrasebank,controlled_gold_split,neutral,0.9329108,0.29168364,False,0.028176684,0.9329108,0.03891251
phrasebank_sentences_66agree_3841,The maritime administration said the ships had ignored warnings about the icy conditions .,negative,phrasebank,controlled_gold_split,negative,0.90187985,0.37860382,False,0.90187985,0.07117854,0.026941622
phrasebank_sentences_75agree_2782,"The total value of the agreement is USD4 .0 m , the company said .",neutral,phrasebank,controlled_gold_split,neutral,0.9343458,0.273107,False,0.011757293,0.9343458,0.05389695
phrasebank_sentences_50agree_3914,The through service of FESCO is a telling example of strengthening the relationship between logistics companies and operators at the international level .,positive,phrasebank,controlled_gold_split,positive,0.89840204,0.35415727,False,0.007037852,0.094560094,0.89840204
phrasebank_sentences_allagree_706,"The record date for dividend distribution is March 14 , 2008 .",neutral,phrasebank,controlled_gold_split,neutral,0.94471073,0.24861458,False,0.037393425,0.94471073,0.01789581
phrasebank_sentences_66agree_1456,Mr Lee said he hoped that Neste 's move will ` pave the way for more collaboration projects between our two countries ' .,positive,phrasebank,controlled_gold_split,positive,0.9353703,0.27059922,False,0.012043172,0.05258643,0.9353703
phrasebank_sentences_allagree_862,"Finnish broadband data communication systems provider Teleste Oyj HEL : TLT1V said yesterday it returned to a net profit of EUR 2.7 million USD 3.8 m for the first nine months of 2010 versus a net loss of EUR 579,000 for the same period of 2009 .",positive,phrasebank,controlled_gold_split,positive,0.93196154,0.28737548,False,0.05049105,0.01754749,0.93196154
phrasebank_sentences_allagree_1407,"The Company serves approximately 3,000 customers in over 100 countries .",neutral,phrasebank,controlled_gold_split,neutral,0.9074876,0.3377797,False,0.008977043,0.9074876,0.08353544
phrasebank_sentences_50agree_3152,"Thanks to the development of a system that enables it to trace the origin of all the palm oil that it uses , it knows exactly where and how its palm oil has been produced .",neutral,phrasebank,controlled_gold_split,neutral,0.8600748,0.43762556,False,0.008776573,0.8600748,0.13114862
phrasebank_sentences_allagree_183,"Pre-tax profit totaled EUR 397.4 mn , up from EUR 164.7 mn .",positive,phrasebank,controlled_gold_split,positive,0.95456135,0.21621814,False,0.024479207,0.020959418,0.95456135
phrasebank_sentences_66agree_4183,The winner does not have to be present to win .,neutral,phrasebank,controlled_gold_split,neutral,0.9402329,0.26764238,False,0.028059695,0.9402329,0.031707462
phrasebank_sentences_allagree_2246,"Qualcomm estimated a first-quarter profit between 46 and 50 cents a share , excluding certain items , below the analyst estimate of 61 cents a share .",negative,phrasebank,controlled_gold_split,negative,0.9701239,0.15418386,False,0.9701239,0.018455697,0.011420484
phrasebank_sentences_66agree_2582,"Metso Oyj said it has sold its spreader roll manufacturing business and related assets in the town of Nokia , southern Finland , to a group of Finnish investors , who will operate the business under the name of Finbow Oy .",neutral,phrasebank,controlled_gold_split,neutral,0.9353474,0.27302256,False,0.013738046,0.9353474,0.05091451
phrasebank_sentences_75agree_3426,"Because expenditures must be justified to pass budget approval hurdles , we believe our RoP model can help make it easier for IT and IT security practitioners to make the business case for acquiring enabling security technologies and related control activities .",neutral,phrasebank,controlled_gold_split,positive,0.87344766,0.4070834,False,0.007083899,0.119468406,0.87344766
phrasebank_sentences_66agree_1747,European traffic grew nearly 30 % .,positive,phrasebank,controlled_gold_split,positive,0.95251215,0.2197128,False,0.0138467355,0.03364109,0.95251215
phrasebank_sentences_50agree_1702,Finnish plumbing and heating systems supplier Uponor announced a company-wide cost reduction program in August 2008 .,neutral,phrasebank,controlled_gold_split,positive,0.549748,0.8620169,True,0.39179483,0.058457185,0.549748
phrasebank_sentences_allagree_329,"26 January 2011 - Finnish metal products company Componenta Oyj ( HEL : CTH1V ) said yesterday its net loss narrowed to EUR500 ,000 in the last quarter of 2010 from EUR5 .3 m for the same period a year earlier .",positive,phrasebank,controlled_gold_split,positive,0.9378016,0.27416065,False,0.03879865,0.023399767,0.9378016
phrasebank_sentences_50agree_3976,"We bring a new , committed leadership and business and strategic know-how to the company that we buy .",neutral,phrasebank,controlled_gold_split,neutral,0.69806165,0.6533066,False,0.009094139,0.69806165,0.29284427
phrasebank_sentences_75agree_3047,And Ogden reportedly will shell out $ 4.2 million .,neutral,phrasebank,controlled_gold_split,neutral,0.917122,0.34017467,False,0.05254766,0.917122,0.030330298
phrasebank_sentences_50agree_1892,Being successful requires providing a level of quality that satisfies our customers and partners .,neutral,phrasebank,controlled_gold_split,neutral,0.7446363,0.6069633,False,0.008958674,0.7446363,0.24640507
phrasebank_sentences_50agree_1162,"Aho is proud of the company 's new product , Lordi-Cola .",neutral,phrasebank,controlled_gold_split,positive,0.7183971,0.6302177,False,0.007825904,0.27377698,0.7183971
phrasebank_sentences_allagree_356,"ADPnews - Feb 5 , 2010 - Finnish real estate investor Sponda Oyj HEL : SDA1V said today that it slipped to a net loss of EUR 81.5 million USD 11.8 m in 2009 from a profit of EUR 29.3 million in 2008 .",negative,phrasebank,controlled_gold_split,negative,0.9741416,0.13701892,False,0.9741416,0.016396983,0.009461448
phrasebank_sentences_66agree_2849,"The permanent magnet generators and power converters are today the preferred solution in new wind turbine designs , the company said .",neutral,phrasebank,controlled_gold_split,neutral,0.6629688,0.67515826,False,0.007541313,0.6629688,0.3294899
phrasebank_sentences_75agree_2127,Solidium now holds 5.0 per cent of the shares Solidium Oy has acquired 5.0 per cent of the shares in Tieto Corporation for approximately EUR 58 million .,neutral,phrasebank,controlled_gold_split,neutral,0.9383248,0.26304388,False,0.012796717,0.9383248,0.04887844
phrasebank_sentences_allagree_1603,"Based on the 2005 calendar year the combined company had EUR15 .8 bn in pro forma annual revenues and is expected to start operations with 60,000 employees .",neutral,phrasebank,controlled_gold_split,neutral,0.83308715,0.48645526,False,0.009162132,0.83308715,0.15775073
phrasebank_sentences_allagree_1994,Filmiteollisuus Fine Ab will be transferred to Talentum Oyj in the form of a subsidiary .,neutral,phrasebank,controlled_gold_split,neutral,0.95535606,0.21224284,False,0.017312324,0.95535606,0.027331643
phrasebank_sentences_allagree_2091,"As part of the transaction , M-real and Sappi have also signed a long-term agreement on the supply of pulp and BCTMP and other smaller services and supplies .",positive,phrasebank,controlled_gold_split,positive,0.9232189,0.30339563,False,0.011576805,0.06520422,0.9232189
phrasebank_sentences_allagree_1400,The company reiterates its outlook for 2009 .,neutral,phrasebank,controlled_gold_split,neutral,0.92781466,0.30809218,False,0.029534154,0.92781466,0.042651244
phrasebank_sentences_75agree_312,"The airline has ordered nine Airbus A350-900 aircraft with deliveries from 2011 , and in doing so becomes the lead airline for the latest variant of Rolls-Royce Trent series engines , called the 1700 .",positive,phrasebank,controlled_gold_split,positive,0.8539077,0.44565517,False,0.0075723054,0.13852005,0.8539077
phrasebank_sentences_allagree_2022,"Finnair 's passenger load factor , which measures the number of sold seats as a share of all available seats , dropped by 1.3 percentage points to 76.7 % in September .",negative,phrasebank,controlled_gold_split,negative,0.9759788,0.12824647,False,0.9759788,0.016481325,0.0075398916
phrasebank_sentences_allagree_766,The Moscow Metro ( www.mosmetro.ru ) was the first metro system in Europe to implement smart cards together with a new type of magnetic card in 1998 .,neutral,phrasebank,controlled_gold_split,neutral,0.7676368,0.57726675,False,0.008101901,0.7676368,0.2242613
phrasebank_sentences_75agree_916,"The company designs and manufactures high-quality clothing , interior decoration textiles , bags , and other accessories .",neutral,phrasebank,controlled_gold_split,neutral,0.93634707,0.27286258,False,0.01606489,0.93634707,0.047588088
phrasebank_sentences_allagree_1479,The plant is expected to start production in the first half of 2007 .,neutral,phrasebank,controlled_gold_split,neutral,0.87724537,0.40767205,False,0.010264579,0.87724537,0.11249003
phrasebank_sentences_66agree_721,"According to Schmardin , Nordea will most likely try to win customers over from other pension fund providers .",positive,phrasebank,controlled_gold_split,positive,0.89612585,0.36632767,False,0.009958245,0.09391591,0.89612585
phrasebank_sentences_allagree_1991,"After the split , the company would have 26,885,540 Series A shares and 9,540,000 Series K shares .",neutral,phrasebank,controlled_gold_split,neutral,0.9541287,0.21646766,False,0.017098552,0.9541287,0.028772697
phrasebank_sentences_75agree_8,"A purchase agreement for 7,200 tons of gasoline with delivery at the Hamina terminal , Finland , was signed with Neste Oil OYj at the average Platts index for this September plus eight US dollars per month .",positive,phrasebank,controlled_gold_split,positive,0.87643445,0.412284,False,0.011526937,0.11203857,0.87643445
phrasebank_sentences_75agree_578,"Finnish construction group YIT has been awarded a contract to install heating , air conditioning and cooling systems to the new head office of the automobile association ADAC in Munich in Germany .",positive,phrasebank,controlled_gold_split,positive,0.9380391,0.26666033,False,0.015032733,0.046928152,0.9380391
phrasebank_sentences_allagree_991,"L&T is operative in Finland , Sweden , Latvia , Russia and Norway .",neutral,phrasebank,controlled_gold_split,neutral,0.9467612,0.23960799,False,0.015009452,0.9467612,0.038229343
phrasebank_sentences_allagree_209,"`` BasWare 's product sales grew strongly in the financial period , by 24 percent .",positive,phrasebank,controlled_gold_split,positive,0.95762944,0.20192721,False,0.013505988,0.028864617,0.95762944
phrasebank_sentences_allagree_1757,The customer is local company Etera Mutual Pension Insurance Co and the principal tenant of the unit will be media company Alma Media Corp HEL : ALN1V .,neutral,phrasebank,controlled_gold_split,neutral,0.9516112,0.22365096,False,0.014938272,0.9516112,0.033450488
phrasebank_sentences_66agree_247,"Press release 9 October 2009 Ruukki has signed a contract to deliver and install the steel structures for a bridge over the Kyronsalmi strait in Savonlinna , Finland .",positive,phrasebank,controlled_gold_split,positive,0.940958,0.25886264,False,0.016044853,0.04299715,0.940958
phrasebank_sentences_66agree_3787,Border Guard Service has banned the mooring of the company car-shipping ferry on its test travel at the railroad-car terminal of the Russian port as the border checkpoint is not yet ready .,negative,phrasebank,controlled_gold_split,negative,0.910886,0.33242765,False,0.910886,0.07879485,0.010319181
phrasebank_sentences_allagree_1712,"Since the registration of the shares subscribed in a directed share issue , the new number of Panostaja shares and voting rights is 41,733,110 .",neutral,phrasebank,controlled_gold_split,neutral,0.9454676,0.24293417,False,0.014210505,0.9454676,0.040321972
phrasebank_sentences_75agree_1314,The company 's net sales in 2010 totalled MEUR 311.4 with an operating margin of 13.9 per cent .,neutral,phrasebank,controlled_gold_split,neutral,0.904326,0.35822746,False,0.015728174,0.904326,0.07994574
phrasebank_sentences_allagree_1652,"In addition to verification of an identity and digital signatures , new state-approved Mobile ID enables to cast votes in elections as well .",neutral,phrasebank,controlled_gold_split,neutral,0.86368936,0.43237662,False,0.009385188,0.86368936,0.12692545
phrasebank_sentences_50agree_1855,L&T has also made a commitment to redeem the remaining shares by the end of 2011 .,neutral,phrasebank,controlled_gold_split,neutral,0.81386703,0.518923,False,0.009788494,0.81386703,0.17634448
phrasebank_sentences_75agree_71,An individual promotion also generated slightly higher-than-expected revenues .,positive,phrasebank,controlled_gold_split,positive,0.95974195,0.19659233,False,0.018892761,0.02136535,0.95974195
phrasebank_sentences_allagree_256,The group 's 12-month operating profit grew 31 percent to 337.8 million euros .,positive,phrasebank,controlled_gold_split,positive,0.9576617,0.2040213,False,0.017523969,0.024814306,0.9576617
phrasebank_sentences_50agree_1873,The winners included the Honda Odyssey for minivan and the Nissan Armada for large SUV .,neutral,phrasebank,controlled_gold_split,neutral,0.80478054,0.5402845,False,0.012550459,0.80478054,0.182669
phrasebank_sentences_allagree_2138,"Finnish financial software solutions developer BasWare Oyj said its net profit fell to 884,000 euro ( $ 1.2 mln ) for the first quarter of 2007 from 2.0 mln euro ( $ 2.7 mln ) a year earlier .",negative,phrasebank,controlled_gold_split,negative,0.97634596,0.12630835,False,0.97634596,0.016650442,0.007003667
phrasebank_sentences_allagree_925,"According to the Finnish-Russian Chamber of Commerce , all the major construction companies of Finland are operating in Russia .",neutral,phrasebank,controlled_gold_split,neutral,0.947906,0.24049194,False,0.02348652,0.947906,0.028607443
phrasebank_sentences_allagree_666,"It operates under three distinct brands : United Supermarkets , Market Street and United Supermercado .",neutral,phrasebank,controlled_gold_split,neutral,0.9526551,0.22313893,False,0.021009427,0.9526551,0.026335526
phrasebank_sentences_allagree_1813,"The remaining amount will be funded through debt , the Danish bank said .",neutral,phrasebank,controlled_gold_split,neutral,0.92404985,0.30167505,False,0.011863303,0.92404985,0.06408679
phrasebank_sentences_allagree_234,"October-December sales were 302 mln eur , or a 25.3 pct increase year on year .",positive,phrasebank,controlled_gold_split,positive,0.945683,0.24794221,False,0.031639617,0.022677371,0.945683
phrasebank_sentences_75agree_887,Production at the plant will be based on Neste Oil 's proprietary technology that can use a flexible input of any vegetable oil or animal fat .,neutral,phrasebank,controlled_gold_split,neutral,0.84644425,0.45813167,False,0.0072810575,0.84644425,0.1462747
phrasebank_sentences_75agree_344,"As earlier reported , Nokian Tyres is building a plant in the town of Vsevolozhsk in Russia 's Leningrad Region with an annual production capacity of 4 million tires .",neutral,phrasebank,controlled_gold_split,neutral,0.88768387,0.3862992,False,0.010540149,0.88768387,0.101775974
phrasebank_sentences_50agree_1850,In his turn Fradkov said Russia is interested in adopting Finnish experience in forming technology parks in the framework of implementing the law on special economic zone .,neutral,phrasebank,controlled_gold_split,neutral,0.7211465,0.6279931,False,0.007952298,0.7211465,0.27090114
phrasebank_sentences_75agree_1313,"The company reported net sales of EUR550m in 2005 and had some 3,200 employees .",neutral,phrasebank,controlled_gold_split,neutral,0.9467305,0.24428451,False,0.02241658,0.9467305,0.030852897
phrasebank_sentences_75agree_2605,One of the largest projects of the magazine division of SanomaWSOY - Sanoma Magazines International in 2006 became launch of the Russian magazine Gloriya .,neutral,phrasebank,controlled_gold_split,neutral,0.9256218,0.29671156,False,0.011419258,0.9256218,0.0629589
phrasebank_sentences_allagree_1255,"In the fourth quarter of 2006 , OKO Banks expects the operating environment for Banking and Investment Services to remain similar to that in January-September 2006 .",neutral,phrasebank,controlled_gold_split,positive,0.8709608,0.42420805,False,0.011879739,0.117159456,0.8709608
phrasebank_sentences_75agree_2351,The use of validation rule base enables verifying that processing rule bases managed by different administrators fulfil some set requirements .,neutral,phrasebank,controlled_gold_split,neutral,0.9199294,0.31247675,False,0.0118318675,0.9199294,0.068238735
phrasebank_sentences_allagree_617,"The Lemminkainen Group , headquartered in Helsinki , Finland operates in all sectors of the construction industry : civil engineering , building contracting , technical building services and the building materials industry .",neutral,phrasebank,controlled_gold_split,neutral,0.9482162,0.2373655,False,0.018294007,0.9482162,0.0334898
phrasebank_sentences_allagree_1474,The order is included in Metso 's fourth quarter 2007 order backlog .,neutral,phrasebank,controlled_gold_split,neutral,0.64245695,0.72049636,False,0.34049866,0.64245695,0.017044375
phrasebank_sentences_allagree_1182,"Berling Capital , Umo Capital and Veikko Laine are the biggest shareholders in Amanda Capital .",neutral,phrasebank,controlled_gold_split,neutral,0.94508815,0.24347737,False,0.013607555,0.94508815,0.041304324
phrasebank_sentences_50agree_270,Previously the company has estimated its operating profit to reach the level of 2005 only .,positive,phrasebank,controlled_gold_split,positive,0.9048784,0.37046534,False,0.02645769,0.06866399,0.9048784
phrasebank_sentences_75agree_1541,"According to the report , Elisa 's and DNA 's joint market share of Finland 's telecom market is 59 % .",neutral,phrasebank,controlled_gold_split,neutral,0.91244817,0.3294702,False,0.010763248,0.91244817,0.076788515
phrasebank_sentences_allagree_961,"Ethanol would be made from barley , and production could start in 2008 .",neutral,phrasebank,controlled_gold_split,neutral,0.89786565,0.36171824,False,0.009660696,0.89786565,0.09247366
phrasebank_sentences_allagree_658,From Merisatama to the far corners of the world Asfaltti Osakeyhti+Â Lemmink+ñinen was established in 1910 by a group of master builders in Helsinki as a specialist business and subcontractor .,neutral,phrasebank,controlled_gold_split,neutral,0.92089564,0.31107885,False,0.012490269,0.92089564,0.06661403
phrasebank_sentences_allagree_1637,"For 2009 , net profit was EUR 3 million and the company paid a dividend of EUR 1.30 apiece .",neutral,phrasebank,controlled_gold_split,neutral,0.94412094,0.25284004,False,0.021784432,0.94412094,0.034094658
phrasebank_sentences_50agree_4581,"Operating profit for the 12-month period decreased from EUR5 .4 m while net sales increased from EUR62 .0 m , as compared to the financial year 2004 .",negative,phrasebank,controlled_gold_split,negative,0.9746772,0.1339642,False,0.9746772,0.01721594,0.008106886
phrasebank_sentences_66agree_494,Lemcon signed an investment cooperation agreement with the Kaluga regional administration last November .,positive,phrasebank,controlled_gold_split,positive,0.9339862,0.27592924,False,0.012982407,0.053031348,0.9339862
phrasebank_sentences_75agree_1234,"Luxembourg-registered investment fund Amber Trust II has won the final approval of Lithuania 's Competition Council to acquire 29.6 percent of Sanitas , the country 's largest pharmaceutical producer .",positive,phrasebank,controlled_gold_split,positive,0.8856696,0.38756657,False,0.009236813,0.105093665,0.8856696
phrasebank_sentences_66agree_2864,The prices of stainless steel also rose in Europe .,neutral,phrasebank,controlled_gold_split,positive,0.9095726,0.35119545,False,0.019912269,0.07051507,0.9095726
phrasebank_sentences_50agree_1128,"`` Installation of the automatic varnishing line is an important part of the company 's strategy in the region of central and eastern Europe , '' said Jozef Misurec , the director of Ruukki Slovakia .",positive,phrasebank,controlled_gold_split,positive,0.76737195,0.57403725,False,0.007053775,0.22557428,0.76737195
phrasebank_sentences_75agree_704,"The launch of the plant in June went well , and it has been producing the advanced fuel for a couple of weeks .",positive,phrasebank,controlled_gold_split,positive,0.8355069,0.47876936,False,0.007910669,0.15658243,0.8355069
phrasebank_sentences_allagree_1781,"The facility will have a lettable area of some 19,000 sq m. The plot for the plant , located in the Ratasmaki business park , will be purchased from the City of Forssa .",neutral,phrasebank,controlled_gold_split,neutral,0.9267174,0.29098195,False,0.009855282,0.9267174,0.06342733
phrasebank_sentences_75agree_1365,"In 2007 , Huhtamaki will continue to invest in organic growth .",neutral,phrasebank,controlled_gold_split,neutral,0.7883293,0.54632807,False,0.0068286597,0.7883293,0.20484208
phrasebank_sentences_50agree_1806,It helps our stakeholders get a better understanding of our operations and the challenges in stainless steel business .,neutral,phrasebank,controlled_gold_split,neutral,0.545258,0.7252162,True,0.007002075,0.545258,0.44773993
phrasebank_sentences_66agree_2389,"As a result , the company has decided it will implement fixed-term temporary lay-offs .",negative,phrasebank,controlled_gold_split,negative,0.9700097,0.15248764,False,0.9700097,0.021596711,0.008393541
phrasebank_sentences_allagree_241,Production capacity will increase from 36 000 to 85 000 tonnes per year and the raw material will continue to be recycled paper and board .,positive,phrasebank,controlled_gold_split,positive,0.91027725,0.33089235,False,0.008894692,0.08082803,0.91027725
phrasebank_sentences_50agree_4296,`` The rest of this week 's tapings of Jimmy Kimmel Live have been canceled until he is back on his feet .,neutral,phrasebank,controlled_gold_split,negative,0.78185046,0.57536906,False,0.78185046,0.20458461,0.013564863
phrasebank_sentences_allagree_1930,"Initial estimated total value of the contract was 250 000 Euros , excluding VAT .",neutral,phrasebank,controlled_gold_split,neutral,0.94684154,0.24105561,False,0.01703719,0.94684154,0.036121313
phrasebank_sentences_allagree_233,"Nevertheless , its market share rose to 49.14 percent from 48.51 percent a year earlier .",positive,phrasebank,controlled_gold_split,positive,0.952217,0.2249456,False,0.022271076,0.025511917,0.952217
phrasebank_sentences_75agree_1707,The category was marked by maturity and the recession .,neutral,phrasebank,controlled_gold_split,neutral,0.54104716,0.8339523,True,0.41531345,0.54104716,0.043639436
phrasebank_sentences_66agree_3041,"ALEXANDRIA , Va. , Nov. 5 -- Risto Kontturi of Rajamaki , Finland , and Jari Ylinen of Hyvinkaa , Finland , have developed an automated transportation system with a user-controlled transport selection .",neutral,phrasebank,controlled_gold_split,neutral,0.88154274,0.39744362,False,0.009716007,0.88154274,0.10874126
phrasebank_sentences_50agree_324,Componenta 's objective with this agreement is to increase business on its existing production lines .,positive,phrasebank,controlled_gold_split,positive,0.92874664,0.28274408,False,0.008415787,0.062837504,0.92874664
phrasebank_sentences_75agree_1062,RusHydro has an agreement to transfer its stakes in OESK and the five ERCs into the trust management of Inter RAO .,neutral,phrasebank,controlled_gold_split,neutral,0.7131632,0.64050174,False,0.009350219,0.7131632,0.27748653
phrasebank_sentences_75agree_1429,"The company targets sales of Ls 27.1 mn ( Ls 23.498 mn ) and a profit of Ls 300,000 ( Ls 371,500 ) in 2007 .",neutral,phrasebank,controlled_gold_split,neutral,0.81011295,0.52875996,False,0.011249165,0.81011295,0.1786379
phrasebank_sentences_allagree_809,"The price of raw material aluminium went up at the end of 2005 , but the company considers its outlook for 2006 favourable .",positive,phrasebank,controlled_gold_split,positive,0.95369047,0.21814285,False,0.017374339,0.028935153,0.95369047
phrasebank_sentences_66agree_1466,"`` I 'm pleased to receive the Nomination Committee 's request and confidence , '' says Jon Risfelt .",positive,phrasebank,controlled_gold_split,positive,0.9289642,0.29641545,False,0.017904822,0.05313098,0.9289642
phrasebank_sentences_66agree_397,"KAUKO-TELKO LTD PRESS RELEASE 19.06.2007 AT 14.00 1 ( 1 ) Telko Group ( Kauko-Telko ) is expanding its strategic partnership with BP Industrial Lubricants & Services ( BP ILS ) by acquiring total ownership of BP 's Swedish retail company , Molub-Alloy AB .",positive,phrasebank,controlled_gold_split,positive,0.88306135,0.3919115,False,0.008762502,0.108176105,0.88306135
phrasebank_sentences_75agree_3060,"In the spring 2006 , a total of 386,530 Stock Options 2002 B were annulled .",neutral,phrasebank,controlled_gold_split,negative,0.7052045,0.6660194,False,0.7052045,0.27967763,0.015117845
phrasebank_sentences_66agree_425,"Baltic Pearl CJSC , a subsidiary of Shanghai Foreign Joint Investment Company , is developing a project in St Petersburg , comprising about a million square meters of residential space , two hospitals and several schools and nurseries .",neutral,phrasebank,controlled_gold_split,neutral,0.8152546,0.51105726,False,0.007872207,0.8152546,0.1768732
phrasebank_sentences_66agree_1922,"Tectia Corporation HEL : TEC1V , a provider of real-time security solutions , today announced that it has appointed LAN2LAN , a provider of IT services in the UK , to distribute its data security and manage file transfer software .",positive,phrasebank,controlled_gold_split,positive,0.7041044,0.644815,False,0.008194139,0.2877014,0.7041044
phrasebank_sentences_75agree_767,The first phase will be completed by the end of 2012 .,neutral,phrasebank,controlled_gold_split,neutral,0.84994113,0.45617148,False,0.008751166,0.84994113,0.1413077
phrasebank_sentences_allagree_894,Comptel Corporation will publish its financial statements for 2008 on 12 February 2009 .,neutral,phrasebank,controlled_gold_split,neutral,0.9509288,0.22780634,False,0.03145588,0.9509288,0.017615352
phrasebank_sentences_allagree_2016,"Raute reported a loss per share of EUR0 .86 for the first half of 2009 , against EPS of EUR0 .74 in the corresponding period of 2008 .",negative,phrasebank,controlled_gold_split,negative,0.9729646,0.14271855,False,0.9729646,0.015533642,0.011501744
phrasebank_sentences_66agree_1648,The SeaWind that was en route from the Finnish port of Turku to Stockholm got stuck in ice already around 4 p.m. on Wednesday and the Regal Star 's journey from the Swedish port of Kapellskar to Paldiski in northwestern Estonia was cut short at 2 a.m. on Thursday .,negative,phrasebank,controlled_gold_split,negative,0.96210855,0.18058707,False,0.96210855,0.029987967,0.007903416
phrasebank_sentences_allagree_1491,The properties were purchased from Swedish private equity real estate firm Niam and Goldman Sachs ' Whitehall Street Real Estate Funds .,neutral,phrasebank,controlled_gold_split,neutral,0.93334633,0.27709308,False,0.012519246,0.93334633,0.05413444
phrasebank_sentences_50agree_2456,Finnish food company Raisio Oyj HEL : RAIVV said today it will buy British snacks and confectionery company Big Bear Group plc for an enterprise value of EUR 95.3 million USD 129.9 m .,positive,phrasebank,controlled_gold_split,neutral,0.9280373,0.2918829,False,0.012481266,0.9280373,0.05948142
phrasebank_sentences_75agree_1194,"Neste Oil Corporation is a refining and marketing company concentrating on clean , high-quality traffic fuels .",neutral,phrasebank,controlled_gold_split,neutral,0.89153385,0.3729791,False,0.008451633,0.89153385,0.10001454
phrasebank_sentences_66agree_145,"Besides we have increased the share of meat in various sausages and are offering a number of new tastes in the grill products and shish kebabs segment , '' Paavel said .",positive,phrasebank,controlled_gold_split,positive,0.9298374,0.28196308,False,0.009544612,0.06061798,0.9298374
phrasebank_sentences_75agree_2516,"Following the acquisitions , Panostaja will establish a new business unit which will focus on heat treatment of metals .",neutral,phrasebank,controlled_gold_split,neutral,0.88657033,0.38239592,False,0.007939877,0.88657033,0.105489746
phrasebank_sentences_allagree_788,Mr Skogster currently serves as the manager responsible for ABB Oy 's system modules for low voltage drives .,neutral,phrasebank,controlled_gold_split,neutral,0.9460318,0.24274266,False,0.015886057,0.9460318,0.038082067
phrasebank_sentences_allagree_446,"The Australian company Mirabela Nickel has awarded Outokumpu Technology a contract for grinding technology for its nickel sulfide project in Bahia State , Brazil .",positive,phrasebank,controlled_gold_split,positive,0.94522905,0.24530804,False,0.015880624,0.03889031,0.94522905
phrasebank_sentences_allagree_316,The robust growth was the result of the inclusion of clothing chain Lindex in the Group in December 2007 .,positive,phrasebank,controlled_gold_split,positive,0.90108824,0.34994993,False,0.007786905,0.09112484,0.90108824
phrasebank_sentences_75agree_3229,"In Asia earlier , Japan 's Nikkei index fell 0.62 percent and Hong Kong 's Hang Seng Index rose 0.56 percent .",neutral,phrasebank,controlled_gold_split,negative,0.9492669,0.22878304,False,0.9492669,0.03842026,0.012312869
phrasebank_sentences_allagree_1662,It is estimated that the consolidated turnover of Kausta Guder will reach Lt 53mn US$ 22.53 mn EUR 15.35 mn in 2007 .,neutral,phrasebank,controlled_gold_split,neutral,0.6380641,0.7172477,False,0.015091716,0.6380641,0.34684417
phrasebank_sentences_allagree_1841,The value of this kind of order amounts usually between Euro 2 and 3 million .,neutral,phrasebank,controlled_gold_split,neutral,0.94379705,0.25520706,False,0.03007904,0.94379705,0.026123928
phrasebank_sentences_allagree_601,The agreement is valid for four years .,neutral,phrasebank,controlled_gold_split,neutral,0.87018776,0.42134064,False,0.010028774,0.87018776,0.119783506
phrasebank_sentences_75agree_1056,Pharmaceuticals - Poland This brand-new market analysis gives a clear overview of the actual situation and future outlook of the pharmaceutical market in Poland .,neutral,phrasebank,controlled_gold_split,neutral,0.92815274,0.29487878,False,0.014760065,0.92815274,0.057087254
phrasebank_sentences_66agree_1947,The carrier said its Area travel agency is to sell most of its outlets to sister chain Suomen Matkatoimisto (SMT)and use its remaining bricks-and-mortar presence to primarily target business customers going forward .,neutral,phrasebank,controlled_gold_split,neutral,0.8459218,0.47256255,False,0.012282029,0.8459218,0.14179617
phrasebank_sentences_50agree_895,The companies have agreed on long-term cooperation to mechanise harvesting in Stora Enso 's eucalyptus plantations in Southern China .,positive,phrasebank,controlled_gold_split,positive,0.9384664,0.2649779,False,0.014682961,0.04685056,0.9384664
phrasebank_sentences_75agree_1397,Net sales of the Lehdentekijat unit was approximately EUR 14 million in 2007 and it had 70 employees .,neutral,phrasebank,controlled_gold_split,neutral,0.94215596,0.25905392,False,0.02129703,0.94215596,0.03654703
phrasebank_sentences_allagree_30,The agreement strengthens our long-term partnership with Nokia Siemens Networks .,positive,phrasebank,controlled_gold_split,positive,0.9503066,0.22598876,False,0.012825328,0.036868036,0.9503066
phrasebank_sentences_75agree_1283,Aspo 's net sales in 2006 totaled EUR 225.9 million .,neutral,phrasebank,controlled_gold_split,neutral,0.94755375,0.24102038,False,0.02114738,0.94755375,0.031298902
phrasebank_sentences_allagree_559,"Goodwill and other intangible assets account for some 2.0 mln euro ( $ 2.6 mln ) of the purchase price , 20 pct of which payable in Aspo shares .",neutral,phrasebank,controlled_gold_split,neutral,0.943364,0.25333464,False,0.018423013,0.943364,0.038212966
phrasebank_sentences_allagree_717,"Thus the group 's balance sheet will have about EUR 25.8 million of goodwill , the company added .",neutral,phrasebank,controlled_gold_split,neutral,0.8873583,0.38723892,False,0.010643964,0.8873583,0.10199772
phrasebank_sentences_allagree_1232,"Founded in 1985 , Quatrocon 's clientele consists of public sector builders , central trading companies and major construction firms .",neutral,phrasebank,controlled_gold_split,neutral,0.94778025,0.23649663,False,0.01520247,0.94778025,0.037017263
phrasebank_sentences_50agree_3495,A profit is still on target .,positive,phrasebank,controlled_gold_split,positive,0.58539605,0.8449403,True,0.057249468,0.35735455,0.58539605
phrasebank_sentences_allagree_282,"The broad-based WIG index ended Thursday 's session 0.1 pct up at 65,003.34 pts , while the blue-chip WIG20 was 1.13 down at 3,687.15 pts .",neutral,phrasebank,controlled_gold_split,negative,0.9408616,0.26487845,False,0.9408616,0.03412055,0.025017837
phrasebank_sentences_66agree_3650,"In addition , the production at the Varpaisj+â rvi factory will be stopped at the beginning of April 2009 .",negative,phrasebank,controlled_gold_split,negative,0.87368137,0.41434592,False,0.87368137,0.11629332,0.010025354
phrasebank_sentences_66agree_4008,"Capacity will ease at its Seikku sawmill in Pori and Alholma sawmill in Pietarsaari and result in 60 people being laid off for around six weeks starting mid-May , it said .",negative,phrasebank,controlled_gold_split,negative,0.97247046,0.14323977,False,0.97247046,0.018805234,0.008724388
phrasebank_sentences_66agree_3847,"`` We cut our frequency to New York last year , which explains the fall , '' he said .",negative,phrasebank,controlled_gold_split,negative,0.9393965,0.27031723,False,0.9393965,0.027216766,0.03338667
phrasebank_sentences_allagree_963,Exel is headquartered in Mantyharju in Finland .,neutral,phrasebank,controlled_gold_split,neutral,0.946166,0.24696708,False,0.027086053,0.946166,0.026747994
phrasebank_sentences_75agree_1272,"It 's even a little bit higher than Yara 's multiples on itself , ' an analyst in Helsinki said .",neutral,phrasebank,controlled_gold_split,positive,0.901773,0.3767127,False,0.024837608,0.07338942,0.901773
phrasebank_sentences_66agree_3050,Around 50 percent of the world 's ro-ro fleet is over 25 years old and needs to be scrapped for environmental reasons .,neutral,phrasebank,controlled_gold_split,negative,0.50218374,0.7816775,True,0.50218374,0.47633106,0.021485189
phrasebank_sentences_allagree_502,"It is necessary to strengthen the company 's operations , however .",neutral,phrasebank,controlled_gold_split,positive,0.862915,0.43245912,False,0.008855259,0.12822975,0.862915
phrasebank_sentences_allagree_1619,"Currently , the company uses eight similar reach stackers and four empty container handlers by Konecranes .",neutral,phrasebank,controlled_gold_split,neutral,0.9313045,0.28350776,False,0.0129524795,0.9313045,0.05574301
phrasebank_sentences_allagree_1238,"Helsinki 19 May 2010 - Finnish company Lemminkainen Oyj ( HEL : LEM1S ) said today that it will construct an office building at Toolonlahti in downtown Helsinki , without disclosing financial details .",neutral,phrasebank,controlled_gold_split,neutral,0.9335439,0.2786463,False,0.014044129,0.9335439,0.052412007
phrasebank_sentences_66agree_4098,The company said that the fall in turnover had been planned .,negative,phrasebank,controlled_gold_split,negative,0.97123826,0.14957318,False,0.97123826,0.017702555,0.011059218
phrasebank_sentences_75agree_331,"At the same time , the market for automated liquid handling devices is already larger than that for pipettes , according to Biohit .",neutral,phrasebank,controlled_gold_split,neutral,0.5976339,0.7349023,True,0.0140521275,0.5976339,0.388314
phrasebank_sentences_allagree_358,"Profit before taxes amounted to EUR 56.5 mn , down from EUR 232.9 mn a year ago .",negative,phrasebank,controlled_gold_split,negative,0.9762215,0.1284143,False,0.9762215,0.0142417345,0.00953681
phrasebank_sentences_50agree_1814,Technopolis said before the protocol was signed that the techno-park would be built at a site covering more than six hectares in the Neudorf special economic zone and that it planned to invest 200 million euros in the project until 2009 inclusive .,neutral,phrasebank,controlled_gold_split,neutral,0.84029686,0.47160143,False,0.008231224,0.84029686,0.15147197
phrasebank_sentences_75agree_266,"Finnish Larox has signed a contract with the Talvivaara Project for the delivery of filters to the Talvivaara nickel mine in Sotkamo , in Finland .",positive,phrasebank,controlled_gold_split,positive,0.93954265,0.2622996,False,0.015185902,0.045271356,0.93954265
phrasebank_sentences_75agree_1358,"For Telenor , the three and a half year contract is worth an estimated 12.6 m. YIT has chosen Telenor and Elisa as its principal suppliers of ICT solutions in Norway , Sweden , Denmark and Finland .",positive,phrasebank,controlled_gold_split,positive,0.8554527,0.43948984,False,0.006448852,0.13809839,0.8554527
phrasebank_sentences_allagree_2054,"YIT lodged counter claims against Neste Oil totaling some EUR25m , primarily based on work carried out under the contract and additional costs incurred due to prolongation of the project .",negative,phrasebank,controlled_gold_split,negative,0.9682819,0.16157472,False,0.9682819,0.019964732,0.011753337
phrasebank_sentences_allagree_1278,"Janis Arbidans , CEO of YIT Celtnieciba , said the company was focusing on housing and real estate development market .",neutral,phrasebank,controlled_gold_split,neutral,0.92961276,0.28652775,False,0.011839942,0.92961276,0.058547355
phrasebank_sentences_allagree_2248,"Operating margin , however , slipped to 14.4 % from 15.1 % , dragged down by a poor performance in enterprise solutions .",negative,phrasebank,controlled_gold_split,negative,0.976588,0.12588339,False,0.976588,0.015686287,0.0077256863
phrasebank_sentences_allagree_1730,"The business transfer will take effect from 1 January 2007 , and in connection with this 47 employees will transfer from Elisa to Daxtum as continuing employees .",neutral,phrasebank,controlled_gold_split,neutral,0.9412312,0.25379553,False,0.012360032,0.9412312,0.046408772
phrasebank_sentences_allagree_2171,Revenue in the quarter fell 8 percent to ( EURO ) 2.4 billion compared to a year earlier .,negative,phrasebank,controlled_gold_split,negative,0.9773287,0.12252144,False,0.9773287,0.015351165,0.0073201256
phrasebank_sentences_allagree_1042,The bridge will be 1.2 km long and is located between Anasmotet by the road E20 and the new traffic junction in Marieholm by the road E45 .,neutral,phrasebank,controlled_gold_split,neutral,0.8960331,0.36727864,False,0.010291368,0.8960331,0.09367556
phrasebank_sentences_allagree_2219,The company said that sales in the three months to the end of March slid to EUR86 .4 m US$ 113.4 m from EUR91 .2 m last year .,negative,phrasebank,controlled_gold_split,negative,0.9752587,0.13229766,False,0.9752587,0.015517813,0.009223522
phrasebank_sentences_66agree_1066,"In Finland , 71 % of paper and paperboard is reclaimed .",neutral,phrasebank,controlled_gold_split,neutral,0.9416673,0.25779682,False,0.017276114,0.9416673,0.04105661
phrasebank_sentences_75agree_1392,Net profit in the same period in 2006 was (  x20ac ) 172 million .,neutral,phrasebank,controlled_gold_split,neutral,0.9286154,0.3044339,False,0.044610098,0.9286154,0.026774477
phrasebank_sentences_75agree_455,"The Vuokatti unit will be developed to focus especially on the manufacture of prototypes , the ramp-up of new products and the demanding testing and after-sales services .",neutral,phrasebank,controlled_gold_split,neutral,0.8062713,0.52265584,False,0.0072928467,0.8062713,0.18643588
phrasebank_sentences_allagree_207,Total operating revenue grew by 27.6 % year-on-year to EUR61m .,positive,phrasebank,controlled_gold_split,positive,0.9574987,0.20437638,False,0.016900573,0.02560074,0.9574987
phrasebank_sentences_75agree_3111,"In Q1 of 2009 , the company 's result before taxes from continuing operations , excluding non-recurring items , totalled EUR -0.4 mn , compared to EUR -0.1 mn in the corresponding period in 2008 .",negative,phrasebank,controlled_gold_split,negative,0.5810693,0.75942826,True,0.5810693,0.01970989,0.3992208
phrasebank_sentences_allagree_195,That would be an increase from estimated sales of 117 million last year .,positive,phrasebank,controlled_gold_split,positive,0.95081306,0.2280281,False,0.017325899,0.03186108,0.95081306
phrasebank_sentences_75agree_3447,The company said that its comparable operating profit for the January-June period fell short of last year 's corresponding performance .,negative,phrasebank,controlled_gold_split,negative,0.97009003,0.15495929,False,0.97009003,0.016690765,0.013219243
phrasebank_sentences_allagree_2076,BioTie North-American licensing partner Somaxon Pharmaceuticals started a phase II-III clinical study in patients suffering from pathological gambling and a pilot phase II study in nicotine addiction smoking cessation .,neutral,phrasebank,controlled_gold_split,neutral,0.5062449,0.7415477,True,0.0098934015,0.5062449,0.48386163
phrasebank_sentences_allagree_1840,The value of the three-year contract is estimated at EUR40m .,neutral,phrasebank,controlled_gold_split,neutral,0.9056188,0.34944052,False,0.012488513,0.9056188,0.081892714
phrasebank_sentences_75agree_436,"This truly takes efficiency to new heights , '' Mr. Metso adds .",positive,phrasebank,controlled_gold_split,positive,0.92896193,0.28984648,False,0.012815622,0.058222514,0.92896193
phrasebank_sentences_allagree_1821,"The tanks will be delivered to a company which is currently building a chemical tank farm in Antwerp , northern Belgium .",neutral,phrasebank,controlled_gold_split,neutral,0.9171899,0.31830686,False,0.011153894,0.9171899,0.07165616
phrasebank_sentences_50agree_1447,"Upgrades include a five megapixel camera , voice control , and what looks to be an optical mouse instead a D-pad -- an upgrade click-happy S60 has needed forever .",positive,phrasebank,controlled_gold_split,neutral,0.57613415,0.7444869,True,0.014436361,0.57613415,0.40942946
phrasebank_sentences_50agree_21,"( Filippova ) A trilateral agreement on investment in the construction of a technology park in St Petersburg was to have been signed in the course of the forum , Days of the Russian Economy , that opened in Helsinki today .",positive,phrasebank,controlled_gold_split,positive,0.80420876,0.53349113,False,0.009827404,0.18596384,0.80420876
phrasebank_sentences_allagree_33,"The world 's second largest stainless steel maker said net profit in the three-month period until Dec. 31 surged to euro603 million US$ 781 million , or euro3 .33 US$ 4.31 per share , from euro172 million , or euro0 .94 per share , the previous year .",positive,phrasebank,controlled_gold_split,positive,0.947916,0.2397564,False,0.03100571,0.021078326,0.947916
phrasebank_sentences_allagree_1010,"Poyry is a global consulting and engineering firm focusing on the energy , forest industry and infrastructure & environment sectors .",neutral,phrasebank,controlled_gold_split,neutral,0.9297003,0.28879178,False,0.01349336,0.9297003,0.056806352
phrasebank_sentences_allagree_1069,The deal means that ten persons in three countries will transfer to Tieto .,neutral,phrasebank,controlled_gold_split,neutral,0.8491696,0.4570892,False,0.008585261,0.8491696,0.14224507
phrasebank_sentences_66agree_796,"The move is aimed at boosting sales , cost-efficiency and market share in Finland .",positive,phrasebank,controlled_gold_split,positive,0.951012,0.22251986,False,0.011756282,0.03723168,0.951012
phrasebank_sentences_allagree_674,"Nokia Siemens Networks provides mobile and fixed network infrastructure , communications and networks service platforms , as well as professional services , to operators and service providers .",neutral,phrasebank,controlled_gold_split,neutral,0.9235361,0.30024746,False,0.010289034,0.9235361,0.06617487
phrasebank_sentences_50agree_1300,"O'Leary 's Material Handling Services , located in Perth , is the leading company in Western Australia that supplies , installs and provides service for tail lifts .",positive,phrasebank,controlled_gold_split,positive,0.51434064,0.7320831,True,0.0076510157,0.4780083,0.51434064
phrasebank_sentences_allagree_1332,"POYRY PLCCompany Announcement 10 December 2010 at 4.10 p.m. Pursuant to Poyry PLC 's stock option program 2004 , 63 792 new shares of the company have been subscribed since 27 October 2010 with stock options 2004B .",neutral,phrasebank,controlled_gold_split,neutral,0.9447006,0.2457405,False,0.01458842,0.9447006,0.040710907
phrasebank_sentences_75agree_1441,"The recovery of demand that started toward the end of 2009 , continued in January-March 2010 .",positive,phrasebank,controlled_gold_split,positive,0.94646734,0.24573687,False,0.024714403,0.028818216,0.94646734
phrasebank_sentences_50agree_3614,"In 2006 , the company intends to invest significantly in expanding its distribution and maintenance network .",positive,phrasebank,controlled_gold_split,positive,0.9019805,0.34896463,False,0.008226618,0.08979291,0.9019805
phrasebank_sentences_allagree_1421,"The contracts between Raute Corporation and Muling Kemian Wood Products Co. , Ltd. , which were announced on 3 November 2010 , have taken effect .",neutral,phrasebank,controlled_gold_split,neutral,0.84062004,0.5012896,False,0.021285359,0.84062004,0.1380946
phrasebank_sentences_66agree_68,TELECOMWORLDWIRE-7 April 2006-TJ Group Plc sells stake in Morning Digital Design Oy Finnish IT company TJ Group Plc said on Friday 7 April that it had signed an agreement on selling its shares of Morning Digital Design Oy to Edita Oyj .,positive,phrasebank,controlled_gold_split,positive,0.7350799,0.6299565,False,0.012983812,0.25193632,0.7350799
phrasebank_sentences_66agree_537,"The 250 sq m 2,691 sq ft store in Copenhagen 's premier shopping district was inaugurated today , further strengthening the company 's presence in Nordic capitals .",positive,phrasebank,controlled_gold_split,positive,0.94564533,0.24063633,False,0.0126526235,0.041701987,0.94564533
phrasebank_sentences_allagree_1498,The report will be emailed within 2 business days of an order .,neutral,phrasebank,controlled_gold_split,neutral,0.9496477,0.23265737,False,0.0318591,0.9496477,0.018493196
phrasebank_sentences_66agree_1373,The GeoSolutions team further provides an intriguing new technology combining GPS and Mobile-based technologies together with Internet-based social networking .,neutral,phrasebank,controlled_gold_split,positive,0.6101568,0.7084327,False,0.008193864,0.38164935,0.6101568
phrasebank_sentences_75agree_780,The service also enables users to watch e-mails in HTML format en is enhanced with 23 addition languages to choose from .,neutral,phrasebank,controlled_gold_split,neutral,0.8195552,0.5035858,False,0.007603045,0.8195552,0.17284182
phrasebank_sentences_allagree_162,Operating profit rose to EUR 13.5 mn from EUR 9.7 mn in the corresponding period in 2006 .,positive,phrasebank,controlled_gold_split,positive,0.9511398,0.2286734,False,0.027306361,0.02155388,0.9511398
phrasebank_sentences_allagree_1266,Investment management and investment advisory services are the company 's sole line of business .,neutral,phrasebank,controlled_gold_split,neutral,0.9516561,0.22511102,False,0.017253634,0.9516561,0.03109022
phrasebank_sentences_75agree_1305,Operating profit for the quarter April-June 2006 amounted to EUR42 .9 m on net sales of EUR156 .3 m.,neutral,phrasebank,controlled_gold_split,neutral,0.9303425,0.2975068,False,0.023838058,0.9303425,0.045819476
phrasebank_sentences_66agree_1839,"The agreement , which will cover monitoring , maintenance , server capacity service and backups , has a one-year extension option .",neutral,phrasebank,controlled_gold_split,neutral,0.5905215,0.74576724,True,0.01648293,0.5905215,0.39299554
phrasebank_sentences_allagree_756,And that 's exactly what happened on a recent weekday when an East Haven baker was brought in to remind residents about the Easter tradition of making wheat and rice pies .,neutral,phrasebank,controlled_gold_split,neutral,0.87439024,0.46106118,False,0.047118146,0.87439024,0.078491606
phrasebank_sentences_allagree_2105,"Finnair 's Tallinn-based subsidiary , Aero AS , carried 23,335 passengers , a decline of 60.8 % , on routes between Helsinki and the Baltic capitals and within Southern Finland .",negative,phrasebank,controlled_gold_split,negative,0.9712947,0.15009396,False,0.9712947,0.013876349,0.014829053
phrasebank_sentences_allagree_214,"Earnings per share for January-June 2010 were EUR0 .30 , an increase of 20 % year-on-year EUR0 .25 .",positive,phrasebank,controlled_gold_split,positive,0.95640486,0.20907344,False,0.019037217,0.024557952,0.95640486
phrasebank_sentences_allagree_1292,"Maggie Ramsey 's wait - and those of thousands of Oregon and Washington guides , anglers and others who flock to his frequent seminars - is nearly over .",neutral,phrasebank,controlled_gold_split,neutral,0.88834244,0.4162297,False,0.080334954,0.88834244,0.03132257
phrasebank_sentences_75agree_3396,"According to the company , its operating profit , excluding non-recurring items , in the fourth quarter of 2009 was significantly better than expected , and also better than the figures for the fourth quarter of 2008 .",positive,phrasebank,controlled_gold_split,positive,0.95590776,0.20960988,False,0.028111972,0.015980253,0.95590776
phrasebank_sentences_allagree_133,"In January-September 2009 , the Group 's net interest income increased to EUR 112.4 mn from EUR 74.3 mn in January-September 2008 .",positive,phrasebank,controlled_gold_split,positive,0.9477782,0.24116634,False,0.027090283,0.02513143,0.9477782
phrasebank_sentences_75agree_1031,"In addition to supplying a new headbox and a modern sizing and coating unit , Vaahto Group will provide erection supervision , training and start-up services .",neutral,phrasebank,controlled_gold_split,neutral,0.70572317,0.637244,False,0.006525559,0.70572317,0.28775126
phrasebank_sentences_75agree_264,"`` The transaction strengthens our position ... in design and branded goods , '' said Fiskars president and CEO Heikki Allonen , pointing out that the two groups have relatively few overlapping operations .",positive,phrasebank,controlled_gold_split,positive,0.94914436,0.22869149,False,0.011896583,0.038959093,0.94914436
phrasebank_sentences_66agree_725,"And the broker repeated its ` buy ' rating , based on expectations that current restructuring will lead to a clear improvement in performance in Europe in 2007 .",positive,phrasebank,controlled_gold_split,positive,0.9581532,0.20174983,False,0.016309367,0.025537472,0.9581532
phrasebank_sentences_75agree_2518,"Following the divestment , Fiskars 's Outdoor unit will comprise the brands Gerber , Silva and Buster , and will focus on multi-tools , knives , compasses , mobile lighting , pedometers , and aluminium boats .",neutral,phrasebank,controlled_gold_split,neutral,0.9275018,0.29238585,False,0.01187765,0.9275018,0.060620558
phrasebank_sentences_allagree_2206,"Operating profit totaled EUR 3.8 mn , down from EUR 4.5 mn in the corresponding period in 2005 .",negative,phrasebank,controlled_gold_split,negative,0.9768009,0.12577216,False,0.9768009,0.014113795,0.009085339
phrasebank_sentences_allagree_1623,"Customers wave cards in front of the reader to make payments , similar to `` touch and go '' cards used in transport systems .",neutral,phrasebank,controlled_gold_split,neutral,0.9367139,0.27978197,False,0.031668305,0.9367139,0.031617865
phrasebank_sentences_66agree_1788,It will combine and renew the contents and functionality of the current systems for funding and online service as well as their maintenance .,positive,phrasebank,controlled_gold_split,neutral,0.6883795,0.65368354,False,0.0069471835,0.6883795,0.30467325
phrasebank_sentences_75agree_2345,"The total value of the order , placed by Aspo ' marine transportation subsidiary ESL Shipping Oy , is EUR 60 million ( USD 77.5 m ) .",neutral,phrasebank,controlled_gold_split,neutral,0.94041836,0.25964594,False,0.015196099,0.94041836,0.044385523
phrasebank_sentences_allagree_571,"Jun. 25 , 2008 ( Boy Genius Report delivered by Newstex ) -- The Nokia ( NYSE : NOK ) N78 , huh ?",neutral,phrasebank,controlled_gold_split,neutral,0.93658733,0.2798993,False,0.028567757,0.93658733,0.03484493
phrasebank_sentences_allagree_1869,"Finnish shipping company Finnlines ' pretax loss totalled EUR 6.5 mn in the third quarter of 2009 , compared to a profit of EUR 0.3 mn in the third quarter of 2008 .",negative,phrasebank,controlled_gold_split,negative,0.9747581,0.13524707,False,0.9747581,0.013341011,0.011900872
phrasebank_sentences_75agree_1240,"The method utilises waterborne Ultra products , giving protection to wooden surfaces in an industrial painting process whereby two layers of top coat are applied on exterior wooden panels and boards without a separate primer .",neutral,phrasebank,controlled_gold_split,neutral,0.91442555,0.3289716,False,0.013197705,0.91442555,0.07237674
phrasebank_sentences_allagree_1209,"Den Bosch-based TomTom is Europe 's largest maker of automotive navigation devices , while Cayman Islands-based Garmin is larger in the U.S. and overall .",neutral,phrasebank,controlled_gold_split,neutral,0.8704503,0.42430687,False,0.011480075,0.8704503,0.11806959
phrasebank_sentences_allagree_2236,The hull of the vessel was built one block at a time and Ruukki delivered the plate material for each block as construction progressed .,neutral,phrasebank,controlled_gold_split,neutral,0.9287605,0.29790273,False,0.018758513,0.9287605,0.052480977
phrasebank_sentences_50agree_616,"QPR has an established international customer base , spread over 70 countries in 2009 , and a variety of organizations including banks , manufacturing companies , service companies and government authorities .",neutral,phrasebank,controlled_gold_split,neutral,0.8158503,0.50681764,False,0.006826045,0.8158503,0.17732364
phrasebank_sentences_50agree_4479,"According to Rautaruukki , the company wants to promote the use of emission-free energy sources .",neutral,phrasebank,controlled_gold_split,neutral,0.806511,0.5250702,False,0.008162443,0.806511,0.18532658
phrasebank_sentences_allagree_92,"Both operating profit and net sales for the nine-month period increased , respectively by 26.6 % and 3.4 % , as compared to the corresponding period in 2006 .",positive,phrasebank,controlled_gold_split,positive,0.95967275,0.19686508,False,0.021355622,0.018971665,0.95967275
phrasebank_sentences_75agree_1645,"No price was given for the transaction , which merges two London companies that have worked together on a number of projects including delivery of timetables for Britain 's National Express East Coast rail networks .",neutral,phrasebank,controlled_gold_split,neutral,0.87574774,0.4093346,False,0.009689521,0.87574774,0.11456273
phrasebank_sentences_allagree_319,"Bilfinger investors cheered the agreement , pushing shares up 7 % , or & euro ; 3.30 , to & euro ; 50.29 , in afternoon trade .",positive,phrasebank,controlled_gold_split,positive,0.95038676,0.23147517,False,0.022132289,0.02748091,0.95038676
phrasebank_sentences_allagree_724,"Yara Suomi Ltd also provides nitrogen chemicals and technical nitrates to various sectors of industry , as well as products used in environmental protection .",neutral,phrasebank,controlled_gold_split,neutral,0.92920786,0.28856847,False,0.012425444,0.92920786,0.058366742
phrasebank_sentences_66agree_3971,"In the first half of 2008 , the Bank 's operating profit fell to EUR 11.8 mn from EUR 18.9 mn , while net interest income increased to EUR 20.9 mn from EUR 18.8 mn in the first half of 2007 .",negative,phrasebank,controlled_gold_split,negative,0.9656254,0.16930896,False,0.9656254,0.008914505,0.0254601
phrasebank_sentences_allagree_1288,"Like all other mechanical pipettors from Biohit , also Proline Plus is CE-IVD marked and comes with a 3-year warranty .",neutral,phrasebank,controlled_gold_split,neutral,0.7962202,0.5372893,False,0.007367152,0.7962202,0.1964127
phrasebank_sentences_allagree_271,It has80 branches in Finland with annual revenue in Finland of ?,neutral,phrasebank,controlled_gold_split,neutral,0.9205191,0.3130035,False,0.013057013,0.9205191,0.06642384
phrasebank_sentences_66agree_1913,"Order intake , on the other hand , is expected to be stronger than in 2007 .",positive,phrasebank,controlled_gold_split,positive,0.95356697,0.2187846,False,0.028633913,0.017799135,0.95356697
phrasebank_sentences_allagree_869,It therefore seems that Finnish shipping company Viking Line will get the subsidy it needs to order its new LNG-fuelled vessel .,positive,phrasebank,controlled_gold_split,positive,0.9442555,0.24454683,False,0.012327486,0.04341703,0.9442555
phrasebank_sentences_66agree_839,Incap and Lankapaja aim to enter into actual agreement to transfer the sheet-metal production to the buyer in February in order to complete the transfer on 1 March 2011 .,positive,phrasebank,controlled_gold_split,positive,0.76525736,0.5859611,False,0.009895565,0.22484714,0.76525736
phrasebank_sentences_75agree_2642,"Technopolis has set aside a plot of land measuring 4.6 hectares to build the park , Mikkonen said .",neutral,phrasebank,controlled_gold_split,neutral,0.89488584,0.3688441,False,0.009838249,0.89488584,0.09527591
phrasebank_sentences_66agree_1470,"`` We are proud to welcome another distribution facility to north Mississippi and the region known as the logistics center of the United States , '' said Gray Swoope , executive director of MDA .",positive,phrasebank,controlled_gold_split,positive,0.93628174,0.2745659,False,0.017533414,0.04618489,0.93628174
phrasebank_sentences_allagree_410,The aim is an annual improvement in Ruukki Construction 's operating profit of more than EUR 3 million USD 4.1 m starting in 2009 .,positive,phrasebank,controlled_gold_split,positive,0.95565903,0.20979756,False,0.014884181,0.0294567,0.95565903
phrasebank_sentences_allagree_1219,Feed companies Suomen Rehu and Raisio do no import GMO feed .,neutral,phrasebank,controlled_gold_split,neutral,0.9404965,0.2664909,False,0.032989662,0.9404965,0.026513884
phrasebank_sentences_allagree_913,"128,538 shares can still be subscribed for with Series E share options , max .",neutral,phrasebank,controlled_gold_split,neutral,0.93979394,0.25795054,False,0.0122513855,0.93979394,0.047954712
phrasebank_sentences_50agree_4021,Finnish home decoration and arts and crafts retailer Tiimari Plc ( OMX Helsinki : TII1V ) reported on Monday ( 18 August ) an operating loss of EUR3 .3 m on net sales of EUR33 .9 m for the period January-June 2008 .,neutral,phrasebank,controlled_gold_split,negative,0.94884044,0.22223705,False,0.94884044,0.044213384,0.0069461954
phrasebank_sentences_allagree_1940,Finnish publishing and printing group Ilkka-Yhtym+ñ will introduced a staff smoking ban as of the beginning of 2007 at the company 's three newspapers .,neutral,phrasebank,controlled_gold_split,negative,0.53881985,0.7781743,True,0.53881985,0.43930122,0.021878863
phrasebank_sentences_allagree_802,"Full-year net sales are expected to increase by approximately 10 % , the company said .",positive,phrasebank,controlled_gold_split,positive,0.94869536,0.23611385,False,0.018921647,0.032383043,0.94869536
phrasebank_sentences_75agree_2107,Radiation and today is a full service house expert in radiation and nuclear safety issues .,neutral,phrasebank,controlled_gold_split,neutral,0.9160271,0.3249385,False,0.013226558,0.9160271,0.07074632
phrasebank_sentences_50agree_1246,"In addition , YIT has reserved EPI Russia the right to expand the logistics center by about 100,000 m2 .",neutral,phrasebank,controlled_gold_split,positive,0.6397587,0.6950824,False,0.00884563,0.35139576,0.6397587
phrasebank_sentences_66agree_667,"Biohit and VWR have been in close cooperation for a number of years in the US , where Biohit is one of VWR 's focus suppliers .",positive,phrasebank,controlled_gold_split,positive,0.8787738,0.4029146,False,0.009599828,0.11162637,0.8787738
phrasebank_sentences_allagree_2163,Operating profit fell to EUR 6.2 mn from EUR 8.5 mn in the third quarter of 2007 .,negative,phrasebank,controlled_gold_split,negative,0.97649115,0.12593442,False,0.97649115,0.016242437,0.007266361
phrasebank_sentences_allagree_2210,"Operating profit totalled EUR 30.2 mn , down from EUR 43.8 mn a year earlier .",negative,phrasebank,controlled_gold_split,negative,0.97632366,0.1281465,False,0.97632366,0.013673566,0.010002794
phrasebank_sentences_allagree_1590,"A total of 15,000 new Citycon shares with a nominal value of EUR 1.35 per share were subscribed between 17 and 23 March 2006 exercising the A-B-C options based on the company 's stock option plan 1999 .",neutral,phrasebank,controlled_gold_split,neutral,0.94088763,0.25642136,False,0.0136168385,0.94088763,0.04549551
phrasebank_sentences_75agree_2060,Neither of the companies use genetically engineered soy at the moment .,neutral,phrasebank,controlled_gold_split,neutral,0.9480604,0.2342825,False,0.013825574,0.9480604,0.038114056
phrasebank_sentences_75agree_1169,The concept enables a commercially affordable way to manufacture high-quality TCO coated glass for the solar industry .,positive,phrasebank,controlled_gold_split,positive,0.80316055,0.5228462,False,0.006001516,0.19083789,0.80316055
phrasebank_sentences_allagree_1987,"`` I 'm trying to deal with slavery from a different perspective to balance the story , '' says DeRamus , formerly a writer at the Detroit Free Press and the Detroit News .",neutral,phrasebank,controlled_gold_split,neutral,0.8692772,0.4682611,False,0.0399955,0.8692772,0.0907273
phrasebank_sentences_allagree_2043,"Therefore , the company 's 2005 result will remain weaker than that of 2004 .",negative,phrasebank,controlled_gold_split,negative,0.9664496,0.16910839,False,0.9664496,0.020894382,0.012656012
phrasebank_sentences_allagree_1723,The bank 's leasing arm Nordea Liising ended the year with a profit of 4.4 million euros .,neutral,phrasebank,controlled_gold_split,neutral,0.6922965,0.7224091,False,0.033150207,0.6922965,0.2745533
phrasebank_sentences_50agree_3496,A spokeswoman for the Italian fashion house declined comment on the settlement .,neutral,phrasebank,controlled_gold_split,neutral,0.6278079,0.7535585,False,0.3465071,0.6278079,0.02568496
phrasebank_sentences_allagree_960,"Erkki Jarvinen , President of Rautakirja and the head of the Sanoma Trade division , will leave his current tasks in spring 2009 for a similar position outside the Sanoma Group .",neutral,phrasebank,controlled_gold_split,neutral,0.90967566,0.35625628,False,0.06564649,0.90967566,0.024677796
phrasebank_sentences_allagree_148,"( ADP News ) - Nov 5 , 2008 - Finnish electronic measurement products and solutions maker Vaisala Oyj ( OMX : VAIAS ) said today that its net profit rose to EUR 18 million ( USD 23.1 m ) for the first nine months of 2008 from EUR 1",positive,phrasebank,controlled_gold_split,positive,0.9506598,0.23076746,False,0.024767108,0.024573063,0.9506598
phrasebank_sentences_allagree_367,"Finnish Sampo Bank , of Danish Danske Bank group , reports profit before taxes of EUR 152.3 mn in 2010 , up from EUR 32.7 mn in 2009 .",positive,phrasebank,controlled_gold_split,positive,0.9519317,0.22526112,False,0.028527157,0.019541118,0.9519317
phrasebank_sentences_allagree_1508,"The share capital of Biotie Therapies Corp. constitutes 90,211,860 shares in the aggregate and the number of voting rights attached to the shares amounts to 90,211,860 .",neutral,phrasebank,controlled_gold_split,neutral,0.95629716,0.20982349,False,0.021446852,0.95629716,0.022255981
phrasebank_sentences_allagree_177,Orion Pharma 's operating profit increased by 42.5 % from 2004 .,positive,phrasebank,controlled_gold_split,positive,0.9583193,0.20135644,False,0.016811986,0.024868706,0.9583193
phrasebank_sentences_75agree_1413,Scanfil expects net sales in 2008 to remain at the 2007 level .,neutral,phrasebank,controlled_gold_split,positive,0.85227734,0.4914981,False,0.028717536,0.1190051,0.85227734
phrasebank_sentences_66agree_647,"At the moment , Valio is not worried , but if the ban continues for long , it may become quite a problem .",negative,phrasebank,controlled_gold_split,negative,0.9312774,0.28858694,False,0.9312774,0.05188386,0.0168387
phrasebank_sentences_66agree_3701,"The largest restructuring is planned for Italy , where negotiations on about 40 job cuts are to be initiated today , the company noted .",negative,phrasebank,controlled_gold_split,negative,0.957529,0.20216228,False,0.957529,0.029116157,0.013354904
phrasebank_sentences_50agree_1847,"Higher bit rates for outgoing traffic improves the end-user experience of mobile broadband services such as video conferencing , file sharing and sending e-mails with attachments .",positive,phrasebank,controlled_gold_split,positive,0.94460905,0.24436066,False,0.013073307,0.042317584,0.94460905
phrasebank_sentences_66agree_995,Finnish Raisio ( Diagnostics ) is launching new DNA-based quick tests to ensure the safety of food .,positive,phrasebank,controlled_gold_split,neutral,0.6973041,0.6505867,False,0.008137836,0.6973041,0.29455802
phrasebank_sentences_50agree_1817,"The company 's objective is to offer the best people flow experience by developing and delivering solutions that enable people to move smoothly , safely , comfortably and without waiting in buildings in an increasingly urbanizing environment .",neutral,phrasebank,controlled_gold_split,positive,0.72735816,0.6187339,False,0.0070881587,0.26555362,0.72735816
phrasebank_sentences_allagree_1316,Odell has not contacted the State of Finland in this issue .,neutral,phrasebank,controlled_gold_split,neutral,0.90914863,0.3559169,False,0.06784062,0.90914863,0.023010785
phrasebank_sentences_75agree_64,"`` The change will optimize the operational efficiencies of our growing business , '' said Julia Prohaska , director of marketing communications for Fiskars .",positive,phrasebank,controlled_gold_split,positive,0.87976944,0.3979544,False,0.008445263,0.111785196,0.87976944
phrasebank_sentences_66agree_195,"In addition , Kone signed a two-year maintenance contract for the escalators .",positive,phrasebank,controlled_gold_split,positive,0.9401109,0.26195505,False,0.016539775,0.04334933,0.9401109
phrasebank_sentences_allagree_1838,The value of the deal was not disclosed .,neutral,phrasebank,controlled_gold_split,neutral,0.9523732,0.2244786,False,0.023647994,0.9523732,0.023978831
phrasebank_sentences_66agree_847,Outokumpu 's chief executive Juha Rantanen expressed his confidence in China market .,positive,phrasebank,controlled_gold_split,positive,0.898901,0.36086327,False,0.010341843,0.090757124,0.898901
phrasebank_sentences_allagree_1304,"Neste Oil will publish its third quarter 2008 results on Friday , 24 October 2008 at approximately 9 am ( EET ) .",neutral,phrasebank,controlled_gold_split,neutral,0.9509369,0.22847322,False,0.030115187,0.9509369,0.01894794
phrasebank_sentences_66agree_1424,"We can choose the most efficient , best overall value option for our customers already at the bidding stage .",positive,phrasebank,controlled_gold_split,positive,0.5837821,0.7168264,True,0.0075576226,0.4086603,0.5837821
phrasebank_sentences_66agree_4145,The company 's previous estimate was for a lower revenue than the year-ago EUR 93.9 million .,negative,phrasebank,controlled_gold_split,negative,0.97126037,0.14713542,False,0.97126037,0.020939965,0.0077996235
phrasebank_sentences_66agree_3066,"CapMan , the Stockholm-headquartered private equity firm , has held a first close on its second private equity real estate fund as it continues its push into the property sector .",neutral,phrasebank,controlled_gold_split,positive,0.5834476,0.7377439,True,0.013210768,0.40334165,0.5834476
phrasebank_sentences_allagree_302,Sales rose 10 pct to 566 mln eur on the back of strong volume and favourable currency effects .,positive,phrasebank,controlled_gold_split,positive,0.95387906,0.21848917,False,0.019987414,0.02613358,0.95387906
phrasebank_sentences_66agree_1360,"The company said production volumes so far indicate the circuit is capable of the targeted output rate of 60,000 tonnes per day , or 22 million tonnes a year .",neutral,phrasebank,controlled_gold_split,positive,0.90149707,0.35751256,False,0.011614768,0.08688813,0.90149707
phrasebank_sentences_66agree_974,Wellness services will be important in the future .,neutral,phrasebank,controlled_gold_split,neutral,0.7606906,0.587504,False,0.008653045,0.7606906,0.23065634
phrasebank_sentences_allagree_504,"Lemminkainen Infra Oy 's subsidiary Lemminkainen Sverige AB will perform the construction work , which is expected to start in early 2011 and to be completed in the summer of 2013 .",neutral,phrasebank,controlled_gold_split,neutral,0.89266515,0.38164675,False,0.013571284,0.89266515,0.09376357
phrasebank_sentences_50agree_1851,"It combines a perfect price performance with sophisticated management facilities , the company said .",positive,phrasebank,controlled_gold_split,positive,0.8809068,0.39252982,False,0.007286152,0.11180699,0.8809068
phrasebank_sentences_50agree_472,Finnish house manufacturers are targeting the strongly growing one-family house market in Russia .,neutral,phrasebank,controlled_gold_split,positive,0.87712467,0.40518445,False,0.009150999,0.11372436,0.87712467
phrasebank_sentences_allagree_776,"Managing Director 's comments : `` Net sales for the first quarter were notably lower than a year before , especially in Finland , Russia and the Baltic countries .",negative,phrasebank,controlled_gold_split,negative,0.9731599,0.14164752,False,0.9731599,0.016095443,0.010744663
phrasebank_sentences_66agree_3663,"More than 14,000 customers were left powerless .",negative,phrasebank,controlled_gold_split,negative,0.93651265,0.26438007,False,0.93651265,0.05332364,0.010163683
phrasebank_sentences_66agree_3558,"`` This transaction supports Huhtamaki 's strategic review of rigid plastic consumer goods operations '' , says Huhtam+ñki Oyj 's CEO Jukka Moisio .",neutral,phrasebank,controlled_gold_split,positive,0.77701825,0.56185657,False,0.0070243115,0.21595746,0.77701825
phrasebank_sentences_75agree_1170,The purpose of this action is to ensure company 's cost effectiveness this year and in the near future .,positive,phrasebank,controlled_gold_split,positive,0.6949636,0.6538701,False,0.008495797,0.2965406,0.6949636
phrasebank_sentences_50agree_1538,"In Finland , the corresponding service is Alma Media 's Etuovi.com , Finland 's most popular and best known nationwide online service for home and property sales .",neutral,phrasebank,controlled_gold_split,neutral,0.9149954,0.32233006,False,0.010359064,0.9149954,0.07464551
phrasebank_sentences_allagree_1559,Union and company officials did not return calls yesterday .,neutral,phrasebank,controlled_gold_split,negative,0.7472518,0.6316855,False,0.7472518,0.23417918,0.018568974
phrasebank_sentences_allagree_1593,"After non-recurring items of EUR 177mn , profit amounted to EUR 20mn .",neutral,phrasebank,controlled_gold_split,neutral,0.8502023,0.5099098,False,0.040627897,0.8502023,0.1091698
phrasebank_sentences_66agree_2779,The Estonian parliament was set to vote on amendments to the excise duty law on Wednesday that would add 0.42 kroons to the price of a liter of diesel and 0.45 kroons to the price of a liter of gasoline from the start of 2010 .,neutral,phrasebank,controlled_gold_split,neutral,0.74717975,0.6550098,False,0.028771544,0.74717975,0.22404873
phrasebank_sentences_allagree_1152,"Additionally , information on business segments , competitors and future outlook are provided .",neutral,phrasebank,controlled_gold_split,neutral,0.9472347,0.24204662,False,0.020999957,0.9472347,0.03176537
phrasebank_sentences_allagree_942,"CapMan said the deal 's effect on its cash flow for 2009 totals EUR3 .4 m , but the transaction would not affect its financial results for 2009 as it was executed at fair value .",neutral,phrasebank,controlled_gold_split,neutral,0.83845073,0.52074164,False,0.13088061,0.83845073,0.03066865
phrasebank_sentences_50agree_1333,Shareholders of Rakvere Lihakombinaat decided in favor of the buyout of minority shares in mid-July .,positive,phrasebank,controlled_gold_split,positive,0.6779745,0.6923928,False,0.016128136,0.30589736,0.6779745
phrasebank_sentences_allagree_1644,"In 2007 , the Group 's net sales stood at EUR 42 million and it had about 1,445 employees .",neutral,phrasebank,controlled_gold_split,neutral,0.94575983,0.2480223,False,0.030367553,0.94575983,0.023872586
phrasebank_sentences_75agree_3405,Our superior customer centricity and expertise in digital services set us apart from our competitors .,positive,phrasebank,controlled_gold_split,neutral,0.5756203,0.7576842,True,0.018490028,0.5756203,0.40588966
phrasebank_sentences_66agree_1029,Chief Financial Officer Jim Heindlmeyer said Beyond Oblivion is in advanced talks with the four major recording companies about its service .,neutral,phrasebank,controlled_gold_split,neutral,0.7137662,0.65183604,False,0.013064646,0.7137662,0.2731692
phrasebank_sentences_75agree_338,"` This order is included in Wartsila 's order book in the second quarter , ' the company added .",neutral,phrasebank,controlled_gold_split,neutral,0.9352939,0.27726454,False,0.017270451,0.9352939,0.04743566
phrasebank_sentences_50agree_74,"Finnish real estate investor Sponda Plc said on Wednesday 12 March that it has signed agreements with Danske Bank A-S , Helsinki Branch for a 7-year EUR150m credit facility and with Ilmarinen Mutual Pension Insurance Company for a 7-year EUR50m credit facility .",neutral,phrasebank,controlled_gold_split,positive,0.9369639,0.27156705,False,0.01658472,0.0464514,0.9369639
phrasebank_sentences_allagree_481,Uponor improved its performance in spite of the decrease in residential construction in the US .,positive,phrasebank,controlled_gold_split,positive,0.95918554,0.19878882,False,0.019686349,0.021128077,0.95918554
phrasebank_sentences_66agree_3679,SWOT analysis is just one method of categorization and has its own weaknesses .,neutral,phrasebank,controlled_gold_split,negative,0.6524993,0.72250473,False,0.6524993,0.32746312,0.020037647
phrasebank_sentences_allagree_1109,"The sale will be finalized in September or October , the company said .",neutral,phrasebank,controlled_gold_split,neutral,0.9508845,0.22803085,False,0.017743219,0.9508845,0.03137228
phrasebank_sentences_75agree_1336,"According to M-real 's CEO , Mikko Helander , this transaction will enable the company to proceed swiftly with its restructuring program .",positive,phrasebank,controlled_gold_split,positive,0.8884769,0.38033676,False,0.008742345,0.10278077,0.8884769
phrasebank_sentences_66agree_944,The aim of the bridge solutions chosen is to minimize construction times while ensuring that traffic beneath the bridge on the Saimaa canal continues undisturbed .,neutral,phrasebank,controlled_gold_split,neutral,0.5431304,0.73691463,True,0.009838408,0.5431304,0.44703114
phrasebank_sentences_allagree_1388,The combined value of the orders is EUR 45mn .,neutral,phrasebank,controlled_gold_split,neutral,0.9453881,0.244233,False,0.015263319,0.9453881,0.03934864
phrasebank_sentences_50agree_1172,Altimo and TeliaSonera said yesterday that Usmanov would be welcome to join the new company .,positive,phrasebank,controlled_gold_split,neutral,0.8920246,0.37808752,False,0.011130132,0.8920246,0.09684527
phrasebank_sentences_allagree_676,"Outotec 's scope of delivery covers the engineering , supply of special equipment and services for a calcination plant with two circulating fluid bed calciners .",neutral,phrasebank,controlled_gold_split,neutral,0.9350614,0.26891595,False,0.010401631,0.9350614,0.054536995
phrasebank_sentences_allagree_1472,The online ice chart shows no ice in the area of Estonia 's sea ports on the coast of the Gulf of Finland .,neutral,phrasebank,controlled_gold_split,neutral,0.8691056,0.46513742,False,0.0948303,0.8691056,0.036064122
phrasebank_sentences_75agree_2289,The personnel s expertise and high level of technology play a major role in Exel Composites operations .,neutral,phrasebank,controlled_gold_split,neutral,0.52171665,0.7296889,True,0.00723055,0.52171665,0.47105283
phrasebank_sentences_50agree_1597,"Stora Enso Oyj said Friday it will sell its North American unit to NewPage , in a deal valued at euro1 .82 billion US$ 2.52 million .",neutral,phrasebank,controlled_gold_split,neutral,0.88019687,0.39930063,False,0.009328099,0.88019687,0.11047501
phrasebank_sentences_allagree_1544,"These include software development for internet and mobile telephone content , communications , value-added software , financial services , security applications , systems integration and electronics .",neutral,phrasebank,controlled_gold_split,neutral,0.9452792,0.24963199,False,0.023722626,0.9452792,0.030998195
phrasebank_sentences_75agree_401,"Kalnapilio-Tauro Grupe ( Kalnapilis-Tauras Group ) , which is owned by Denmark 's Royal Unibrew , raised its market share to 25.2 percent from 23.91 percent , as beer sales for the nine months jumped by 11.4 percent to 52.99 million liters .",positive,phrasebank,controlled_gold_split,positive,0.9541173,0.21769264,False,0.020236965,0.0256457,0.9541173
phrasebank_sentences_allagree_1229,"Foodservice and consumer goods markets are served by approximately 13,000 people in 54 manufacturing units and several sales offices in 33 countries .",neutral,phrasebank,controlled_gold_split,neutral,0.94142,0.25808424,False,0.016731966,0.94142,0.04184805
phrasebank_sentences_allagree_288,Tielinja generated net sales of 7.5 mln euro $ 9.6 mln in 2005 .,neutral,phrasebank,controlled_gold_split,neutral,0.9272414,0.29759938,False,0.014897279,0.9272414,0.057861317
phrasebank_sentences_allagree_1025,"SRV will also build an aqua park with wellness area , a restaurant and a multifunctional ice arena .",neutral,phrasebank,controlled_gold_split,neutral,0.6637928,0.6765927,False,0.0080794515,0.6637928,0.3281278
phrasebank_sentences_allagree_1097,"The order comprises four ball mills , which will be organized in two different streams for treating ore in the Pilanesberg platinum mine .",neutral,phrasebank,controlled_gold_split,neutral,0.947169,0.23991099,False,0.016938917,0.947169,0.03589207
phrasebank_sentences_75agree_3252,"When this information was released on 5 September 2008 , Nokia 's American Depositary shares fell by 8 % .",negative,phrasebank,controlled_gold_split,negative,0.9755377,0.12993538,False,0.9755377,0.017050192,0.0074120034
phrasebank_sentences_allagree_2207,"Operating profit totaled EUR 6.7 mn , down from EUR 7.2 mn in the corresponding period in 2005 .",negative,phrasebank,controlled_gold_split,negative,0.97702324,0.124690875,False,0.97702324,0.014196027,0.008780861
phrasebank_sentences_allagree_675,"Of these shares 29,659,239 are held by the Company or its group companies and the number of outstanding shares and voting rights attached to the shares thus amounts to 322,705,218 .",neutral,phrasebank,controlled_gold_split,neutral,0.95523584,0.21381384,False,0.021816388,0.95523584,0.022947773
phrasebank_sentences_50agree_1403,"The operator is one of 6 operators to have been granted a WiMAX license in Taiwan , and hopes to be the first to launch commercial services in early 2009 .",neutral,phrasebank,controlled_gold_split,positive,0.8246159,0.48973835,False,0.0057825055,0.16960162,0.8246159
phrasebank_sentences_allagree_1021,"says Brian Burton , Head of IT Security , Vodafone UK .",neutral,phrasebank,controlled_gold_split,neutral,0.8608365,0.4806093,False,0.033816066,0.8608365,0.10534741
phrasebank_sentences_75agree_2576,Margin call of Zanadvorov has given the chance to make such purchase under the credit of Deutsche Bank for USD 560 million .,neutral,phrasebank,controlled_gold_split,positive,0.57358843,0.72361434,True,0.008408219,0.41800338,0.57358843
phrasebank_sentences_allagree_1750,"The company said that 80 % of the shares of the holding company will be sold to Meadville Holdings Limited , a Hong Kong listed parent company of the Meadville Group .",neutral,phrasebank,controlled_gold_split,neutral,0.9498809,0.22982518,False,0.015450588,0.9498809,0.03466854
phrasebank_sentences_allagree_1322,"One price category is for calls on the preferred operator 's network , and another for calls on other operators ' networks .",neutral,phrasebank,controlled_gold_split,neutral,0.951174,0.22882378,False,0.023165883,0.951174,0.02566014
phrasebank_sentences_allagree_17,"Operating profit for the three-month period increased from EUR1 .2 m , while revenue increased from EUR20 .2 m , as compared to the corresponding period in 2005 .",positive,phrasebank,controlled_gold_split,positive,0.9568637,0.20760056,False,0.02020948,0.022926787,0.9568637
phrasebank_sentences_66agree_2458,Etteplan targets to employ at least 20 people in Borl+ñnge .,positive,phrasebank,controlled_gold_split,neutral,0.82285875,0.5040646,False,0.009499821,0.82285875,0.16764145
phrasebank_sentences_75agree_1082,"The company said Offshore segment represented 43 % of the total marine engines orders for the July-September 2010 period , Merchant 33 % , Special vessels 18 % , and Cruise and Ferry , and Ship Design -- 2 % and 3 % , respectively .",neutral,phrasebank,controlled_gold_split,neutral,0.9326946,0.28744775,False,0.019866778,0.9326946,0.04743856
phrasebank_sentences_66agree_377,"The new facility , to be known as Technopolis Pulkovo , will introduce to the Russian market an entirely new concept of creating , operating and growing a commercially-funded science and technology park to support the growth of knowledge-intensive companies .",neutral,phrasebank,controlled_gold_split,positive,0.5070737,0.7314584,True,0.0073989043,0.48552746,0.5070737
phrasebank_sentences_75agree_1217,He said things will be different when new Finnish nuclear power stations go into operation and the large hydro powered stations of northern Europe have a good year .,neutral,phrasebank,controlled_gold_split,neutral,0.7718892,0.5913036,False,0.01462423,0.7718892,0.21348652
phrasebank_sentences_allagree_1254,"In his current position , Manty has worked since 1996 .",neutral,phrasebank,controlled_gold_split,neutral,0.9377085,0.27608585,False,0.028001945,0.9377085,0.034289505
phrasebank_sentences_66agree_1299,"It also has strong assets in electronic media , employing 18,500 an increase of 9 percent on last year .",positive,phrasebank,controlled_gold_split,positive,0.9457829,0.23873182,False,0.011474135,0.0427429,0.9457829
phrasebank_sentences_75agree_2555,"It grew in Finland , Norway , Denmark and the Baltic countries .",neutral,phrasebank,controlled_gold_split,neutral,0.8866617,0.3904544,False,0.011412093,0.8866617,0.1019262
phrasebank_sentences_allagree_2259,"Operating result for the 12-month period decreased from the profit of EUR0 .4 m while turnover decreased from EUR5 .6 m , as compared to 2004 .",negative,phrasebank,controlled_gold_split,negative,0.97454774,0.13428718,False,0.97454774,0.01759929,0.007852978
phrasebank_sentences_allagree_341,"ADP News - Nov 13 , 2008 - Finnish printed circuit board PCB maker Aspocomp Group Oyj OMX : ACG1V said today that its net loss narrowed to EUR 2 million USD 2.5 m in the first nine months of 2008 from EUR 57",positive,phrasebank,controlled_gold_split,positive,0.9393067,0.26981294,False,0.0361771,0.024516134,0.9393067
phrasebank_sentences_66agree_3967,Sales were down 14 per cent in Finland and up 27 per cent abroad where sales were lifted by the strong growth in sales in Russia and Lithuania .,neutral,phrasebank,controlled_gold_split,negative,0.97239923,0.14476833,False,0.97239923,0.01681487,0.01078593
phrasebank_sentences_allagree_909,"` Nordea 's definitely too big for Sampo to acquire , ' said an analyst ` But Sampo would appear to have an agenda for Nordea ahead of the privatisation .",neutral,phrasebank,controlled_gold_split,neutral,0.9040298,0.36502454,False,0.019826265,0.9040298,0.07614393
phrasebank_sentences_50agree_1799,`` We are proud to contribute to the creation of a world-class airport facility with KONE 's innovative People Flow TM solutions .,positive,phrasebank,controlled_gold_split,positive,0.9099067,0.3333876,False,0.009632657,0.08046069,0.9099067
phrasebank_sentences_66agree_949,"The Daily Graphic newspaper , in October , reported an initiative being embarked upon by the Fidelity Bank to partner Ghana Post , which has offices across the country , to offer financial services to the unbanked and under-banked in the country .",neutral,phrasebank,controlled_gold_split,positive,0.85317105,0.44896683,False,0.008261335,0.1385676,0.85317105
phrasebank_sentences_66agree_3630,"Antti Orkola , president of Kemira GrowHow 's Industrial Solutions unit , told Thomson Financial News the company has put off opening the mine as prices of phosphate have been ` quite depressed for a long time ' . '",negative,phrasebank,controlled_gold_split,negative,0.9487108,0.22896442,False,0.9487108,0.040281992,0.011007232
phrasebank_sentences_allagree_2145,"Insurer Axa ( PAR : CS ) slid by 5.35 % to EUR 14.15 , after Citigroup and ING slashed their targets on the stock .",negative,phrasebank,controlled_gold_split,negative,0.97526395,0.13219786,False,0.97526395,0.0156585,0.009077487
phrasebank_sentences_50agree_1164,"ALEXANDRIA , Va. , Aug. 27 -- Timo Vataja of Tampere , Finland , Virve Inget of Oulu , Finland , have developed a computer program product with activating the right of use .",neutral,phrasebank,controlled_gold_split,neutral,0.89237833,0.37463605,False,0.009930616,0.89237833,0.09769101
phrasebank_sentences_75agree_835,"Employees are also better prepared to answer calls , since they already have detailed information about the caller before they answer the phone . ''",positive,phrasebank,controlled_gold_split,neutral,0.9010564,0.38341135,False,0.029938381,0.9010564,0.06900516
phrasebank_sentences_allagree_1505,The sellers were the founders of the company .,neutral,phrasebank,controlled_gold_split,neutral,0.9493062,0.23489138,False,0.02983799,0.9493062,0.020855825
phrasebank_sentences_66agree_420,"After the transaction , Alma Media raised its stake in Talentum to 30.65 % of the shares and some 31.12 % of voting rights .",positive,phrasebank,controlled_gold_split,positive,0.682719,0.66277957,False,0.008174439,0.3091066,0.682719
phrasebank_sentences_allagree_2018,The situation of coated magazine printing paper will continue to be weak .,negative,phrasebank,controlled_gold_split,negative,0.8810574,0.4305961,False,0.8810574,0.09019037,0.028752182
phrasebank_sentences_allagree_435,"( ADP News ) - Oct 31 , 2008 - Finnish food company Raisio Oyj ( OMX : RAIVV ) said today that its net profit jumped to EUR 16.4 million ( USD 20.9 m ) for the first nine months of 2008 from EUR 1.1 million for the same period of 2",positive,phrasebank,controlled_gold_split,positive,0.9442791,0.25327072,False,0.03110803,0.024612866,0.9442791
phrasebank_sentences_50agree_392,The Finnish company Stockmann has signed the contract with the company Technopolis .,neutral,phrasebank,controlled_gold_split,positive,0.8707154,0.4165165,False,0.008553281,0.12073128,0.8707154
phrasebank_sentences_allagree_673,"New Delhi , July 17 -- Sahlberg Teppo , Kallio Timo and Mustonen Tuomas of M Real OYJ , Espoo , Finland have developed novel markings and methods of producing the same .",neutral,phrasebank,controlled_gold_split,neutral,0.8962361,0.3704068,False,0.011983938,0.8962361,0.091779955
phrasebank_sentences_allagree_443,Sports equipment sales also progressed well owing to the prolonged winter season .,positive,phrasebank,controlled_gold_split,positive,0.95447654,0.21663138,False,0.021803686,0.023719808,0.95447654
phrasebank_sentences_allagree_124,Finnish software developer Done Solutions Oyj said its net profit increased to 3.5 mln euro ( $ 4.6 mln ) in 2006 from 2.3 mln euro ( $ 3.0 mln ) in 2005 .,positive,phrasebank,controlled_gold_split,positive,0.9521004,0.2254606,False,0.02471771,0.023181917,0.9521004
phrasebank_sentences_allagree_2031,"Nordic banks have already had to write off sizable loans in Latvia , with Swedbank , Nordea , DnB NOR and SEB reporting combined losses in excess of $ 1.35 billion in the period 2007 to 2010 against a backdrop of near economic meltdown in Latvia .",negative,phrasebank,controlled_gold_split,negative,0.9738995,0.1377813,False,0.9738995,0.017015986,0.009084535
phrasebank_sentences_allagree_670,M. and a Master of Business Administration MBA .,neutral,phrasebank,controlled_gold_split,neutral,0.85514027,0.49158168,False,0.03313134,0.85514027,0.11172837
phrasebank_sentences_50agree_4799,In February the Elcoteq group sold its St Petersburg facility ; according to unconfirmed information the reason could have been supply problems because of the Russian customs service .,negative,phrasebank,controlled_gold_split,negative,0.9509196,0.22210638,False,0.9509196,0.03792344,0.0111569185
phrasebank_sentences_allagree_453,Finlan 's listed food industry company HKScan Group controlled companies in the Baltics improved revenues by EUR 3.5 mn to EUR 160.4 mn in 2010 from EUR 156.9 mn in the year before .,positive,phrasebank,controlled_gold_split,positive,0.9521044,0.2237538,False,0.03032112,0.017574523,0.9521044
phrasebank_sentences_allagree_1371,"The 19,200-square metre technology center is located near University of Tampere in central Tampere .",neutral,phrasebank,controlled_gold_split,neutral,0.93689454,0.27006412,False,0.015024289,0.93689454,0.04808115
phrasebank_sentences_allagree_2191,"However , the company saw its net profit for the third quarter down to EUR 1.4 million from EUR 1.5 million for the corresponding period of 2009 .",negative,phrasebank,controlled_gold_split,negative,0.97381175,0.13903607,False,0.97381175,0.015224053,0.010964256
phrasebank_sentences_75agree_1792,The transaction will take place without payment of merger consideration .,neutral,phrasebank,controlled_gold_split,neutral,0.9519716,0.22595242,False,0.024417417,0.9519716,0.02361094
phrasebank_sentences_allagree_1661,"It is being developed by Symbian , the software licensing consortium led by Nokia .",neutral,phrasebank,controlled_gold_split,neutral,0.91321254,0.32442,False,0.009217425,0.91321254,0.07757006
phrasebank_sentences_50agree_1184,Atria Group is a leading Scandinavian meat products group .,positive,phrasebank,controlled_gold_split,neutral,0.7490947,0.59542966,False,0.007041309,0.7490947,0.24386394
phrasebank_sentences_allagree_1461,The MET is located in the Central Business District ( CBD ) of Bangkok .,neutral,phrasebank,controlled_gold_split,neutral,0.93471694,0.2742566,False,0.013293421,0.93471694,0.051989667
phrasebank_sentences_75agree_588,"According to CEO Kai Telanne , the company 's newspapers achieved the best financial result ever .",positive,phrasebank,controlled_gold_split,positive,0.95231116,0.22388563,False,0.019427247,0.028261652,0.95231116
phrasebank_sentences_50agree_1008,"The Group brand portfolio includes the leading brand in the industry , Rapala , and other global brands like VMC , Storm , Blue Fox , Luhr Jensen , Williamson , Marttiini and Sufix .",neutral,phrasebank,controlled_gold_split,neutral,0.8525133,0.4491142,False,0.007893965,0.8525133,0.1395928
phrasebank_sentences_allagree_1762,"The devices would be launched in the Chinese market in late 2006 , the company said .",neutral,phrasebank,controlled_gold_split,neutral,0.8983525,0.35888058,False,0.008907912,0.8983525,0.09273965
phrasebank_sentences_allagree_19,"The Lithuanian beer market made up 14.41 million liters in January , a rise of 0.8 percent from the year-earlier figure , the Lithuanian Brewers ' Association reporting citing the results from its members .",positive,phrasebank,controlled_gold_split,positive,0.9534754,0.22019878,False,0.021097908,0.025426676,0.9534754
phrasebank_sentences_allagree_628,The share of the share capital of both above mentioned shareholders remains below 5 % .,neutral,phrasebank,controlled_gold_split,neutral,0.7206104,0.67816144,False,0.2536973,0.7206104,0.02569231
phrasebank_sentences_50agree_1375,The effect of the savings will be noticeable as of the beginning of 2010 .,positive,phrasebank,controlled_gold_split,positive,0.93772864,0.2677219,False,0.015149096,0.04712229,0.93772864
phrasebank_sentences_allagree_298,"Uponor made an operating profit of EUR 151.0 mn , up from EUR 143.7 mn , which made 2007 a record year .",positive,phrasebank,controlled_gold_split,positive,0.95385706,0.21878456,False,0.025203051,0.020939935,0.95385706
phrasebank_sentences_75agree_2772,"The Swedish buyout firm has sold its remaining 22.4 percent stake , almost eighteen months after taking the company public in Finland .",neutral,phrasebank,controlled_gold_split,neutral,0.93701947,0.2779006,False,0.02634273,0.93701947,0.036637824
phrasebank_sentences_allagree_1115,They both will report to Oriola-KD 's chief executive officer Eero Hautaniemi .,neutral,phrasebank,controlled_gold_split,neutral,0.9490557,0.23588476,False,0.029726155,0.9490557,0.021218237
phrasebank_sentences_75agree_2071,Nordea 's chairman of the board Hans Dalborg has informed the nomination committee that he will not be up for re-election at the Annual General Meeting in 2011 .,neutral,phrasebank,controlled_gold_split,neutral,0.55951923,0.76978254,True,0.41970214,0.55951923,0.02077861
phrasebank_sentences_allagree_739,Raute said it has won an order worth around 15 mln eur to supply several plywood production lines to mills operated by Russian wood products company Sveza Group .,positive,phrasebank,controlled_gold_split,positive,0.9413021,0.2561592,False,0.014477516,0.04422032,0.9413021
phrasebank_sentences_75agree_2983,"Finland-based international machinery rental company Ramirent Plc ( OMX Helsinki : RMR1V ) said on Friday ( 9 May ) that its president and CEO , Kari Kallio , has informed the board of his intention to retire in year 2009 .",neutral,phrasebank,controlled_gold_split,neutral,0.87102515,0.4358279,False,0.11137489,0.87102515,0.017599957
phrasebank_sentences_75agree_3086,"This one was at one time targeted for June 5 , but if we had to guess , it 's been pushed back -- maybe we 're crazy , but we feel like it has n't leaked enough to meet that date at this point .",neutral,phrasebank,controlled_gold_split,neutral,0.534294,0.874287,True,0.40327853,0.534294,0.06242751
phrasebank_sentences_75agree_1391,Net profit in the same period in 2006 was 36.6 million euros .,neutral,phrasebank,controlled_gold_split,neutral,0.9230679,0.32254076,False,0.047190666,0.9230679,0.029741395
phrasebank_sentences_75agree_1001,"A downloadable instruction sheet , instructional video , and project ideas for the award-winning Everywhere Punch TM Window System can be found at www.fiskars.com .",neutral,phrasebank,controlled_gold_split,neutral,0.92082185,0.3111047,False,0.012390255,0.92082185,0.066787906
phrasebank_sentences_allagree_764,"Supported Nokia phones include : N96 , N95-8GB , N95 , N93-N931 , N92 , N85 , N82 , N81 , N80 , N79 , N78 , N77 , N76 , N75 , N73 , N72 , N71 , E90 , E71 , E70 , E66 , E65 , E62 , E61-E61i , E60 , E51 , E50 , Touch Xpress 5800 , 6220 Classic , 6210 Navigator , 6120 Classic , 6110 Navigator , 5700 , 5500 , 5320XM .",neutral,phrasebank,controlled_gold_split,neutral,0.9420151,0.26124397,False,0.025881475,0.9420151,0.032103363
phrasebank_sentences_66agree_1127,Sponda plans to renovate old real estate and develop new property .,neutral,phrasebank,controlled_gold_split,neutral,0.85398453,0.44441122,False,0.007195798,0.85398453,0.1388197
phrasebank_sentences_75agree_1145,"`` Following last year 's good profit development , we have entered the current year in a good position .",positive,phrasebank,controlled_gold_split,positive,0.95631874,0.20960096,False,0.020039441,0.023641903,0.95631874
phrasebank_sentences_50agree_2119,"In 2007 , Marimekko has also opened concept stores in Yokohama and Nagoya , central Japan , in Silver Spring in metropolitan Washington DC , USA , in Graz , central Austria , and in Aalborg , northern Denmark .",positive,phrasebank,controlled_gold_split,neutral,0.89905286,0.36694044,False,0.01353556,0.89905286,0.08741165
phrasebank_sentences_75agree_2786,"The total value of the project is estimated to be over 3.0 mln euro $ 4.4 mln , of which the services will be over 2.0 mln euro $ 2.9 mln and third-party licences more than 1.0 mln euro $ 1.5 mln .",neutral,phrasebank,controlled_gold_split,neutral,0.93354356,0.27507555,False,0.011554745,0.93354356,0.054901615
phrasebank_sentences_75agree_809,Also the traditional grapevine carries a lot of weight .,neutral,phrasebank,controlled_gold_split,neutral,0.89564574,0.38589352,False,0.020250324,0.89564574,0.08410391
phrasebank_sentences_allagree_2160,Operating profit fell to EUR 15.1 mn from EUR 24.6 mn in 2006 .,negative,phrasebank,controlled_gold_split,negative,0.9765623,0.12588245,False,0.9765623,0.015860235,0.0075775106
phrasebank_sentences_75agree_1219,"I am looking forward to contribute to SRV 's success with my competence '' , says Taneli Hassinen .",positive,phrasebank,controlled_gold_split,positive,0.8092091,0.5222082,False,0.0085288305,0.18226197,0.8092091
phrasebank_sentences_allagree_1589,A filter is used to pre-process packets to determine if they need to be further processed by the processor of the network device .,neutral,phrasebank,controlled_gold_split,neutral,0.9395793,0.26637378,False,0.04057648,0.9395793,0.019844245
phrasebank_sentences_50agree_3013,"( ADP News ) - Dec 11 , 2008 - Finnish power-supply solutions provider Efore Oyj ( OMX : EFO1V ) said yesterday it opened a technology research and development ( R&D ) laboratory at Helsinki University of Technology .",neutral,phrasebank,controlled_gold_split,neutral,0.83148843,0.4882065,False,0.008849147,0.83148843,0.15966243
phrasebank_sentences_allagree_2098,Below are unaudited consolidated results for Aspocomp Group under IFRS reporting standards .,neutral,phrasebank,controlled_gold_split,neutral,0.9404148,0.26313913,False,0.040567994,0.9404148,0.019017257
phrasebank_sentences_allagree_598,Symphony Services provides development services for Aldata GOLD .,neutral,phrasebank,controlled_gold_split,neutral,0.9398503,0.25930583,False,0.013418524,0.9398503,0.04673118
phrasebank_sentences_allagree_425,"Citigroup , Inc ( NYSE : C ) has announced that its Global Transaction Services ( GTS ) business has been awarded a new mandate by Finland-based Pohjola Bank Group .",positive,phrasebank,controlled_gold_split,positive,0.93854475,0.25842935,False,0.0101108095,0.05134443,0.93854475
phrasebank_sentences_allagree_1442,The full-function PC weighs 1.25 kilograms and measures slightly more than two centimeters thin .,neutral,phrasebank,controlled_gold_split,neutral,0.9296918,0.30049568,False,0.02552103,0.9296918,0.044787195
phrasebank_sentences_50agree_1894,CDLI highlights the companies that provided the most comprehensive response to the Carbon Disclosure Project CDP information request .,positive,phrasebank,controlled_gold_split,positive,0.71515113,0.63497615,False,0.008293477,0.27655548,0.71515113
phrasebank_sentences_allagree_501,"In the method the smelt spouts 2 are separated from the working area 6 by a shielding wall 8 , 10 arranged movable in relation to the smelt spouts .",neutral,phrasebank,controlled_gold_split,neutral,0.9412712,0.26078853,False,0.039222203,0.9412712,0.019506577
phrasebank_sentences_allagree_362,"The company 's profit before taxes fell to EUR 21.1 mn in the third quarter of 2008 , compared to EUR 35.8 mn in the corresponding period in 2007 .",negative,phrasebank,controlled_gold_split,negative,0.9764232,0.12604329,False,0.9764232,0.01651466,0.0070620878
phrasebank_sentences_75agree_1434,"The Group 's consolidated net sales for 2008 totaled 3.4 billion euros and it employs approximately 13,000 persons .",neutral,phrasebank,controlled_gold_split,neutral,0.9459394,0.24714717,False,0.02292188,0.9459394,0.03113871
phrasebank_sentences_66agree_1883,- Moody 's said it gave P A1 long-term senior unsecured and P P-1 short-term debt ratings to Finnish lender Aktia Bank 's EUR1bn USD1 .4 bn euro medium-term note EMTN program of 25 March 2011 .,neutral,phrasebank,controlled_gold_split,positive,0.7582604,0.5970824,False,0.010761083,0.23097849,0.7582604
phrasebank_sentences_allagree_1742,The company had net sales of EUR 19.8 mn and a pre-tax profit of EUR 1.8 mn in 2005 .,neutral,phrasebank,controlled_gold_split,neutral,0.9265554,0.3084244,False,0.023403117,0.9265554,0.050041478
phrasebank_sentences_allagree_141,Its market share widened to 48.51 percent from 48.31 percent a year earlier .,positive,phrasebank,controlled_gold_split,positive,0.9493118,0.23562986,False,0.024324592,0.026363553,0.9493118
phrasebank_sentences_50agree_428,"Finnish silicon wafers manufacturer Okmetic Oyj said on June 29 , 2007 it signed an agreement with Nordea Bank Finland Plc , the local subsidiary of Swedish commercial bank Nordea Bank AB , which will refinance Okmetic 's syndicated bank facility which amounts to some 20 mln euro ( $ 26.9 mln ) .",positive,phrasebank,controlled_gold_split,positive,0.9359976,0.2755317,False,0.017648544,0.04635389,0.9359976
phrasebank_sentences_allagree_294,"However , the growth margin slowed down due to the financial crisis .",negative,phrasebank,controlled_gold_split,negative,0.9610521,0.1905871,False,0.9610521,0.02385754,0.015090287
phrasebank_sentences_allagree_113,"Equity ratio was 60.9 % compared to 54.2 % In the third quarter of 2007 , net sales of the Frozen Foods Business totaled EUR 11.0 , up by about 5 % from the third quarter of 2006 .",positive,phrasebank,controlled_gold_split,positive,0.95775145,0.20430961,False,0.021206172,0.02104237,0.95775145
phrasebank_sentences_allagree_946,"Construction work on the Helsinki Music Centre is to start this autumn , with the total cost of the project estimated at 140 million euros .",neutral,phrasebank,controlled_gold_split,neutral,0.9112841,0.34144998,False,0.016017122,0.9112841,0.072698794
phrasebank_sentences_allagree_1561,Vacon recently announced plans to build its North American headquarters at 5 Business Park in Chambersburg .,neutral,phrasebank,controlled_gold_split,neutral,0.7901834,0.5467292,False,0.007703091,0.7901834,0.20211345
phrasebank_sentences_75agree_889,QPR product family is fully compatible with Microsoft 's Windows 7 operating system .,neutral,phrasebank,controlled_gold_split,neutral,0.72885245,0.61905164,False,0.007598877,0.72885245,0.2635486
phrasebank_sentences_75agree_608,"Furthermore , efficiency improvement measures initiated earlier are now bearing fruit , '' CEO Jan Lang said .",positive,phrasebank,controlled_gold_split,positive,0.9504428,0.22664943,False,0.013934211,0.03562305,0.9504428
phrasebank_sentences_50agree_2,"The international electronic industry company Elcoteq has laid off tens of employees from its Tallinn facility ; contrary to earlier layoffs the company contracted the ranks of its office workers , the daily Postimees reported .",negative,phrasebank,controlled_gold_split,negative,0.9720561,0.14411362,False,0.9720561,0.02009477,0.007849161
phrasebank_sentences_75agree_2780,"The total investment in the company will be EUR58m , of which Wartsila 's share will be EUR29m .",neutral,phrasebank,controlled_gold_split,neutral,0.94038326,0.254334,False,0.010943272,0.94038326,0.04867351
phrasebank_sentences_allagree_595,Stock Exchange Release 10/3/2011 12:00 Sanoma has published its Annual Report and Financial Statements for 2010 and its first Corporate Responsibility Report .,neutral,phrasebank,controlled_gold_split,neutral,0.94150835,0.26215357,False,0.035116624,0.94150835,0.02337498
phrasebank_sentences_66agree_3268,"The bank also expects additional costs , related to the Dash 8 - Q400 jets , which the group shelved in October 2007 .",neutral,phrasebank,controlled_gold_split,negative,0.71459025,0.7212175,False,0.71459025,0.24109195,0.04431777
phrasebank_sentences_allagree_216,"Elisa said mobile subscriptions grew 7 percent during 2007 , mainly because of customers adopting so-called third generation mobile technology .",positive,phrasebank,controlled_gold_split,positive,0.9097486,0.33168113,False,0.008674873,0.08157661,0.9097486
phrasebank_sentences_75agree_2807,These share transactions are part of the company 's strategy of relinquishing assets that are not part of its core business .,neutral,phrasebank,controlled_gold_split,neutral,0.9401414,0.258573,False,0.013533142,0.9401414,0.046325516
phrasebank_sentences_50agree_1627,"The deal , already approved by shareholders , will be carried out in the first half of 2011 .",neutral,phrasebank,controlled_gold_split,neutral,0.8603169,0.4370566,False,0.008734607,0.8603169,0.13094856
phrasebank_sentences_75agree_987,You are warmly welcome !,neutral,phrasebank,controlled_gold_split,positive,0.71674395,0.6503657,False,0.0135337,0.2697223,0.71674395
phrasebank_sentences_75agree_1794,"The wireless industry is bracing itself for the iPhone , which will launch on June 29 .",neutral,phrasebank,controlled_gold_split,neutral,0.7514085,0.6669103,False,0.03789504,0.7514085,0.21069647
phrasebank_sentences_allagree_2152,Net profit fell by almost half to +é 5.5 million from +é 9.4 million at the end of 2007 .,negative,phrasebank,controlled_gold_split,negative,0.97639024,0.12592614,False,0.97639024,0.016833361,0.0067763506
phrasebank_sentences_allagree_1633,Finnish silicon wafer technology company Okmetic Oyj OMX Helsinki : OKM1V said on Wednesday 17 September that it will invest EUR6m in its sensor wafer business during 2009 .,neutral,phrasebank,controlled_gold_split,neutral,0.880248,0.39763784,False,0.008707456,0.880248,0.11104453
phrasebank_sentences_allagree_1070,The deal will have no significant effect on the acquiring company 's equity ratio .,neutral,phrasebank,controlled_gold_split,neutral,0.94255304,0.25769407,False,0.02117113,0.94255304,0.036275826
phrasebank_sentences_66agree_976,- Tikkurila inspires you to color your life .,neutral,phrasebank,controlled_gold_split,neutral,0.8428396,0.48015073,False,0.013155322,0.8428396,0.14400508
phrasebank_sentences_allagree_2239,"The steelmaker said that the drop in profit was explained by the continuing economic uncertainty , mixed with the current drought in bank lending , resulting in a decline in demand for its products as customers find it increasingly difficult to fund operations .",negative,phrasebank,controlled_gold_split,negative,0.97524023,0.13187194,False,0.97524023,0.01637979,0.008379992
phrasebank_sentences_allagree_1412,The company will propose a dividend of EUR0 .12 per share for 2008 .,neutral,phrasebank,controlled_gold_split,neutral,0.91550547,0.32408625,False,0.011971598,0.91550547,0.072522916
phrasebank_sentences_66agree_1645,"Key reasons to read this report : - Report contains only relevant information , leaving out excessive data .",neutral,phrasebank,controlled_gold_split,neutral,0.86795044,0.44551215,False,0.112569295,0.86795044,0.019480247
phrasebank_sentences_75agree_2619,Pharmaceutical market in Netherlands Global Research & Data Services published recently a market analysis about the pharmaceutical markets in Netherlands .,neutral,phrasebank,controlled_gold_split,neutral,0.93104124,0.28725755,False,0.015159404,0.93104124,0.053799372
phrasebank_sentences_66agree_1214,The veneer and plywood industry in Sweden is quite small despite the raw material resources .,neutral,phrasebank,controlled_gold_split,neutral,0.83831203,0.53545743,False,0.11931993,0.83831203,0.042368073
phrasebank_sentences_allagree_1975,"The mill 's raw material need will increase by 100,000 m3 of wood .",neutral,phrasebank,controlled_gold_split,positive,0.920497,0.30973133,False,0.01112039,0.06838255,0.920497
phrasebank_sentences_50agree_2250,"Under the agreement , TietoEnator will provide Blyk with extended application and business process management services and an IT infrastructure .",positive,phrasebank,controlled_gold_split,positive,0.7577566,0.5833547,False,0.0064367945,0.2358066,0.7577566
phrasebank_sentences_75agree_1363,"In 2007 , Alma Media 's operating profit was about EUR 53mn .",neutral,phrasebank,controlled_gold_split,neutral,0.93989176,0.2689219,False,0.03052294,0.93989176,0.029585345
phrasebank_sentences_66agree_2491,"GENEVA , Feb. 10 -- Tero Aaltonen , Finland has developed a radio resource control method .",neutral,phrasebank,controlled_gold_split,neutral,0.8757546,0.41143727,False,0.010563274,0.8757546,0.113682136
phrasebank_sentences_50agree_4126,Possible personnel reductions concern approximately 104 people .,negative,phrasebank,controlled_gold_split,negative,0.9654667,0.16800758,False,0.9654667,0.027208822,0.0073244926
phrasebank_sentences_allagree_655,Customers in a wide range of industries use our stainless steel and services worldwide .,neutral,phrasebank,controlled_gold_split,neutral,0.84497356,0.46060294,False,0.007247226,0.84497356,0.14777918
phrasebank_sentences_66agree_2055,facades in Riga 8 March 2010 - Finnish construction company YIT Oyj HEL : YTY1V said today that it will build the frame and the facades in a tower construction project in Riga .,neutral,phrasebank,controlled_gold_split,neutral,0.8765113,0.41473687,False,0.012703637,0.8765113,0.11078513
phrasebank_sentences_allagree_169,Operating profit rose to EUR2 .4 m from EUR1 .6 m year earlier .,positive,phrasebank,controlled_gold_split,positive,0.952257,0.22483267,False,0.025214281,0.022528734,0.952257
phrasebank_sentences_allagree_180,Pretax profit rose to EUR 0.6 mn from EUR 0.4 mn in the corresponding period in 2005 .,positive,phrasebank,controlled_gold_split,positive,0.95197904,0.22558111,False,0.026909975,0.021111052,0.95197904
phrasebank_sentences_75agree_619,"Meanwhile , Electrowatt-Ekono Philippines , Inc. was also awarded a three-year operation and maintenance ( O&M ) contract by FR Cement Corporation .",positive,phrasebank,controlled_gold_split,positive,0.9520588,0.22400297,False,0.017745607,0.030195557,0.9520588
phrasebank_sentences_allagree_1494,The reductions will be concluded by autumn 2010 .,neutral,phrasebank,controlled_gold_split,neutral,0.8159357,0.5827536,False,0.13642345,0.8159357,0.04764082
phrasebank_sentences_50agree_2784,"ALEXANDRIA , Va. , Dec. 17 -- Reijo Salovaara , Nastola , Finland , has developed a veneer cutter .",neutral,phrasebank,controlled_gold_split,neutral,0.89434403,0.37656498,False,0.012911584,0.89434403,0.0927444
phrasebank_sentences_allagree_2129,Consolidated pretax profit decreased by 69.2 % to EUR 41.0 mn from EUR 133.1 mn in 2007 .,negative,phrasebank,controlled_gold_split,negative,0.97609735,0.12872587,False,0.97609735,0.014837392,0.009065289
phrasebank_sentences_75agree_3178,"Dirk Jones , head of Financial Institutions Client Sales Management , GTS , Citigroup , Inc , said , ` Citi is extremely pleased to be providing global custody services to Pohjola Group Bank .",positive,phrasebank,controlled_gold_split,positive,0.9051792,0.3477665,False,0.011090857,0.08372988,0.9051792
phrasebank_sentences_75agree_3027,The production is to be liquidated before June 2009 and 325 employees loose their jobs .,negative,phrasebank,controlled_gold_split,negative,0.9569944,0.19839841,False,0.9569944,0.034760796,0.0082449075
phrasebank_sentences_50agree_1811,One of my colleagues summed up the E7 quite aptly when he remarked : `` Fantastic hardware .,positive,phrasebank,controlled_gold_split,positive,0.81306034,0.5478023,False,0.021175668,0.16576397,0.81306034
phrasebank_sentences_allagree_529,`` They want my credit card info and my personal details .,neutral,phrasebank,controlled_gold_split,neutral,0.90721136,0.3650421,False,0.0656249,0.90721136,0.027163714
phrasebank_sentences_75agree_2284,"The other two sellers were the Finnish National Fund for R&D ( Sitra ) and Oras Invest Oy , which also sold half of their shareholdings , leaving them with 3.8 pct and 3.2 pct of the company respectively .",neutral,phrasebank,controlled_gold_split,neutral,0.9267727,0.30798084,False,0.049568605,0.9267727,0.023658725
phrasebank_sentences_50agree_710,"Finnish industrial investor Panostaja Oyj OMX Helsinki : PNAAS OMX Helsinki : PNABS said on Friday 11 July that it has signed a deal to acquire the entire share capital of Kospa Oy , the manufacturer of waste disposal equipment .",positive,phrasebank,controlled_gold_split,positive,0.8316163,0.49508083,False,0.011425044,0.15695862,0.8316163
phrasebank_sentences_66agree_1252,6 October 2010 - Finnish paints and coatings company Tikkurila Oyj HEL : TIK1V announced today the launch of Tikkurila ProHouse method for protection of wooden surfaces via treatment with Ultra Pro waterborne products .,neutral,phrasebank,controlled_gold_split,neutral,0.67915577,0.66386425,False,0.0077092485,0.67915577,0.313135
phrasebank_sentences_allagree_1362,Sunrise Resources operates in Russian near-shore development markets through its wholly-owned Russian subsidiary and has 80 % of its personnel in Russia .,neutral,phrasebank,controlled_gold_split,neutral,0.93238395,0.27773908,False,0.01117371,0.93238395,0.05644235
phrasebank_sentences_75agree_2886,Finnish Bank of +àland +àlandsbanken has issued a profit warning .,negative,phrasebank,controlled_gold_split,negative,0.96989655,0.15242389,False,0.96989655,0.02220811,0.007895376
phrasebank_sentences_allagree_1574,- Cash flow from operating activities before investments was EUR 7.6 million EUR 2.5 million .,neutral,phrasebank,controlled_gold_split,neutral,0.9258105,0.31084758,False,0.050453067,0.9258105,0.023736475
phrasebank_sentences_75agree_2965,"Finnish Konecranes is again trying to acquire Italian Fantuzzi , a manufacturer of gantry cranes and reach stackers .",neutral,phrasebank,controlled_gold_split,neutral,0.63987833,0.7070726,False,0.012288545,0.63987833,0.3478331
phrasebank_sentences_75agree_789,Raffles Equities Ltd became a substantial holder in Archer Exploration Ltd on January 12 with 11.7 million shares ( 18.2 pc ) .,neutral,phrasebank,controlled_gold_split,neutral,0.94013655,0.25860837,False,0.013550075,0.94013655,0.046313427
phrasebank_sentences_allagree_1982,The share subscription period will expire on 30 September 2007 .,neutral,phrasebank,controlled_gold_split,neutral,0.9452804,0.24697888,False,0.03653021,0.9452804,0.018189427
phrasebank_sentences_66agree_64,"As a result of the share issue , the number of the company 's shares increases by 391,630 shares and the share capital by a total of EUR 15,665.20 .",neutral,phrasebank,controlled_gold_split,positive,0.77936053,0.57531166,False,0.012347984,0.20829144,0.77936053
phrasebank_sentences_allagree_2114,"Finnish electronics contract manufacturer Scanfil reports net sales of EUR 241.2 mn in 2006 , down from EUR 321.6 mn in 2005 .",negative,phrasebank,controlled_gold_split,negative,0.97602355,0.12916906,False,0.97602355,0.014626481,0.009349973
phrasebank_sentences_allagree_197,The company expects its net sales in 2008 to increase 5-10 % from 2007 .,positive,phrasebank,controlled_gold_split,positive,0.9542988,0.21675158,False,0.019206338,0.02649484,0.9542988
phrasebank_sentences_allagree_1605,BM4 middle layer headbox will be equipped with a dilution control system .,neutral,phrasebank,controlled_gold_split,neutral,0.8297092,0.48852247,False,0.007967414,0.8297092,0.16232337
phrasebank_sentences_66agree_1473,"Also , it is bringing in `` the right kind of people '' to upgrade its human resources .",positive,phrasebank,controlled_gold_split,positive,0.90339375,0.3442737,False,0.0076391953,0.08896704,0.90339375
phrasebank_sentences_75agree_1338,Acquisitions have been made and businesses have been well integrated .,positive,phrasebank,controlled_gold_split,positive,0.7505321,0.5983227,False,0.00834961,0.24111825,0.7505321
phrasebank_sentences_allagree_1872,"According to CEO Matti Perkonoja of the parent company HKScan , the company 's performance in the first quarter of 2010 has remained clearly below the level of the corresponding period in 2009 .",negative,phrasebank,controlled_gold_split,negative,0.9723556,0.14510313,False,0.9723556,0.016480107,0.011164225
phrasebank_sentences_allagree_903,"Raute , headquartered in Nastola , Finland , is a technology company serving the wood products industry worldwide .",neutral,phrasebank,controlled_gold_split,neutral,0.9127197,0.32994682,False,0.011358573,0.9127197,0.0759217
phrasebank_sentences_75agree_1604,He is a member of the Board of numerous com-panies and a shareholder of the Boardman Ltd board specialist net-work .,neutral,phrasebank,controlled_gold_split,neutral,0.9448387,0.2485756,False,0.018421756,0.9448387,0.036739547
phrasebank_sentences_75agree_857,It is planned to set up the A class business center in the two top storeys of the complex .,neutral,phrasebank,controlled_gold_split,neutral,0.8726762,0.41208,False,0.0083474405,0.8726762,0.118976295
phrasebank_sentences_75agree_2399,"UPM is talking to Myllykoski+ó s creditor banks -- Nordea ( STO : NDA ) , Nordic Investment Bank and Danske Bank+ó s ( CPH : DANSKE ) Sampo Bank -- over a deal , the paper said .",neutral,phrasebank,controlled_gold_split,neutral,0.6841463,0.6744919,False,0.011930078,0.6841463,0.30392367
phrasebank_sentences_75agree_1882,"As a condition to the deal , Savcor Alfa has to have bought Photonium and Akseli Lahtinen Inc. 's business operations prior to the deal .",neutral,phrasebank,controlled_gold_split,neutral,0.93714094,0.277189,False,0.037409186,0.93714094,0.02544992
phrasebank_sentences_allagree_369,"Profit before taxes was EUR 5.4 mn , up from EUR 3.6 mn a year earlier .",positive,phrasebank,controlled_gold_split,positive,0.95690256,0.20748982,False,0.022575218,0.020522166,0.95690256
phrasebank_sentences_75agree_924,"The cooperation will involve Arena Partners buying a 35 % share of the new joint venture company , operating in Alma Media 's home sales , vehicle and consumer advertising marketplace businesses .",neutral,phrasebank,controlled_gold_split,neutral,0.8074791,0.5188105,False,0.006661337,0.8074791,0.1858596
phrasebank_sentences_allagree_1377,"The approximately 20,000 dwt vessel has been ordered from India .",neutral,phrasebank,controlled_gold_split,neutral,0.84013855,0.47339326,False,0.008759192,0.84013855,0.15110226
phrasebank_sentences_75agree_659,"`` Last year , Finnair recorded a 32.6-percent growth on the Asian sector , carrying more than 1.10 million passengers between the two continents . ''",positive,phrasebank,controlled_gold_split,positive,0.90517676,0.34872267,False,0.011566533,0.083256766,0.90517676
phrasebank_sentences_allagree_1009,"PCS Digital Guatemala has been using Tecnomen 's prepaid system in Telgua fixed networks as well as code division multiple access , or CDMA , and global system for mobile communication , or GSM , since 2003 .",neutral,phrasebank,controlled_gold_split,neutral,0.910137,0.33186972,False,0.009185884,0.910137,0.080677085
phrasebank_sentences_allagree_1626,Elcoteq expects its net sales for the last quarter of 2010 to be on the level of the third quarter .,neutral,phrasebank,controlled_gold_split,positive,0.77241534,0.59567374,False,0.016557649,0.21102703,0.77241534
phrasebank_sentences_allagree_1853,"Under the transaction agreement , Metsaliitto will purchase 24.7 % of Metsa-Botnia 's shares from UPM and 3 % from M-real .",neutral,phrasebank,controlled_gold_split,neutral,0.8983077,0.3616969,False,0.010102376,0.8983077,0.09158998
phrasebank_sentences_allagree_1279,"Jeder Beta-Tester erh+ñlt kostenlos sechs Monate lang Updates und hat laut eigener Aussage die M+Âglichkeit , die finale Version zu beeinflussen .",neutral,phrasebank,controlled_gold_split,neutral,0.8532318,0.47553217,False,0.020019965,0.8532318,0.12674828
phrasebank_sentences_66agree_4156,`` Low energy consumption and flexible loading are just a few of the advantages of the CHF Pro . '',neutral,phrasebank,controlled_gold_split,neutral,0.68958217,0.66188574,False,0.0094927745,0.68958217,0.30092502
phrasebank_sentences_50agree_517,"The decision to sell a share in Lenenergo was reached in line with Fortum 's strategic plans to invest mainly in generating assets in Russia , while Lenenergo is a grid company , the press release said .",positive,phrasebank,controlled_gold_split,neutral,0.7612665,0.5866443,False,0.00860079,0.7612665,0.23013271
phrasebank_sentences_allagree_1582,"`` Over the years , the color orange has become synonymous with quality .",neutral,phrasebank,controlled_gold_split,neutral,0.828125,0.50918585,False,0.014759263,0.828125,0.1571157
phrasebank_sentences_allagree_2020,"During the strike , Finnair estimates to incur a net loss of between EUR2m and EUR2 .5 m per day .",negative,phrasebank,controlled_gold_split,negative,0.96454585,0.17778125,False,0.96454585,0.018171716,0.01728234
phrasebank_sentences_50agree_1515,Delivery will start immediately in June 2008 and will be completed in 2008 .,neutral,phrasebank,controlled_gold_split,neutral,0.9116453,0.3315487,False,0.010811827,0.9116453,0.07754285
phrasebank_sentences_75agree_3251,"The podcast , sees Harple provide the low-down on GyPSii 's platform , which takes someone 's location and demographic information to produce a contextual index of the world around them .",neutral,phrasebank,controlled_gold_split,neutral,0.93284065,0.2845305,False,0.01728667,0.93284065,0.049872704
phrasebank_sentences_allagree_557,"Following the registration , the number of issued and outstanding shares of Basware is 12,890,829 .",neutral,phrasebank,controlled_gold_split,neutral,0.95286804,0.22213247,False,0.020074073,0.95286804,0.027057944
phrasebank_sentences_allagree_1613,Combined net sales in 2006 were $ 27 million and EBITDA was $ 13.7 million .,neutral,phrasebank,controlled_gold_split,neutral,0.9449232,0.25074303,False,0.023368897,0.9449232,0.031707857
phrasebank_sentences_75agree_1121,To raise consumer awareness and encourage people to recycle their old mobile devices Nokia runs regular recycling campaigns around the world .,neutral,phrasebank,controlled_gold_split,neutral,0.8457698,0.47434318,False,0.012905634,0.8457698,0.1413246
phrasebank_sentences_allagree_447,The company also said that in Poland a profitability program has been launched at the Oborniki steel frame and sandwich panel plant .,positive,phrasebank,controlled_gold_split,positive,0.8933433,0.36494023,False,0.0068655033,0.09979123,0.8933433
phrasebank_sentences_allagree_1289,( A spokesperson told WWD to expect a 50-50 mix of clothing and home decor . ),neutral,phrasebank,controlled_gold_split,neutral,0.91103154,0.3347094,False,0.011665257,0.91103154,0.07730325
phrasebank_sentences_75agree_1407,Profit of the accounting period was EUR 0.3 mn .,neutral,phrasebank,controlled_gold_split,neutral,0.8637463,0.4758029,False,0.10119103,0.8637463,0.035062734
phrasebank_sentences_50agree_1958,"`` We will continue to make it easier for users to explore services on their handsets and will work towards bringing Internet to a wider range of devices including mid and low-end devices , '' said Kallasvuo .",neutral,phrasebank,controlled_gold_split,positive,0.8198591,0.4994465,False,0.00645912,0.17368177,0.8198591
phrasebank_sentences_66agree_889,"According to Pietinalho , doctors should motivate their patients who smoke every time they visit their doctors .",neutral,phrasebank,controlled_gold_split,neutral,0.62492496,0.7171187,False,0.012711464,0.62492496,0.3623635
phrasebank_sentences_50agree_4139,The Symbian Foundation plans to revise its procedures for testing and signing software after digitally signing a trojan for its Symbian mobile phone operating system by mistake .,neutral,phrasebank,controlled_gold_split,neutral,0.76209277,0.6565537,False,0.1978154,0.76209277,0.04009187
phrasebank_sentences_75agree_2865,Net loss in the same period in 2009 was euro18 .6 million .,neutral,phrasebank,controlled_gold_split,neutral,0.72445124,0.67481595,False,0.24954614,0.72445124,0.02600256
phrasebank_sentences_allagree_1831,"The unit 's clients are mainly in the field of specialist convenience goods , as well as in the textile , shoe and furniture businesses .",neutral,phrasebank,controlled_gold_split,neutral,0.9422908,0.25542727,False,0.016803203,0.9422908,0.040906027
phrasebank_sentences_66agree_489,"The tower it chose to add , due to go into operation in the summer , will increase total capacity to 80 broadsheet or 160 tabloid pages , with the ability to run 32 - and 48-page products side by side .",positive,phrasebank,controlled_gold_split,positive,0.89483136,0.36448693,False,0.007958653,0.0972101,0.89483136
phrasebank_sentences_50agree_1078,TeliaSonera is the leading telecommunications company in the Nordic and Baltic regions .,positive,phrasebank,controlled_gold_split,positive,0.7514466,0.59054494,False,0.0064186784,0.24213466,0.7514466
phrasebank_sentences_75agree_3262,"The OMX Nordic 40 OMXN40 index , comprising the 40 most traded Nordic stocks on the Nasdaq OMX exchange , closed down 0.87 % at 1,064.14 points on Thursday .",negative,phrasebank,controlled_gold_split,negative,0.97366107,0.13648075,False,0.97366107,0.019850422,0.0064885416
phrasebank_sentences_allagree_1146,A total 30 % of the order value was booked in the fourth quarter of 2009 and the remainder will be booked in the second quarter of 2010 .,neutral,phrasebank,controlled_gold_split,neutral,0.94713694,0.24347687,False,0.027254049,0.94713694,0.025609013
phrasebank_sentences_allagree_365,The plan is estimated to generate some EUR 5 million ( USD 6.5 m ) in cost savings on an annual basis .,positive,phrasebank,controlled_gold_split,positive,0.9431911,0.24801975,False,0.012491278,0.044317566,0.9431911
phrasebank_sentences_50agree_4209,"Jul. 18 -- Police are looking for a man who they say terrorized three males at gunpoint on East Maple Avenue this afternoon , shooting one of them and kidnapping another .",negative,phrasebank,controlled_gold_split,negative,0.87982273,0.41600928,False,0.87982273,0.10331738,0.016859956
phrasebank_sentences_allagree_1049,"The company operates its business through two reportable segments , including Banking and Investment Services , and Non-Life Insurance .",neutral,phrasebank,controlled_gold_split,neutral,0.9462258,0.24058948,False,0.014264499,0.9462258,0.039509624
phrasebank_sentences_66agree_1978,A. Le Coq had a market share of 41.3 percent and rival beverage group Saku 32.1 percent .,neutral,phrasebank,controlled_gold_split,neutral,0.9294153,0.29308468,False,0.016128352,0.9294153,0.054456305
phrasebank_sentences_allagree_846,"Systeemitiimi 's sales and project resources will also be strengthened , director Paul Skogberg said .",positive,phrasebank,controlled_gold_split,positive,0.957461,0.20387864,False,0.015584664,0.026954323,0.957461
phrasebank_sentences_75agree_3179,The company said it estimates to make a slight profit thanks to cost-cutting measures .,positive,phrasebank,controlled_gold_split,positive,0.95224357,0.2246798,False,0.021304643,0.026451802,0.95224357
phrasebank_sentences_50agree_2045,The Finnish company claims to have over a quarter of a million contented Tulikivi fireplace business and homeowners worldwide .,neutral,phrasebank,controlled_gold_split,neutral,0.8933749,0.37141544,False,0.009491388,0.8933749,0.09713371
phrasebank_sentences_50agree_1176,"Anttila 's online department store - NetAnttila - has an established position as the best-known , most visited and most shopped online store in Finland  .",neutral,phrasebank,controlled_gold_split,positive,0.86176604,0.43080842,False,0.0074705305,0.13076347,0.86176604
phrasebank_sentences_66agree_747,"HELSINKI ( AFX ) - Metso said it will upgrade one of UPM-Kymmene 's four paper machines at the latter 's mill in Jaemsaenkoski with a new coating color supply system , machine and process controls and quality measurements .",positive,phrasebank,controlled_gold_split,positive,0.8628939,0.4272341,False,0.0069715125,0.13013466,0.8628939
phrasebank_sentences_allagree_47,"Finnish financial group Aktia reports operating profit of EUR 44.4 mn in January-September 2009 , up from EUR 37.3 mn in the corresponding period in 2008 .",positive,phrasebank,controlled_gold_split,positive,0.95269555,0.22281215,False,0.027006995,0.020297494,0.95269555
phrasebank_sentences_75agree_1438,The Group 's revenue in 2009 amounted to EUR 70 million and the company currently employs approximately 780 people .,neutral,phrasebank,controlled_gold_split,neutral,0.93905956,0.26985788,False,0.022842314,0.93905956,0.038098052
phrasebank_sentences_allagree_1031,Suomen Paikallissanomat Oy is part of Alma Media Group and it currently publishes 15 local newspapers across Finland .,neutral,phrasebank,controlled_gold_split,neutral,0.9439313,0.25247127,False,0.019885764,0.9439313,0.036182906
phrasebank_sentences_66agree_1790,"Kai Tulonen , Chief Technology Officer , SysOpen Digia says : `` Mobility Business Suite represents a significant milestone in the company 's offering to the telecommunications industry .",positive,phrasebank,controlled_gold_split,positive,0.93100494,0.27868143,False,0.009500045,0.05949496,0.93100494
phrasebank_sentences_66agree_1377,"The most loyal customers were found in the Bank of +àland , with an index of 8.0 .",positive,phrasebank,controlled_gold_split,positive,0.7376687,0.6223244,False,0.011381935,0.2509494,0.7376687
phrasebank_sentences_66agree_637,"Okmetic 's products are based on high-tech expertise that generates added value for customers , innovative product development and an extremely efficient production process .",positive,phrasebank,controlled_gold_split,positive,0.7267979,0.6186403,False,0.0069075,0.26629466,0.7267979
phrasebank_sentences_allagree_608,The company specialises in temporary electrification and heating at construction sites .,neutral,phrasebank,controlled_gold_split,neutral,0.9354108,0.27329424,False,0.014091016,0.9354108,0.050498165
phrasebank_sentences_allagree_877,"Profit after taxes was EUR 0.1 mn , compared to EUR -0.4 mn the previous year .",positive,phrasebank,controlled_gold_split,positive,0.49668816,0.7849892,True,0.48082775,0.022484126,0.49668816
phrasebank_sentences_75agree_591,"According to Ringman , Finnish paper companies have acquired know-how and capacity in paper recycling , which has turned out to be a successful strategy .",positive,phrasebank,controlled_gold_split,positive,0.9307769,0.2804058,False,0.010109188,0.059113864,0.9307769
phrasebank_sentences_66agree_3298,The company plans to increase the unit 's specialist staff to several dozen -- depending on the market situation during 2010 .,neutral,phrasebank,controlled_gold_split,positive,0.81669813,0.51159835,False,0.008776351,0.17452554,0.81669813
phrasebank_sentences_75agree_1129,"VDW combined with LXE devices enhances productivity , enabling workers to use a single device to perform voice , scanning and keyboard functions .",positive,phrasebank,controlled_gold_split,positive,0.8273623,0.49864024,False,0.0101457825,0.16249192,0.8273623
phrasebank_sentences_75agree_387,The revenues of the business reached NOK 12 million for 2008 .,neutral,phrasebank,controlled_gold_split,neutral,0.5899088,0.73592734,True,0.013404102,0.5899088,0.39668715
phrasebank_sentences_allagree_161,Operating profit rose to EUR 103.4 mn from EUR 23.2 in the corresponding period in 2006 .,positive,phrasebank,controlled_gold_split,positive,0.9514315,0.22762631,False,0.027056422,0.021512024,0.9514315
phrasebank_sentences_66agree_3889,At the same time I am delighted by the fact that we were able to accomplish the organization with our own team members .,positive,phrasebank,controlled_gold_split,positive,0.88743275,0.38442516,False,0.009500863,0.10306637,0.88743275
phrasebank_sentences_75agree_398,"Significance : Teleste has emphasised that with its large size and growing economy , as well as the rapid development of its TV services distribution industry , Poland is viewed as an attractive market .",positive,phrasebank,controlled_gold_split,positive,0.92683524,0.28912073,False,0.009045737,0.06411906,0.92683524
phrasebank_sentences_75agree_836,"Entire paper mills may be set up , especially in the new EU member states .",neutral,phrasebank,controlled_gold_split,neutral,0.86703306,0.42623907,False,0.009511712,0.86703306,0.123455286
phrasebank_sentences_allagree_1949,"Huhtamaki 's rigid plastic consumer goods operations , which are mainly in Europe , will be separated into a new reporting segment as of 1 January 2009 .",neutral,phrasebank,controlled_gold_split,neutral,0.95081174,0.22916308,False,0.019531291,0.95081174,0.029656941
phrasebank_sentences_66agree_1509,Metso said it has won an order worth around 40 mln eur to supply a kraftliner board machine to China 's Lee & Man Paper Co. .,positive,phrasebank,controlled_gold_split,positive,0.942031,0.253888,False,0.01444486,0.04352415,0.942031
phrasebank_sentences_allagree_2119,"Finnish plumbing and heating systems supplier Uponor 's net sales from continuing operations decreased by 9.4 % in 2008 to EUR 949.2 mn from EUR 1,047.4 mn in 2007 .",negative,phrasebank,controlled_gold_split,negative,0.97553444,0.13045382,False,0.97553444,0.01639869,0.00806689
phrasebank_sentences_allagree_402,Major Order in India Comptel Corporation has received a significant long-term order for mediation and provisioning solutions being used by a leading operator in India .,positive,phrasebank,controlled_gold_split,positive,0.9506737,0.22886755,False,0.017951611,0.031374693,0.9506737
phrasebank_sentences_allagree_2115,"Finnish electronics contract manufacturer Scanfil reports net sales of EUR 58.9 mn in the second quarter of 2007 , down from EUR 62.4 mn a year earlier .",negative,phrasebank,controlled_gold_split,negative,0.97581375,0.13043031,False,0.97581375,0.013816105,0.010370172
phrasebank_sentences_allagree_82,Finnish forest machinery manufacturer Ponsse 's net sales grew to EUR 51.3 mn in the first quarter of 2010 from EUR 37.5 mn in the corresponding period in 2009 .,positive,phrasebank,controlled_gold_split,positive,0.94780886,0.2409899,False,0.027737917,0.024453266,0.94780886
phrasebank_sentences_allagree_669,The fine print is here .,neutral,phrasebank,controlled_gold_split,neutral,0.90374935,0.36516535,False,0.01942075,0.90374935,0.07682983
phrasebank_sentences_75agree_754,"Our solutions are fully Arabized , and our message is that we want to become the IT partner of choice for businesses in the Near-East region .",neutral,phrasebank,controlled_gold_split,positive,0.8461664,0.45672166,False,0.006658556,0.14717507,0.8461664
phrasebank_sentences_75agree_1319,The insurer anticipates its share in Nordea 's net profit to be significant .,positive,phrasebank,controlled_gold_split,positive,0.9472608,0.24126217,False,0.019525409,0.033213805,0.9472608
phrasebank_sentences_allagree_77,- Operating profit rose by 26.9 % to EUR 105.8 ( 83.4 ) million .,positive,phrasebank,controlled_gold_split,positive,0.95953214,0.19746889,False,0.01979901,0.020668799,0.95953214
phrasebank_sentences_allagree_1117,"Tieto in Latvia is represented by IT services companies TietoEnator Alise and TietoEnator , which has operations in the industries of Financial Services Cards , Retail and Logistics and IT Outsourcing and Managed Services .",neutral,phrasebank,controlled_gold_split,neutral,0.9494273,0.23470074,False,0.021558106,0.9494273,0.029014608
phrasebank_sentences_66agree_1097,"Neste Oil extended yesterday 's gains and put on 0.49 pct to 22.72 eur , while utility Fortum shed 1.14 pct to 20.76 eur .",neutral,phrasebank,controlled_gold_split,positive,0.7381785,0.70596385,False,0.20946133,0.052360132,0.7381785
phrasebank_sentences_75agree_846,Gunneflo will be responsible of Oriola-KD 's Pharmaceutical Trade business in Sweden .,neutral,phrasebank,controlled_gold_split,neutral,0.9479165,0.23472714,False,0.013808489,0.9479165,0.03827499
phrasebank_sentences_allagree_818,Finnish elevators and escalators maker KONE Corporation said on Tuesday ( 18 March ) that it has received a major order from Sir Robert McAlpine to supply all elevators and escalators for the Watermark Place project in the City of London .,positive,phrasebank,controlled_gold_split,positive,0.94172704,0.25939736,False,0.019594846,0.03867806,0.94172704
phrasebank_sentences_allagree_955,Earnings per share EPS amounted to EUR0 .01 .,neutral,phrasebank,controlled_gold_split,neutral,0.9109905,0.3509958,False,0.022903137,0.9109905,0.06610643
phrasebank_sentences_allagree_1808,The per-share subscription price of the shares subscribed with the option rights was EUR 1.35 .,neutral,phrasebank,controlled_gold_split,neutral,0.9520108,0.22506407,False,0.028228594,0.9520108,0.019760635
phrasebank_sentences_allagree_1777,"The executive said that countries such as Brazil , Chile , Argentina and Mexico will lead the adoption in the business Ethernet services segment , while Brazil and Mexico will be the early adopters of carrier Ethernet for mobile backhaul .",neutral,phrasebank,controlled_gold_split,neutral,0.7620694,0.5835894,False,0.007970919,0.7620694,0.22995967
phrasebank_sentences_75agree_3137,The recent troubles simply make NETeller cheaper .,negative,phrasebank,controlled_gold_split,negative,0.5421641,0.8223071,True,0.5421641,0.41909876,0.03873717
phrasebank_sentences_66agree_1338,Ruukki is restructuring commercial and industrial construction operations in pursuit of permanent improvements whilst adjusting operations to market conditions .,neutral,phrasebank,controlled_gold_split,neutral,0.70499307,0.67830825,False,0.019469747,0.70499307,0.27553722
phrasebank_sentences_50agree_869,"Nokia will provide Indosat turnkey services , including civil works , network planning , implementation and integration of a WCDMA 3G-HSPA network .",neutral,phrasebank,controlled_gold_split,neutral,0.7869692,0.54731745,False,0.0065841014,0.7869692,0.20644675
phrasebank_sentences_allagree_1722,The agreement includes the entire process of managing Mercator 's supply chain in all regions where the company is currently present .,neutral,phrasebank,controlled_gold_split,neutral,0.8736719,0.41093105,False,0.008666935,0.8736719,0.11766121
phrasebank_sentences_allagree_1447,"The huge bridge girders will be delivered to the site from our plant in Ylivieska , Finland .",neutral,phrasebank,controlled_gold_split,neutral,0.8418102,0.47144228,False,0.00908859,0.8418102,0.14910115
phrasebank_sentences_allagree_2148,"( ADP News ) - Feb 4 , 2009 - Finnish broadband data communication systems and solutions company Teleste Oyj ( HEL : TLT1V ) said today its net profit decreased to EUR 5.5 million ( USD 7.2 m ) for 2008 from EUR 9.4 million for 200",negative,phrasebank,controlled_gold_split,negative,0.9752647,0.13126516,False,0.9752647,0.017047307,0.007687965
phrasebank_sentences_50agree_2812,"As a result of the negotiations , the company will terminate total 5 employment contracts .",negative,phrasebank,controlled_gold_split,negative,0.9681299,0.1578055,False,0.9681299,0.02499235,0.006877696
phrasebank_sentences_75agree_2368,The volumes are expected to increase during the next few years .,positive,phrasebank,controlled_gold_split,positive,0.94342893,0.24701518,False,0.012273627,0.0442975,0.94342893
phrasebank_sentences_66agree_1475,"By acquiring RCP , we can combine our strong knowhow with the expertise of a solid local company .",positive,phrasebank,controlled_gold_split,positive,0.8912841,0.3699615,False,0.0070635728,0.10165239,0.8912841
phrasebank_sentences_allagree_1845,"These new units will be built at Cargotec 's state of the art manufacturing facility in San Antonio , Texas , USA , which started operations in 2009 .",neutral,phrasebank,controlled_gold_split,neutral,0.65026325,0.68355614,False,0.007509572,0.65026325,0.34222716
phrasebank_sentences_allagree_277,"Biohit Oyj develops , manufactures and markets liquid handling products and diagnostic test systems for use in research , healthcare and industrial laboratories .",neutral,phrasebank,controlled_gold_split,neutral,0.9221022,0.3067056,False,0.0117845,0.9221022,0.06611332
phrasebank_sentences_50agree_2018,"In addition to the Indian market , the new plant will serve Salcomp 's customers globally , the company said .",positive,phrasebank,controlled_gold_split,positive,0.7732888,0.56242263,False,0.005845086,0.22086614,0.7732888
phrasebank_sentences_75agree_1292,"In 2006 the company 's net sales amounted to approximately EUR259m and it has some 8,000 employees .",neutral,phrasebank,controlled_gold_split,neutral,0.9434127,0.25301817,False,0.01820549,0.9434127,0.0383818
phrasebank_sentences_allagree_1314,Number of offers received for this contract is two .,neutral,phrasebank,controlled_gold_split,neutral,0.8761191,0.45589063,False,0.045231104,0.8761191,0.078649856
phrasebank_sentences_75agree_575,"`` We continued actively to focus R&D and to position our offering away from point solutions towards dynamic end-to-end solutions , '' Ervio stated .",positive,phrasebank,controlled_gold_split,positive,0.9236117,0.304299,False,0.0127456095,0.063642696,0.9236117
phrasebank_sentences_50agree_2797,"Also the city 's insurance company , If P & C Insurance , has said it will not pay compensation .",negative,phrasebank,controlled_gold_split,negative,0.761705,0.62495863,False,0.761705,0.21519428,0.02310077
phrasebank_sentences_allagree_1118,"Together with Latvia , Cramo will operate 54 rental outlets in the Baltic States .",neutral,phrasebank,controlled_gold_split,neutral,0.8649295,0.4265603,False,0.008100819,0.8649295,0.1269697
phrasebank_sentences_allagree_2179,The Group 's order portfolio decreased from EUR 42.9 mn in 9-2007 to EUR 33.3 mn in 2-2008 .,negative,phrasebank,controlled_gold_split,negative,0.9756363,0.12921742,False,0.9756363,0.017320933,0.0070427223
phrasebank_sentences_75agree_917,"The company has delivered the technical infrastructure , used by NAV for their data warehouse and business intelligence initiatives .",neutral,phrasebank,controlled_gold_split,neutral,0.6020795,0.7054336,False,0.0065204017,0.6020795,0.3914
phrasebank_sentences_allagree_1729,"The business is organised , as of February 1 , 2011 , in a way that production of design services is combined into one entity , Etteplan Operations .",neutral,phrasebank,controlled_gold_split,neutral,0.95262444,0.22081313,False,0.01571153,0.95262444,0.031663984
phrasebank_sentences_allagree_1887,"Operating loss totalled EUR 5.2 mn , compared to a loss of EUR 3.4 mn in the corresponding period in 2008-2009 .",negative,phrasebank,controlled_gold_split,negative,0.9755333,0.13171563,False,0.9755333,0.010707702,0.013759054
phrasebank_sentences_50agree_1822,"With Aldata , we can help retailers ensure that their merchandising and selections reflect customer demand and their evolving shopping behavior . ''",neutral,phrasebank,controlled_gold_split,positive,0.62934494,0.69842297,False,0.008136615,0.36251843,0.62934494
phrasebank_sentences_50agree_800,16 February 2011 - Finnish industrial machinery company Metso Oyj ( HEL : MEO1V ) said today it will deliver minerals processing equipment and basic engineering to Canadian miner Northland Resources ( OSL : NAUR ) ( TSE : NAU ) .,positive,phrasebank,controlled_gold_split,positive,0.71192247,0.64016885,False,0.008911485,0.27916607,0.71192247
phrasebank_sentences_allagree_650,Aspo has also investigated the sales opportunities of Kaukomarkkinat 's electronics business .,neutral,phrasebank,controlled_gold_split,neutral,0.8918255,0.40165043,False,0.025410002,0.8918255,0.08276447
phrasebank_sentences_allagree_1264,"Indigo and Somoncom serve 377,000 subscribers and had a market share of approximately 27 % as of May 2007 .",neutral,phrasebank,controlled_gold_split,neutral,0.9110929,0.33162755,False,0.010175235,0.9110929,0.07873186
phrasebank_sentences_66agree_1753,"Finnish forest machinery and equipment maker Ponsse Oyj said on October 5 , 2007 it will deliver a total of 67 cut-to-length method forest machines and 44 harvester heads to Brazilian paper maker Bahia Pulp and to unnamed Uruguayan wood harvesting contractors .",positive,phrasebank,controlled_gold_split,neutral,0.5319049,0.73726976,True,0.009430878,0.5319049,0.45866427
phrasebank_sentences_allagree_466,Operating profit improved to EUR 20.3 mn from EUR 11.4 mn .,positive,phrasebank,controlled_gold_split,positive,0.954087,0.21777125,False,0.02580377,0.020109264,0.954087
phrasebank_sentences_50agree_1865,The company 's main shareholders Lihakunta and Itikka Osuuskunta have both made a commitment to acquire shares worth EUR 20mn .,neutral,phrasebank,controlled_gold_split,positive,0.7866858,0.5536444,False,0.008377226,0.20493694,0.7866858
phrasebank_sentences_allagree_245,"Revenue from July to September grew 21 percent to EURO 2.3 billion , the Finnish company said Thursday .",positive,phrasebank,controlled_gold_split,positive,0.95181465,0.22299024,False,0.014964646,0.03322066,0.95181465
phrasebank_sentences_allagree_248,Sales in Finland rose by 3.9 % and international growth was 0.7 % .,positive,phrasebank,controlled_gold_split,positive,0.9584311,0.2005661,False,0.01592763,0.025641154,0.9584311
phrasebank_sentences_75agree_2177,The company does not at present hold any of its own shares .,neutral,phrasebank,controlled_gold_split,neutral,0.9434281,0.25133073,False,0.040346503,0.9434281,0.01622538
phrasebank_sentences_allagree_1621,"Currently it operates a fleet of eight carriers , as well as nine pushers and barges .",neutral,phrasebank,controlled_gold_split,neutral,0.92781496,0.2915479,False,0.011888297,0.92781496,0.06029669
phrasebank_sentences_allagree_1023,Solteq Plc ANNOUNCEMENT 16.12.2010 SHARE REPURCHASE 16.12.2010 In the Helsinki Stock Exchange Solteq Plc now holds a total of 486.969 shares including the shares repurchased on 16.12.2010 .,neutral,phrasebank,controlled_gold_split,neutral,0.95287097,0.2226407,False,0.023474883,0.95287097,0.023654217
phrasebank_sentences_75agree_2302,"The Process Products orders are for the installation of separation-filtration equipment at three natural gas pipeline projects in China , South America , and Saudi Arabia .",neutral,phrasebank,controlled_gold_split,neutral,0.8683774,0.42982784,False,0.012083731,0.8683774,0.11953891
phrasebank_sentences_50agree_1137,A new production line is being completed for the contract production of hormone treatments .,positive,phrasebank,controlled_gold_split,positive,0.686783,0.6642871,False,0.009521343,0.30369565,0.686783
phrasebank_sentences_50agree_704,"Asimilar agreement was signed between China Mobile Ltd. ( SEHK : 0941 and NYSE : CHL ) , the largest mobile carrier , and theGPS and social networking service provider , promoting GyPSii service before Beijing 2008 Olympic Games , according to thelatest news .",positive,phrasebank,controlled_gold_split,positive,0.91619676,0.31813943,False,0.009771931,0.07403129,0.91619676
phrasebank_sentences_50agree_822,"An estimated 30 pct of mobile calls are made from the home , and France Telecom hopes that 15 pct of its Orange clients will sign up for the service by the end of 2008 .",neutral,phrasebank,controlled_gold_split,neutral,0.5278415,0.7342149,True,0.008512299,0.5278415,0.46364623
phrasebank_sentences_50agree_1816,"The CL51 is designed to measure cloud base height and vertical visibility in all weather conditions , which makes it an ideal instrument for meteorological applications that rely on reliable cloud height detection .",positive,phrasebank,controlled_gold_split,neutral,0.75696725,0.59078836,False,0.008315712,0.75696725,0.23471706
phrasebank_sentences_50agree_1245,"Iggesunds Bruk in Sweden is one of the most advanced , fully integrated pulp and paperboard mills in the world .",positive,phrasebank,controlled_gold_split,positive,0.6642877,0.6728468,False,0.007176585,0.32853565,0.6642877
phrasebank_sentences_66agree_734,DMASIA-16 August 2006-Benefon extends manufacturing capability with ASMobile -® 2006 Digitalmediaasia.com & DMA Ltd. .,positive,phrasebank,controlled_gold_split,positive,0.9381735,0.26211342,False,0.011807952,0.0500185,0.9381735
phrasebank_sentences_50agree_1113,"This implementation will upgrade the existing system , enabling voicemail and video mail to be housed on the same platform .",neutral,phrasebank,controlled_gold_split,positive,0.61600953,0.7064967,False,0.008425627,0.3755649,0.61600953
phrasebank_sentences_66agree_3721,They are also upset that some of the machinery and work is taken over to Poland .,negative,phrasebank,controlled_gold_split,negative,0.95905864,0.19044298,False,0.95905864,0.03342643,0.007514991
phrasebank_sentences_allagree_1736,"The Committee proposes the following remuneration : a monthly remuneration of EUR 5,000 for the Chairman , EUR 3,500 for the Deputy Chairman , and EUR 2,500 for the other Board members .",neutral,phrasebank,controlled_gold_split,neutral,0.9235646,0.30842078,False,0.0154294055,0.9235646,0.06100599
phrasebank_sentences_allagree_1405,The company said that the results of the third quarter do not include non-recurring items .,neutral,phrasebank,controlled_gold_split,neutral,0.9076546,0.35005736,False,0.076629415,0.9076546,0.015716013
phrasebank_sentences_allagree_2003,"The equipment is designated to Bollore Africa Logistics terminal Societe d'Exploitation du Terminal de Vridi SETV in Abidjan , Ivory Coast and the delivery is scheduled to start in March 2010 .",neutral,phrasebank,controlled_gold_split,neutral,0.9293871,0.28705835,False,0.011782135,0.9293871,0.058830798
phrasebank_sentences_allagree_1149,"According to Finnish FIM Bank , Alpro 's price would be around EUR 100mn-150mn .",neutral,phrasebank,controlled_gold_split,neutral,0.9496486,0.2334379,False,0.020146314,0.9496486,0.030205043
phrasebank_sentences_allagree_86,"At the end of March 2007 , the group 's order book was at EUR 39.6 mn , up 42 % from the corresponding period in 2006 .",positive,phrasebank,controlled_gold_split,positive,0.9569886,0.20720056,False,0.020999046,0.022012368,0.9569886
phrasebank_sentences_allagree_381,Cash Flow from Operations for the most recent quarter also reached a eight year low .,negative,phrasebank,controlled_gold_split,negative,0.97562927,0.12998515,False,0.97562927,0.016416974,0.007953739
phrasebank_sentences_allagree_1942,"Alpina Sports is a Lebanon , New Hampshire USA based distributor of e.g. Alpina ski shoes and skis , Exel ski poles , Start ski waxes and now also Peltonen cross-country skis .",neutral,phrasebank,controlled_gold_split,neutral,0.940576,0.2596359,False,0.015645714,0.940576,0.04377833
phrasebank_sentences_allagree_1183,Bluewin Security is available as a monthly subscription .,neutral,phrasebank,controlled_gold_split,neutral,0.9522049,0.2236894,False,0.018119859,0.9522049,0.029675245
phrasebank_sentences_66agree_1036,Currently more than 100 of Global Fortune 500 companies are using SSH security solutions .,neutral,phrasebank,controlled_gold_split,neutral,0.9246018,0.30085945,False,0.012261143,0.9246018,0.06313704
phrasebank_sentences_66agree_3977,"In the fourth quarter of 2009 , Atria 's net loss shrank to EUR 1.2 million from EUR 5.9 million and net sales contracted to EUR 340.4 million from EUR 361.1 million .",positive,phrasebank,controlled_gold_split,negative,0.49839726,0.77644956,True,0.49839726,0.019771006,0.48183164
phrasebank_sentences_66agree_2669,"Simultaneously with this merger plan another merger plan has been signed , according to which Suomen Projektivuokraus Oy , a subsidiary of VTM-Rakennuskonevuokraamo Oy , would be merged with VTM-Rakennuskonevuokraamo Oy .",neutral,phrasebank,controlled_gold_split,neutral,0.9354882,0.27502722,False,0.015719593,0.9354882,0.04879223
phrasebank_sentences_50agree_3987,The personnel reductions will primarily affect those working for the parent company in the diagnostics business or in production and logistics in the liquid handling business .,negative,phrasebank,controlled_gold_split,negative,0.93928313,0.25259638,False,0.93928313,0.052717682,0.0079991985
phrasebank_sentences_allagree_762,"Finnish Suominen Corporation that makes wipes , nonwovens , and flexible packaging , has a plant near Warsaw , in Poland , that makes flexible packaging .",neutral,phrasebank,controlled_gold_split,neutral,0.9397613,0.26591516,False,0.020005455,0.9397613,0.0402333
phrasebank_sentences_50agree_3790,The company decided at the end of 2008 to temporarily shut down its ammonia plant in Billingham and extend the maintenance period at its Ince facility .,negative,phrasebank,controlled_gold_split,negative,0.9354508,0.26482397,False,0.9354508,0.055850685,0.008698533
phrasebank_sentences_allagree_81,Finnish financial group Aktia 's operating profit for 2009 increased to EUR 47.0 mn from EUR 6.6 mn in 2008 .,positive,phrasebank,controlled_gold_split,positive,0.9539975,0.21829402,False,0.024945296,0.021057133,0.9539975
phrasebank_sentences_allagree_490,At CapMan Haavisto will be responsible for Group Finances and Accounting and IT .,neutral,phrasebank,controlled_gold_split,neutral,0.9542355,0.21624455,False,0.017398871,0.9542355,0.028365603
phrasebank_sentences_66agree_1626,"Swedish telco TeliaSonera is teaming up with Friends , a Swedish organization against bullying , to fight bullying of children and teenagers via electronic channels .",neutral,phrasebank,controlled_gold_split,neutral,0.6407736,0.7463991,False,0.026046863,0.6407736,0.33317956
phrasebank_sentences_allagree_1847,This wood lacquered clock comes with a stripy hand-crocheted cover .,neutral,phrasebank,controlled_gold_split,neutral,0.9272021,0.30479634,False,0.021273261,0.9272021,0.05152466
phrasebank_sentences_allagree_633,The transaction is expected to be completed next spring .,neutral,phrasebank,controlled_gold_split,neutral,0.92965776,0.2873912,False,0.012470877,0.92965776,0.057871345
phrasebank_sentences_75agree_2884,"The fair value change of investment properties was EUR 15.8 mn , compared to EUR 22.9 mn in the third quarter of 2009 .",negative,phrasebank,controlled_gold_split,negative,0.73566025,0.6519908,False,0.73566025,0.021456722,0.24288304
phrasebank_sentences_75agree_3122,"On top of that , the US Commerce Department published worse-than-expected construction spending figures for November .",negative,phrasebank,controlled_gold_split,negative,0.97331446,0.13966882,False,0.97331446,0.018256696,0.008428831
phrasebank_sentences_allagree_1627,"ENP Newswire - 22 March 2011 Release date - 21032011 - A total of 13,000 Talvivaara Mining Company Plc 's new shares were subscribed for during the period between 1 January 2011 and 28 February 2011 under the company 's stock option rights 2007A .",neutral,phrasebank,controlled_gold_split,neutral,0.9519015,0.22463274,False,0.017910227,0.9519015,0.030188313
phrasebank_sentences_allagree_495,"Conference Call To participate via a conference call , please dial in 5-10 minutes before the beginning of the event : +44 0 20 7162 0025 Europe or +1 334-á323-á6201 USA .",neutral,phrasebank,controlled_gold_split,neutral,0.9491434,0.23624519,False,0.02447525,0.9491434,0.026381366
phrasebank_sentences_75agree_1356,"Following the payment made in April , the company has a total of EUR 23.0 million in loans from financial institutions .",neutral,phrasebank,controlled_gold_split,neutral,0.863674,0.43711025,False,0.011264501,0.863674,0.1250615
phrasebank_sentences_75agree_1123,"To showcase our end-to-end capabilities at the Mobile World Congress , we arranged an internal MeeGo application development competition to entice developers to create new applications .",neutral,phrasebank,controlled_gold_split,positive,0.79838103,0.53410226,False,0.0073220534,0.19429693,0.79838103
phrasebank_sentences_75agree_1054,Pharmaceuticals - Czech Republic This brand-new market analysis gives a clear overview of the actual situation and future outlook of the pharmaceutical market in Czech Republic .,neutral,phrasebank,controlled_gold_split,neutral,0.9306344,0.28858954,False,0.015296338,0.9306344,0.05406925
phrasebank_sentences_75agree_2856,Expense ratio was 102.6 % compared to 92.9 % in the corresponding period in 2005 .,negative,phrasebank,controlled_gold_split,negative,0.879023,0.42550856,False,0.879023,0.021522278,0.09945477
phrasebank_sentences_allagree_1967,"The copying , republication or redistribution of AFX News Content , inculding by framing or similar means , is expressly prohibited without the prior written consent of AFX News .",neutral,phrasebank,controlled_gold_split,neutral,0.88448644,0.41114768,False,0.09549714,0.88448644,0.02001648
phrasebank_sentences_allagree_1342,Raisio is the site of the main production plants as well as company headquarters .,neutral,phrasebank,controlled_gold_split,neutral,0.9285982,0.29234868,False,0.013831613,0.9285982,0.057570226
phrasebank_sentences_allagree_484,"Poyry 's contract includes engineering management , civil and detail engineering services , and time scheduling and procurement services .",neutral,phrasebank,controlled_gold_split,neutral,0.94681996,0.2446321,False,0.026908929,0.94681996,0.026271123
phrasebank_sentences_75agree_1208,"Finnish newspaper publisher Sanoma , of media group SanomaWSOY , is merging its free sheets Uutislehti 100 and Metro as of mid-September 2008 to form a new free sheet to be named Metro .",neutral,phrasebank,controlled_gold_split,neutral,0.93621355,0.26810414,False,0.012001459,0.93621355,0.05178503
phrasebank_sentences_66agree_2768,"The decision means temporary lay-offs of fixed duration at the company 's Nastola and Jyvaskyla units , in southern and central Finland , respectively .",negative,phrasebank,controlled_gold_split,negative,0.9656662,0.16750354,False,0.9656662,0.026847573,0.007486217
phrasebank_sentences_allagree_1261,"Incap , headquartered in Oulu , Finland , is a electronics contract manufacturer with some 750 employees in Finland , Estonia and India .",neutral,phrasebank,controlled_gold_split,neutral,0.9350241,0.2769847,False,0.01624553,0.9350241,0.04873032
phrasebank_sentences_66agree_1328,Pharmaceuticals - Italy This brand-new market analysis gives a clear overview of the actual situation and future outlook of the pharmaceutical market in Italy .,neutral,phrasebank,controlled_gold_split,neutral,0.92249644,0.30843997,False,0.013479558,0.92249644,0.06402397
phrasebank_sentences_75agree_319,"The Finnish supplier of BSS-OSS and VAS for telecom operators , Tecnotree , has received expansion orders worth a total US$ 7.3 mn for its convergent charging and next generation messaging solutions in Latin America , the company announced without specifying which operators had placed the orders .",positive,phrasebank,controlled_gold_split,positive,0.94354135,0.2500918,False,0.015295826,0.041162886,0.94354135
phrasebank_sentences_allagree_54,Construction volumes meanwhile grow at a rate of 10-15 percent annually .,positive,phrasebank,controlled_gold_split,positive,0.8556314,0.46026862,False,0.014675273,0.12969334,0.8556314
phrasebank_sentences_75agree_1902,"Blyk is launching first in the UK market in mid-2007 , with other markets to follow .",neutral,phrasebank,controlled_gold_split,neutral,0.76952434,0.5741621,False,0.007869974,0.76952434,0.2226057
phrasebank_sentences_allagree_1820,The studies are expected to start in 2008 .,neutral,phrasebank,controlled_gold_split,neutral,0.8944138,0.37438658,False,0.011909639,0.8944138,0.0936765
phrasebank_sentences_allagree_876,Operating profit totaled EUR 17.7 mn compared to EUR 17.6 mn in the corresponding period in 2007 .,positive,phrasebank,controlled_gold_split,negative,0.635457,0.7275375,False,0.635457,0.017950358,0.34659263
phrasebank_sentences_75agree_1797,This is the company 's first contract abroad .,neutral,phrasebank,controlled_gold_split,positive,0.5589947,0.7339714,True,0.010013486,0.43099183,0.5589947
phrasebank_sentences_50agree_68,"The contract covers HDO platform , AC800 and CXE880 optical Fttb nodes designed to increase the forward and return path capacity of the transmission networks .",positive,phrasebank,controlled_gold_split,positive,0.9030375,0.34262258,False,0.0066610384,0.09030144,0.9030375
phrasebank_sentences_allagree_2154,Net sales decreased to EUR 220.5 mn from EUR 470.0 mn in the corresponding period in 2009 .,negative,phrasebank,controlled_gold_split,negative,0.9753694,0.1319702,False,0.9753694,0.015139497,0.009491184
phrasebank_sentences_75agree_713,"Amer Sports divests an industrial site in Rumilly , France -  This announcement is distributed by Thomson Reuters on behalf of Thomson Reuters clients .",neutral,phrasebank,controlled_gold_split,neutral,0.9521942,0.22511272,False,0.024707211,0.9521942,0.023098657
phrasebank_sentences_allagree_2112,Finnish Bank of +àland reports its operating profit fell to EUR 4.9 mn in the third quarter of 2007 from EUR 5.6 mn in the third quarter of 2006 .,negative,phrasebank,controlled_gold_split,negative,0.9764099,0.12643504,False,0.9764099,0.016110932,0.007479186
phrasebank_sentences_75agree_2574,M+ñkel+ñ is demanding a new Board for the company as well as discussions on the merger of Alma media and media company Talentum .,neutral,phrasebank,controlled_gold_split,neutral,0.9429248,0.2562183,False,0.020690328,0.9429248,0.03638483
phrasebank_sentences_allagree_408,"Ragutis , which is based in Lithuania 's second-largest city Kaunas , boosted its sales last year 22.3 per cent to 36.4 million liters .",positive,phrasebank,controlled_gold_split,positive,0.9560332,0.20970944,False,0.0170461,0.026920775,0.9560332
phrasebank_sentences_75agree_990,"`` As defences mature , attackers develop Trojans that are equipped with content filters to detect online banking activity for capturing account details using methods such as form grabbing , screen shots , video captures , keylogging and injection of form fields .",neutral,phrasebank,controlled_gold_split,neutral,0.91612446,0.34474003,False,0.049929395,0.91612446,0.03394612
phrasebank_sentences_allagree_249,Sales of security and system packaging increased slightly .,positive,phrasebank,controlled_gold_split,positive,0.95691806,0.20728387,False,0.019485751,0.023596248,0.95691806
phrasebank_sentences_allagree_645,"`` The industry is coming to an interesting fork in the road as both handset manufacturers and wireless carriers attempt to serve as the portal for Web-based service to your wireless handset , '' he wrote .",neutral,phrasebank,controlled_gold_split,positive,0.49704638,0.7482574,True,0.01158302,0.49137065,0.49704638
phrasebank_sentences_66agree_798,The parties have also agreed on options that allow UH to extensively implement later on also functionalities of human resources management .,positive,phrasebank,controlled_gold_split,positive,0.8567282,0.44221509,False,0.008178161,0.13509363,0.8567282
phrasebank_sentences_allagree_418,Finnish Outokumpu Technology has been awarded several new grinding technology contracts .,positive,phrasebank,controlled_gold_split,positive,0.9500421,0.22794639,False,0.013917005,0.036040872,0.9500421
phrasebank_sentences_allagree_536,"According to Seikku , the retail sector in Finland is controlled by 3-4 large actors , while food manufacturers are still relatively small .",neutral,phrasebank,controlled_gold_split,neutral,0.9117102,0.3508057,False,0.063683875,0.9117102,0.024605965
phrasebank_sentences_50agree_1961,Our purchase to pay solutions enable companies to gain visibility and control over business-critical financial processes .,neutral,phrasebank,controlled_gold_split,positive,0.75511134,0.588923,False,0.0071393773,0.23774931,0.75511134
phrasebank_sentences_allagree_905,He will report to CapMan Plc 's CEO Heikki Westerlund .,neutral,phrasebank,controlled_gold_split,neutral,0.94156975,0.26260737,False,0.033105448,0.94156975,0.025324767
phrasebank_sentences_75agree_783,"The value of the deal exceeds EUR500 ,000 , the company said .",neutral,phrasebank,controlled_gold_split,neutral,0.5471391,0.74378973,True,0.011912861,0.5471391,0.44094807
phrasebank_sentences_allagree_99,"Both operating profit and sales for the three-month period increased , respectively from EUR0 .3 m and EUR13 .1 m , as compared to the corresponding period in 2005 .",positive,phrasebank,controlled_gold_split,positive,0.9585779,0.20108776,False,0.021838395,0.019583667,0.9585779
phrasebank_sentences_75agree_1611,"In addition , the existing service counter area in the reception hall will be rebuilt and access provided to local rail connections .",neutral,phrasebank,controlled_gold_split,positive,0.8400056,0.47409904,False,0.008927472,0.15106697,0.8400056
phrasebank_sentences_allagree_491,"Cablevision Systems Corp. CVC Their Madison Square Garden division owns and operates the New York Knickerbockers basketball team ; they also own the Madison Square Garden Arena , the New York Rangers hockey team , the New York Liberty women 's basketball team , and the Hartford Wolf Pack hockey team .",neutral,phrasebank,controlled_gold_split,neutral,0.9545389,0.21643637,False,0.022508208,0.9545389,0.022952868
phrasebank_sentences_allagree_1076,The first group of customers to be trained will be paint-shop owners and their assistants .,neutral,phrasebank,controlled_gold_split,neutral,0.9242912,0.30469662,False,0.014195086,0.9242912,0.061513785
phrasebank_sentences_50agree_4435,"`` The considerably weaker U.S. dollar and British pound had an impact on sales and average prices in euros , '' UPM said .",negative,phrasebank,controlled_gold_split,negative,0.95249444,0.2238791,False,0.95249444,0.025660792,0.021844845
phrasebank_sentences_allagree_2055,"` The stable outlook reflects Nokia 's strong market position in the global mobile handset market , strong cash flow generation , and very conservative balance sheet , ' said Raab .",positive,phrasebank,controlled_gold_split,positive,0.93152106,0.2936786,False,0.023426767,0.045052093,0.93152106
phrasebank_sentences_66agree_1687,"Operating income was EUR -24.9 mn , including EUR 15.3 mn of restructuring expenses .",neutral,phrasebank,controlled_gold_split,neutral,0.6784354,0.7705583,False,0.26942784,0.6784354,0.052136797
phrasebank_sentences_66agree_935,"Pearl Plaza LLC , the joint venture of SRV and Shanghai Industrial Investment Holdings Co Ltd , has concluded the investment decision on construction of the first phase of the shopping center in Saint Petersburg , Russia .",positive,phrasebank,controlled_gold_split,positive,0.65924823,0.69581974,False,0.0127151515,0.32803664,0.65924823
phrasebank_sentences_75agree_2881,Rivals say Qualcomm has fewer patents on 3G phones than on earlier versions and should lower its rates .,negative,phrasebank,controlled_gold_split,negative,0.9296081,0.30198723,False,0.9296081,0.042330477,0.02806146
phrasebank_sentences_50agree_1859,Panostaja is a financially secure Finnish multi-field corporation that creates healthy companies and company entities .,neutral,phrasebank,controlled_gold_split,positive,0.5779956,0.72177106,True,0.00830353,0.41370088,0.5779956
phrasebank_sentences_allagree_1105,The proposal by the Board of Directors on the issuance of option rights will otherwise correspond to the proposal by the Board of Directors in the Notice to the General Meeting .,neutral,phrasebank,controlled_gold_split,neutral,0.94196266,0.25609607,False,0.04162701,0.94196266,0.016410338
phrasebank_sentences_50agree_2235,The long-term contract is global .,positive,phrasebank,controlled_gold_split,neutral,0.9168892,0.32417947,False,0.01412143,0.9168892,0.06898943
phrasebank_sentences_75agree_1749,The ground barleycorn has been fully produced in Finland and will be available in stores as of the beginning of 2010 .,neutral,phrasebank,controlled_gold_split,neutral,0.6849088,0.6596483,False,0.0077949986,0.6849088,0.30729628
phrasebank_sentences_66agree_3898,"W+ñrtsil+ñ 's solution has been selected for its low fuel consumption , environmentally sound technology , and global service support .",positive,phrasebank,controlled_gold_split,positive,0.9192821,0.3064384,False,0.007926415,0.07279148,0.9192821
phrasebank_sentences_allagree_1849,Total value of the contract is about EUR 10mn .,neutral,phrasebank,controlled_gold_split,neutral,0.9486124,0.23766305,False,0.021985866,0.9486124,0.029401729
phrasebank_sentences_allagree_743,"`` This vessel order will help Aspo secure the long-term competitiveness of its fleet , both in terms of technology and pricing .",positive,phrasebank,controlled_gold_split,positive,0.9284524,0.282852,False,0.008080192,0.063467376,0.9284524
phrasebank_sentences_66agree_389,"Furthermore , Bunge will also sign a licensing agreement for the Sunnuntai and Carlshamn Mejeri brands .",positive,phrasebank,controlled_gold_split,positive,0.882263,0.39345288,False,0.008710342,0.109026656,0.882263
phrasebank_sentences_allagree_1932,Olli-Pekka Laine has been appointed as the Chairman and Erkki Pehu-Lehtonen as the Vice Chairman of the Board .,neutral,phrasebank,controlled_gold_split,neutral,0.9495677,0.23466524,False,0.023814077,0.9495677,0.026618244
phrasebank_sentences_66agree_948,The cooperation with airBaltic is expected to lead to the transfer of Finncomm to the ownership of airBaltic in time .,neutral,phrasebank,controlled_gold_split,neutral,0.8137052,0.5137157,False,0.007968214,0.8137052,0.17832664
phrasebank_sentences_75agree_2944,Olli-Pekka Kallasvuo was elected as vice chairman of the Board .,neutral,phrasebank,controlled_gold_split,neutral,0.93205076,0.29131883,False,0.022318248,0.93205076,0.045630958
phrasebank_sentences_75agree_1863,Aldata noted that its Voice Supply Chain Technology approach enables VDW to integrate with warehouse management systems .,neutral,phrasebank,controlled_gold_split,positive,0.8594259,0.4313975,False,0.006193708,0.1343804,0.8594259
phrasebank_sentences_75agree_1526,"A total of 185 Wonderware Certified SIs are available to integrate and support Wonderware products such as InTouch -« HMI software , IndustrialSQL Server historian , Wonderware Information Server , DT Analyst software or QI Analyst SPC software .",neutral,phrasebank,controlled_gold_split,neutral,0.91229725,0.32695037,False,0.009348299,0.91229725,0.078354485
phrasebank_sentences_allagree_1095,The new SEPA cads will replace Finnish bank cards .,neutral,phrasebank,controlled_gold_split,neutral,0.91308016,0.3318835,False,0.012916539,0.91308016,0.074003346
phrasebank_sentences_allagree_1129,"Finnish printed circuit boards ( PCBs ) maker Aspocomp Group Oyj said on December 4 , 2006 it named Henry Gilchrist senior vice president of the group 's Asian operations , as of January 8 , 2007 .",neutral,phrasebank,controlled_gold_split,neutral,0.9419864,0.25761282,False,0.01827589,0.9419864,0.03973775
phrasebank_sentences_75agree_1942,Elisa has commissioned Finland 's Poyry Telecom Oy to conduct a study of reception in some of Estonia 's largest cities besides Tallinn .,neutral,phrasebank,controlled_gold_split,neutral,0.8252352,0.50696486,False,0.011955027,0.8252352,0.16280979
phrasebank_sentences_allagree_516,"The inventors are Mukkavilli Krishna Kiran , Sabharwal Ashutosh and Aazhang Behnaam .",neutral,phrasebank,controlled_gold_split,neutral,0.9423766,0.25470793,False,0.016308077,0.9423766,0.041315246
phrasebank_sentences_50agree_1664,The upgraded factory is scheduled to come on stream in the summer of 2008 .,neutral,phrasebank,controlled_gold_split,neutral,0.68825483,0.65608037,False,0.0075613144,0.68825483,0.30418387
phrasebank_sentences_allagree_2097,"Below are consolidated , unaudited results for Amanda Capital under IFRS reporting standards .",neutral,phrasebank,controlled_gold_split,neutral,0.92469925,0.30781156,False,0.057928387,0.92469925,0.017372396
phrasebank_sentences_allagree_1944,An international conference call and audio webcast concerning the financial result January-March 2010 will begin at 14.00 EET .,neutral,phrasebank,controlled_gold_split,neutral,0.9572377,0.20548373,False,0.017303465,0.9572377,0.02545883
phrasebank_sentences_50agree_3571,"Deutsche Beteiligungs , as well as a private equity fund it manages , first bought 75 % of MCE in a secondary buyout from White Plains , N.Y. , financial investor Andlinger & Co. in 2007 .",neutral,phrasebank,controlled_gold_split,neutral,0.91778225,0.31797674,False,0.011804156,0.91778225,0.07041361
phrasebank_sentences_allagree_428,"Finnair PLC carried a record 8.8 million passengers in 2006 , an increase of 3.5 percent on the previous year , the Finnish national carrier reported Tuesday .",positive,phrasebank,controlled_gold_split,positive,0.9511358,0.22844914,False,0.020681692,0.028182417,0.9511358
phrasebank_sentences_66agree_1718,"`` Neste Oil is working with over 20 research communities in Europe , America , Africa , Asia , and Australia to develop and introduce new raw materials .",positive,phrasebank,controlled_gold_split,positive,0.7919336,0.54192996,False,0.006976762,0.20108967,0.7919336
phrasebank_sentences_allagree_627,The server is responsible for managing devices and user accounts and a desktop client application enables remote access to the mobile phones .,neutral,phrasebank,controlled_gold_split,neutral,0.9500997,0.23138234,False,0.019011082,0.9500997,0.030889176
phrasebank_sentences_allagree_555,"EQT has completed its exit from Salcomp , a Finnish company that makes mobile phone chargers , by selling its remaining stake to Swedish investment group Nordstjernan for about ( EURO ) 35 million ( $ 47 million ) .",neutral,phrasebank,controlled_gold_split,neutral,0.942119,0.2578252,False,0.019131266,0.942119,0.038749717
phrasebank_sentences_allagree_801,"Fiskars , a 360-year-old global business best known for its orange-handled scissors , expects to derive synergies of EUR5 million a year by consolidating certain parts of the housewares division where the two compete .",positive,phrasebank,controlled_gold_split,positive,0.6864582,0.65747625,False,0.007544173,0.3059977,0.6864582
