id,text,label,dataset_name,split_source,prediction,proba_negative,proba_neutral,proba_positive
phrasebank_sentences_75agree_751,"Nonwovens and specialty papers , made by Ahlstrom , are used in a large variety of everyday products , e.g. in filters , wipes , flooring , labels , and tapes .",neutral,phrasebank,controlled_gold_split,neutral,0.008010081,0.98458904,0.0074008834
phrasebank_sentences_allagree_117,Finnish department store chain Stockmann Oyj Abp net profit rose to 39.8 mln euro ( $ 56.8 mln ) for the first nine months of 2007 from 37.4 mln euro ( $ 53.4 mln ) for the same period of 2006 .,positive,phrasebank,controlled_gold_split,positive,0.017565774,0.013963688,0.9684705
phrasebank_sentences_75agree_1310,"The Board of Directors proposes to the Shareholders ' Meeting on 18 March 2010 that the company would pay dividend for the financial year January 1 - December 31 , 2009 , EUR 0.02 per share .",neutral,phrasebank,controlled_gold_split,neutral,0.0060297134,0.96949714,0.024473192
phrasebank_sentences_allagree_945,"Consisting of seven interconnected units , Mega Image 's logistics center will be 347 metres in length and 12 metres in height .",neutral,phrasebank,controlled_gold_split,neutral,0.0033066946,0.9683916,0.028301695
phrasebank_sentences_allagree_406,Performance in the second half of 2009 exceeded expectations .,positive,phrasebank,controlled_gold_split,positive,0.0147445025,0.021769693,0.96348584
phrasebank_sentences_66agree_2316,"19 May 2010 - Finnish company Lemminkainen Oyj ( HEL : LEM1S ) said today that it will construct an office building at Toolonlahti in downtown Helsinki , without disclosing financial details .",neutral,phrasebank,controlled_gold_split,neutral,0.0049335365,0.97190607,0.023160374
phrasebank_sentences_50agree_3969,"UPM is the biggest producer of magazine paper in Europe , with a market share of over 30 pct , and it is likely to say that prices in the segment were at best flat during the quarter , analysts said .",neutral,phrasebank,controlled_gold_split,positive,0.009373539,0.49265292,0.4979736
phrasebank_sentences_allagree_373,Salonen added that data shows producers ' pulp inventories in North America are declining . ',negative,phrasebank,controlled_gold_split,negative,0.94706047,0.02950657,0.023432974
phrasebank_sentences_allagree_126,"For the first nine months of 2010 , the company 's net profit rose to EUR41m from EUR30m for the corresponding period of 2009 .",positive,phrasebank,controlled_gold_split,positive,0.016307924,0.017190993,0.9665011
phrasebank_sentences_allagree_1157,"After the restructuring , UPM 's average paper machine capacity in Europe will be 320,000 tons ( 350,000 short tons ) in coated magazine paper and 420,000 tons ( 460,000 short tons ) in coated fine paper .",neutral,phrasebank,controlled_gold_split,neutral,0.0035570122,0.90858614,0.087856784
phrasebank_sentences_allagree_638,"Utah 's capital wanted to be the next U.S. headquarters of Amer Sports Corp. , a ski-equipment company .",neutral,phrasebank,controlled_gold_split,neutral,0.0045436835,0.9678394,0.027616836
phrasebank_sentences_66agree_3055,"ASPO Plc STOCK EXCHANGE ANNOUNCEMENT May 4 , 2006 at 10:00 a.m. An increase in the share capital of Aspo Plc totaling EUR 1,125.60 was registered today .",positive,phrasebank,controlled_gold_split,positive,0.0065594018,0.23156583,0.76187474
phrasebank_sentences_allagree_255,The economic occupancy rate of Sponda 's property portfolio rose to 91.2 % from 88.8 % in 2006 .,positive,phrasebank,controlled_gold_split,positive,0.01353567,0.017879391,0.96858495
phrasebank_sentences_50agree_1230,"GeoSentric 's flagship product is the GyPSii platform , which uses pioneering geo-location software technology to connect people to people , and people to places with new and exciting social community and location-specific services .",neutral,phrasebank,controlled_gold_split,neutral,0.00334241,0.85376924,0.14288832
phrasebank_sentences_75agree_851,"In addition to the presentations held by President & CEO Kai Telanne and CFO Tuomas Itkonen , participants will have an opportunity to discuss with other members of the company 's management .",neutral,phrasebank,controlled_gold_split,neutral,0.00425445,0.9798687,0.015876817
phrasebank_sentences_66agree_3652,"In Sweden , there is an oversupply of pharmacies .",negative,phrasebank,controlled_gold_split,neutral,0.43437922,0.5496433,0.015977534
phrasebank_sentences_66agree_2113,"M-real Corporation Press release on 3 November at 10:35 am M-real Corporation was the second best company in the materials sector including e.g. forest industry companies in the Carbon Disclosure Leadership Index CDLI , Nordic Report 2009 .",positive,phrasebank,controlled_gold_split,positive,0.0072845677,0.28161567,0.7110998
phrasebank_sentences_75agree_3085,Yakima created the position for him after emerging from economic downturns of its own .,neutral,phrasebank,controlled_gold_split,neutral,0.0040045036,0.94972223,0.04627321
phrasebank_sentences_50agree_1867,"The iTunes-based material will be accessible on Windows-based or Macintosh computers and transferable to portable devices , including Apple 's iPods .",positive,phrasebank,controlled_gold_split,neutral,0.0031785443,0.96605444,0.030767005
phrasebank_sentences_50agree_636,We look forward to helping the company develop its operational services and further digitalize its services for its customers . '',positive,phrasebank,controlled_gold_split,positive,0.0058071655,0.14900288,0.8451899
phrasebank_sentences_allagree_1274,It will report full-year results on August 22 .,neutral,phrasebank,controlled_gold_split,neutral,0.00569883,0.9840021,0.010299113
phrasebank_sentences_allagree_990,KONE is listed on the Nordic Exchange in Helsinki .,neutral,phrasebank,controlled_gold_split,neutral,0.006216536,0.9859633,0.00782016
phrasebank_sentences_allagree_107,Diluted earnings per share ( EPS ) rose to EUR 0.52 versus EUR 0.09 .,positive,phrasebank,controlled_gold_split,positive,0.01729972,0.0129316095,0.9697686
phrasebank_sentences_66agree_788,"The company has established a 3G base station at about 17,000 feet at the foot of Mount Everest that will enable mountain climbers at the 29,035-foot summit to surf the Internet and even send videos of their exploits .",positive,phrasebank,controlled_gold_split,neutral,0.00405898,0.79494697,0.20099407
phrasebank_sentences_75agree_1347,Diluted loss per share stood at EUR 0.15 versus EUR 0.26 .,positive,phrasebank,controlled_gold_split,positive,0.09283593,0.012708974,0.894455
phrasebank_sentences_allagree_561,"Honkarakenne mainly exports large luxury log houses to Russia to be used as one-family houses or holiday homes ; 70 % of sales go to the Moscow region , about 20 % to the St Petersburg region , and the remainder to other locations .",neutral,phrasebank,controlled_gold_split,neutral,0.0035067175,0.9780295,0.018463822
phrasebank_sentences_66agree_1119,"Russia 's top container shipping group , Fesco , and Finnish logistics company Nurminen Logistics have started a pilot project offering clients direct intermodal transportation service from Finland to Asia Pacific countries , Fesco said in a statement .",positive,phrasebank,controlled_gold_split,positive,0.0056017,0.15158792,0.8428104
phrasebank_sentences_allagree_1323,"Operators only need to learn how to use one device for multiple levels of applications , including voice-directed operations .",neutral,phrasebank,controlled_gold_split,neutral,0.006128851,0.9825544,0.011316802
phrasebank_sentences_75agree_1185,"Kesko Agro Lietuva , the agricultural machinery and grain trader and another member of the Kesko Group , boosted its sales by 42.9 percent to 13.4 million euros , VAT inclusive .",positive,phrasebank,controlled_gold_split,positive,0.010789096,0.019902408,0.9693085
phrasebank_sentences_75agree_3247,"At 1.33 pm , the OMX Helsinki 25 was 0.30 pct lower at 2,463.67 and the OMX Helsinki was down 0.37 pct at 8,537.42 on volume of 256 mln eur .",negative,phrasebank,controlled_gold_split,negative,0.92562866,0.06762773,0.006743629
phrasebank_sentences_allagree_1307,No changes in media activity were seen in October compared with September .,neutral,phrasebank,controlled_gold_split,neutral,0.058484584,0.93303907,0.00847631
phrasebank_sentences_50agree_1509,"Cathay Forest 's strategy is to develop sustainable , regenerative forest assets .",neutral,phrasebank,controlled_gold_split,positive,0.0055704643,0.477075,0.51735455
phrasebank_sentences_allagree_1947,Bertrand Sciard has been the vice chairman of the board of directors of Aldata Solution since April 2007 .,neutral,phrasebank,controlled_gold_split,neutral,0.008395003,0.98368776,0.007917242
phrasebank_sentences_allagree_1059,"The company will publish its financial statement for 2008 on February 25 , 2009 .",neutral,phrasebank,controlled_gold_split,neutral,0.0073161395,0.9857503,0.0069335494
phrasebank_sentences_allagree_1293,"Marathon now has a 4.6 percent stake in PLX , it said , according to Bloomberg .",neutral,phrasebank,controlled_gold_split,neutral,0.0033215396,0.9727391,0.02393941
phrasebank_sentences_allagree_564,Insurance policies should be simple .,neutral,phrasebank,controlled_gold_split,neutral,0.005562735,0.98520297,0.009234309
phrasebank_sentences_allagree_585,"Prothious Engineering ( www.prothious.com ) employs more than 1,000 and has a large portfolio of projects and an annual detailing capacity of more than 100,000 tonnes .",neutral,phrasebank,controlled_gold_split,neutral,0.0032713513,0.97312796,0.023600724
phrasebank_sentences_allagree_2121,"Finnish Scanfil , a contract manufacturer and systems supplier for communication and industrial electronics reports net sales of EUR 108.7 mn in the first half of 2008 , down from EUR 111.1 mn a year earlier .",negative,phrasebank,controlled_gold_split,negative,0.97847533,0.012486742,0.009037886
phrasebank_sentences_50agree_335,"GeoSentric Oyj s GeoSolutions Business Unit GyPSii , the mobile digital lifestyle application and geo-mobility social networking platform , has signed an agreement with Nanjing MyNet to make the GyPSii mobile social networking platform available to customers of China Mobile .",positive,phrasebank,controlled_gold_split,positive,0.006938629,0.053599395,0.93946195
phrasebank_sentences_allagree_1924,"Thus the method will cut working costs , and will fasten the planning and building processes .",positive,phrasebank,controlled_gold_split,positive,0.009925658,0.19228722,0.79778713
phrasebank_sentences_allagree_868,"In the second quarter of 2010 , the company 's net profit was EUR1 .7 m compared to a net loss of EUR1 .3 m in April-June 2009 .",positive,phrasebank,controlled_gold_split,positive,0.025176775,0.012378499,0.9624448
phrasebank_sentences_allagree_1213,"Elcoteq SE Stock Exchange Announcement February 4 , 2009 at 10.00 am ( EET ) Elcoteq will publish its financial statements bulletin 2008 on Wednesday , February 11 , at 9.00 am ( EET ) .",neutral,phrasebank,controlled_gold_split,neutral,0.009351941,0.9851664,0.0054816394
phrasebank_sentences_75agree_3250,"The OMX Helsinki 25 ended 0.47 pct lower at 3,150.55 and the OMX Helsinki was down 0.21 pct at 10,736.42 on 1.523 bln eur turnover .",negative,phrasebank,controlled_gold_split,negative,0.946997,0.047294475,0.0057085655
phrasebank_sentences_allagree_1224,"Finland 's Technopolis is planning to bring the first section of a technopark on stream in St. Petersburg at the end of 2008 , Kari Mikkonen , vice president of Technopolis , told reporters in Helsinki .",neutral,phrasebank,controlled_gold_split,neutral,0.006024298,0.76028365,0.23369202
phrasebank_sentences_allagree_1691,N-Viro operates processing facilities independently as well as in partnership with municipalities .,neutral,phrasebank,controlled_gold_split,neutral,0.0031245253,0.9740571,0.02281832
phrasebank_sentences_allagree_454,"Finnish airline Finnair has won a deal with the UK public sector to be the official airline for flights from London Heathrow to Osaka in Japan , as well as flights between Manchester in the UK and Helsinki in Finland .",positive,phrasebank,controlled_gold_split,positive,0.006782316,0.07491981,0.9182979
phrasebank_sentences_allagree_957,Elcoteq SE is listed on the Nasdaq OMX Helsinki Ltd. .,neutral,phrasebank,controlled_gold_split,neutral,0.0049152775,0.98163855,0.01344619
phrasebank_sentences_allagree_1935,"The purchase price will be paid in cash upon the closure of the transaction , scheduled for April 1 , 2009 .",neutral,phrasebank,controlled_gold_split,neutral,0.004991035,0.9832333,0.011775743
phrasebank_sentences_allagree_1500,The sale price was not disclosed .,neutral,phrasebank,controlled_gold_split,neutral,0.008200574,0.9846538,0.007145686
phrasebank_sentences_allagree_2001,"The company operates a U.S. division in Lisle , Ill. .",neutral,phrasebank,controlled_gold_split,neutral,0.005944837,0.98234737,0.011707826
phrasebank_sentences_allagree_1883,Operating loss totaled EUR 0.3 mn compared to a profit of EUR 2.2 mn in the corresponding period in 2007 .,negative,phrasebank,controlled_gold_split,negative,0.9169136,0.0065381476,0.07654816
phrasebank_sentences_allagree_2150,"( ADPnews ) - May 4 , 2010 - Finnish cutlery and hand tools maker Fiskars Oyj Abp ( HEL : FISAS ) said today its net profit declined to EUR 12.9 million ( USD 17m ) in the first quarter of 2010 from EUR 17 million in the correspond",negative,phrasebank,controlled_gold_split,negative,0.97536385,0.019025857,0.0056103184
phrasebank_sentences_50agree_2480,"In addition , nine fixed-term employment contracts will not be extended and two people will leave the company under pension arrangements .",neutral,phrasebank,controlled_gold_split,neutral,0.19887736,0.79313153,0.007991135
phrasebank_sentences_75agree_367,Estonia 's beer market overall grew three percent last year to 130 million liters .,positive,phrasebank,controlled_gold_split,positive,0.005626117,0.059229713,0.9351442
phrasebank_sentences_75agree_260,"Via the Satlan acquisition , Teleste plans to further expand its market presence as a video services partner for cable operators , broadcasters and IPTV service providers .",positive,phrasebank,controlled_gold_split,positive,0.004994246,0.072552614,0.9224531
phrasebank_sentences_66agree_2731,"The company intends to launch housing development at the acquired land plots and to construct 50,000-60 ,000 square metres of housing per annum by 2011 .",neutral,phrasebank,controlled_gold_split,neutral,0.0059352936,0.4984885,0.49557617
phrasebank_sentences_50agree_4485,"wins 98 % acceptance 23 December 2009 - Finnish industrial machinery company Metso Oyj ( HEL : MEO1V ) said today it will complete its takeover offer for textile company Tamfelt Oyj Abp ( HEL : TAFKS ) , after acquiring 98 % of its shares and votes .",neutral,phrasebank,controlled_gold_split,positive,0.006761293,0.13994417,0.85329455
phrasebank_sentences_allagree_51,"Both operating profit and turnover for the three-month period increased , respectively from EUR0 .9 m and EUR8 .3 m , as compared to the corresponding period in 2005 .",positive,phrasebank,controlled_gold_split,positive,0.014952858,0.013654677,0.97139245
phrasebank_sentences_75agree_1390,Net profit in the period in 2009 was ( EURO ) 29 million .,neutral,phrasebank,controlled_gold_split,neutral,0.008423462,0.98125595,0.010320641
phrasebank_sentences_allagree_15,Nordea Group 's operating profit increased in 2010 by 18 percent year-on-year to 3.64 billion euros and total revenue by 3 percent to 9.33 billion euros .,positive,phrasebank,controlled_gold_split,positive,0.009758629,0.019790124,0.9704513
phrasebank_sentences_allagree_2070,"Tallink Silja attributes the significant drop to problems with the booking system that was taken into operation in October , the sale of trailer ferry ` Sky Wind ' and the route between Stockholm and Riga , which has won passengers from the Helsinki-Stockholm route .",negative,phrasebank,controlled_gold_split,negative,0.9675917,0.014087925,0.018320365
phrasebank_sentences_allagree_807,Return on investment was 16.6 % compared to 15.8 % in 2004 .,positive,phrasebank,controlled_gold_split,positive,0.31287003,0.021542046,0.6655879
phrasebank_sentences_allagree_1099,The output of the contracts totals 72 MWe .,neutral,phrasebank,controlled_gold_split,neutral,0.0046913414,0.9837991,0.011509578
phrasebank_sentences_75agree_677,"Estonian telecoms company Elisa 's customer numbers cross 400,000 TALLINN , Oct 22 , BNS - The Estonian telecommunications company Elisa won approximately 50,000 new clients in the nine months of this year , bringing the number to 401,800 by the end of September , the company said .",positive,phrasebank,controlled_gold_split,positive,0.00647668,0.06912274,0.92440057
phrasebank_sentences_66agree_2795,The full MidnightTrader extended-hours trading analysis and news service is available in real-time through COMTEX .,neutral,phrasebank,controlled_gold_split,neutral,0.00571148,0.98522377,0.0090647405
phrasebank_sentences_allagree_5,"Finnish Talentum reports its operating profit increased to EUR 20.5 mn in 2005 from EUR 9.3 mn in 2004 , and net sales totaled EUR 103.3 mn , up from EUR 96.4 mn .",positive,phrasebank,controlled_gold_split,positive,0.015853968,0.015669264,0.9684767
phrasebank_sentences_allagree_2032,Okmetic expects its net sales for the first half of 2009 to be less than in 2008 .,negative,phrasebank,controlled_gold_split,negative,0.9569828,0.036441892,0.0065752766
phrasebank_sentences_50agree_2339,"According to the Act , universities can now acquire private funding .",neutral,phrasebank,controlled_gold_split,neutral,0.0038717813,0.92364156,0.07248664
phrasebank_sentences_50agree_1925,The smaller molecules improve the grip of the tyre at top-speed driving .,neutral,phrasebank,controlled_gold_split,neutral,0.0048229517,0.83358014,0.16159688
phrasebank_sentences_allagree_1195,com and possibly also through photo-msn .,neutral,phrasebank,controlled_gold_split,neutral,0.004202886,0.9851586,0.01063853
phrasebank_sentences_allagree_441,"Savon koulutuskuntayhtyma , Finland based company has awarded contract for specialist agricultural or forestry machinery .",positive,phrasebank,controlled_gold_split,positive,0.0073932754,0.033689033,0.9589177
phrasebank_sentences_66agree_1158,"The dividend will be paid on April 15 , 2008 to each of the shareholders who on the record date of April 8 , 2008 have been entered in the list of shareholders kept by the Finnish Central Securities Depository Ltd. .",neutral,phrasebank,controlled_gold_split,neutral,0.00620684,0.98635,0.007443138
phrasebank_sentences_allagree_1125,"When dialing in , the participants should quote 877417 as conference ID .",neutral,phrasebank,controlled_gold_split,neutral,0.0070616505,0.9845442,0.008394111
phrasebank_sentences_allagree_1774,The estimated annual value of the frame agreement is about EUR 50mn .,neutral,phrasebank,controlled_gold_split,neutral,0.0056351973,0.9844844,0.009880425
phrasebank_sentences_66agree_2093,"Ixonos estimates that it will hire 20 specialists in mechanical engineering , electronics design , and R&D for its new unit in Jyvaeskylae by the end of 2009 .",positive,phrasebank,controlled_gold_split,positive,0.0066960803,0.41589326,0.5774106
phrasebank_sentences_allagree_605,The commission said the hydrogen peroxide and PBS market was worth about 470 million euros in 2000 .,neutral,phrasebank,controlled_gold_split,neutral,0.0038421652,0.96620864,0.029949207
phrasebank_sentences_50agree_1960,"In complying with the European Water Framework Directive requirements , the pre-treatment unit will be fully renovated , including hydraulics of waste water inception , degridding , sand and grease removal and treatment and deodorization of the unit .",positive,phrasebank,controlled_gold_split,neutral,0.0057450756,0.5196866,0.4745683
phrasebank_sentences_allagree_1870,"In Finland , the city of Forssa has said it will not pay compensation to food industry companies HK Ruokatalo and Atria for the lye leak into tap water that occurred in March 2008 .",negative,phrasebank,controlled_gold_split,negative,0.745565,0.22782901,0.02660594
phrasebank_sentences_allagree_2186,Export declined by 6 percent to 16.4 million liters .,negative,phrasebank,controlled_gold_split,negative,0.97096586,0.018528441,0.010505765
phrasebank_sentences_allagree_424,Cision says the sale will return its U.K. operation to profitability .,positive,phrasebank,controlled_gold_split,positive,0.0058284444,0.06068932,0.9334823
phrasebank_sentences_66agree_1296,"In the next few years , the ICT sector 's share of electricity consumption will be raised by the increase in the popularity of smartphones .",neutral,phrasebank,controlled_gold_split,positive,0.004623959,0.18834634,0.8070298
phrasebank_sentences_66agree_261,Sales of clothing developed best .,positive,phrasebank,controlled_gold_split,positive,0.007370696,0.23416084,0.75846845
phrasebank_sentences_allagree_355,"In Q2 of 2009 , profit before taxes amounted to EUR 13.6 mn , down from EUR 26.8 mn in Q2 of 2008 .",negative,phrasebank,controlled_gold_split,negative,0.9791998,0.013511384,0.0072888453
phrasebank_sentences_66agree_3619,Finnish M-real 's Kyro mill is starting negotiations to cut staff .,negative,phrasebank,controlled_gold_split,negative,0.9611081,0.03354414,0.005347775
phrasebank_sentences_75agree_738,"He does not believe , however , that HKScan or Atria will start to use imported meat as Finnish consumers prefer domestic products .",neutral,phrasebank,controlled_gold_split,neutral,0.0049949028,0.97633773,0.018667374
phrasebank_sentences_75agree_2026,Joint procurement will be later extended to the factories in the Baltic countries .,neutral,phrasebank,controlled_gold_split,neutral,0.004740642,0.78950554,0.2057538
phrasebank_sentences_75agree_1428,"The company 's profit totaled Ls 134,700 .",neutral,phrasebank,controlled_gold_split,neutral,0.005918641,0.9828058,0.011275566
phrasebank_sentences_50agree_2751,"Finnish W+ñrtsil+ñ that provides power solutions for the marine and energy markets has opened a Service Centre in Murmansk , in Russia .",neutral,phrasebank,controlled_gold_split,neutral,0.003125159,0.89054084,0.10633397
phrasebank_sentences_66agree_1569,"These companies own a 20,000 sq. m. office and commercial building and substantial amount of building right for a new shopping center in Liljeholmen , Stockholm .",neutral,phrasebank,controlled_gold_split,neutral,0.003573559,0.96978813,0.026638327
phrasebank_sentences_75agree_1103,"The parties have also agreed that L+ñnnen Tehtaat has the right to sell the remaining shares in Suomen Rehu to Hankkija-Maatalous 15 months after the purchase of the majority holding , at the earliest .",neutral,phrasebank,controlled_gold_split,neutral,0.0035327133,0.94753426,0.04893308
phrasebank_sentences_allagree_2260,"HELSINKI Thomson Financial - Shares in Cargotec fell sharply in early afternoon trade after the cargo handling group posted a surprise drop in April-June profits , which overshadowed the large number of new orders received during the three months .",negative,phrasebank,controlled_gold_split,negative,0.97355396,0.021133833,0.0053122514
phrasebank_sentences_allagree_1148,"Local government commissioner of +àm+Ñl , Kurt Svensson , says he will contact the management of Finnish company Componenta to find out if there are any alternatives to the company 's decision to close down its plant in +àm+Ñl .",neutral,phrasebank,controlled_gold_split,neutral,0.006913836,0.98294765,0.010138471
phrasebank_sentences_75agree_1321,"The new office , located in Shenzhen , will strengthen Vaisala 's already 10-year old presence in China .",positive,phrasebank,controlled_gold_split,positive,0.0046726884,0.07480823,0.92051905
phrasebank_sentences_75agree_1016,"Demonstrations of the broad capabilities of the Mobility Business Suite will be organized during the 3GSM World Congress in Barcelona , from February 12th to 15th .",neutral,phrasebank,controlled_gold_split,neutral,0.003670538,0.9523494,0.043980073
phrasebank_sentences_allagree_105,"Digia said its consolidated net sales for January-June 2010 were EUR67 .8 m , up 9.7 % on the same period in 2009 ( EUR61 .9 m ) .",positive,phrasebank,controlled_gold_split,positive,0.012424196,0.01684971,0.9707261
phrasebank_sentences_66agree_2170,"Stora Enso , a global paper , packaging and wood products company , and Neste Oil , a Finnish company engaged in the refining and marketing of oil , have inaugurated the demonstration plant at Varkaus , Finland for biomass to liquids production utilizing forestry residues .",neutral,phrasebank,controlled_gold_split,neutral,0.0046013705,0.74709916,0.24829943
phrasebank_sentences_50agree_836,"Finnish financial solutions developer Basware Corporation ( OMX Helsinki BAS1V ) said on Tuesday ( 23 September ) that it will deliver a complete Invoice Automation solution to a large US engineering , construction and technical services organization .",positive,phrasebank,controlled_gold_split,positive,0.0052496074,0.28536204,0.70938843
phrasebank_sentences_50agree_1253,"In the Homeware area , Fiskars provides leading branded products for home , kitchen , and interior design .",positive,phrasebank,controlled_gold_split,positive,0.005446405,0.4812568,0.5132968
phrasebank_sentences_allagree_860,"Cargotec Corporation , Press Release , August 26 , 2008 at 10 a.m. Finnish time Cargotec 's MacGREGOR business area providing marine cargo handling and offshore load handling solutions has received significant offshore crane retrofit order .",positive,phrasebank,controlled_gold_split,positive,0.008398976,0.11370867,0.8778923
phrasebank_sentences_allagree_1891,"Publishing Sweden 's operating loss was EUR 1.1 mn in Q1 of 2009 , compared to a profit of EUR 0.6 mn a year ago .",negative,phrasebank,controlled_gold_split,negative,0.8030728,0.008218718,0.18870844
phrasebank_sentences_allagree_0,"According to Gran , the company has no plans to move all production to Russia , although that is where the company is growing .",neutral,phrasebank,controlled_gold_split,neutral,0.0036308393,0.96816385,0.028205378
phrasebank_sentences_75agree_764,"The company is in charge of all natural gas storage activities in France , Great Britain , and Germany .",neutral,phrasebank,controlled_gold_split,neutral,0.00404612,0.9842689,0.011684994
phrasebank_sentences_allagree_1888,Pretax loss totaled EUR 117mn compared to a loss of EUR 65mn in the corresponding period .,negative,phrasebank,controlled_gold_split,positive,0.12926653,0.01202366,0.8587099
phrasebank_sentences_50agree_1754,"Mr. Atul Chopra , Chief Operating Officer & President , Tecnotree elaborated '' I am eager to see the continued success of the former Tecnomen , bringing Lifetree product to MENA , under the Tecnotree umbrella .",neutral,phrasebank,controlled_gold_split,positive,0.0053696977,0.20698102,0.7876493
phrasebank_sentences_50agree_4329,"Most of the permanent layoffs will be in the plywood and sawn timber sectors of the Finnish company 's operations at several domestic mills , where earlier this year it temporarily laid off some 1,200 workers to save costs .",negative,phrasebank,controlled_gold_split,negative,0.96678567,0.026882011,0.006332256
phrasebank_sentences_66agree_416,`` Residentialconstruction in particular has picked up in several markets .,positive,phrasebank,controlled_gold_split,neutral,0.0042789914,0.77657187,0.21914913
phrasebank_sentences_66agree_1183,The oil shale feeder-supply solution will deliver crushed oil shale to the shale oil refinery already in operation as well as to the novel Enefit-280 shale oil technology processing plant .,neutral,phrasebank,controlled_gold_split,neutral,0.0035539118,0.79644513,0.20000097
phrasebank_sentences_allagree_79,"According to Finnish Metso Minerals , the value of the company 's orders has gone up to EUR 1.9 bn in 12 months .",positive,phrasebank,controlled_gold_split,positive,0.009231782,0.1417027,0.84906554
phrasebank_sentences_allagree_1986,"The utility will also provide services related to electricity management , such as hedging trades and risk management and reporting .",neutral,phrasebank,controlled_gold_split,neutral,0.0037648897,0.9806529,0.015582192
phrasebank_sentences_allagree_140,"In the third quarter , net sales increased by 12 % year-on-year to EUR159 .5 m , or by 6 % at comparable currency rates growth .",positive,phrasebank,controlled_gold_split,positive,0.009712121,0.020681387,0.9696065
phrasebank_sentences_allagree_879,"Quarterly diluted EPS on continuing operations came in at 0.21 eur , compared with last year 's 0.12 eur .",positive,phrasebank,controlled_gold_split,positive,0.04875925,0.013533345,0.93770736
phrasebank_sentences_66agree_1282,"Finnish software and hardware developer Elektrobit Oyj HEL : EBG1V , or EB , said today it will temporarily lay off up to 200 people for a maximum of 90 day in Finland , aiming to achieve cost savings of EUR 1.7 million USD 2m in the second half of 2010 .",negative,phrasebank,controlled_gold_split,negative,0.62032115,0.043894976,0.3357839
phrasebank_sentences_50agree_743,"` Patja has worked well for us for more than a decade , and Fujitsu 's new bid was competitive .",neutral,phrasebank,controlled_gold_split,positive,0.0054256325,0.13068308,0.86389136
phrasebank_sentences_75agree_1167,"SysOpen Digia Plc , Press release , 7 February 2006 IBM Finland has rewarded its most distinguished partner companies for 2005 .",positive,phrasebank,controlled_gold_split,positive,0.0072135385,0.101767235,0.89101917
phrasebank_sentences_allagree_948,"Cramo , headquartered in Vantaa , Finland , rents construction machinery and equipment , as well as rents and sells modular space .",neutral,phrasebank,controlled_gold_split,neutral,0.0039151367,0.9807207,0.015364163
phrasebank_sentences_66agree_666,"Benefon , a wireless and GPS technology company , will supply Karputer with its TWIG navigation platform , a GPS satellite navigation and voice guidance service .",positive,phrasebank,controlled_gold_split,neutral,0.004523013,0.5741716,0.4213054
phrasebank_sentences_allagree_1584,`` These developments partly reflect the government 's higher activity in the field of dividend policy . '',neutral,phrasebank,controlled_gold_split,positive,0.006736936,0.36818364,0.6250794
phrasebank_sentences_allagree_1862,"In the third quarter of fiscal 2008 Efore swung to a net loss of EUR 400,000 versus a net profit of EUR 200,000 for the corresponding period of fiscal 2007 .",negative,phrasebank,controlled_gold_split,negative,0.54908925,0.010135798,0.44077495
phrasebank_sentences_75agree_1975,"Global Markets Direct 's Pohjola Bank plc - Financial Analysis Review is an in-depth business , financial analysis of Pohjola Bank plc. .",neutral,phrasebank,controlled_gold_split,neutral,0.005028932,0.9849111,0.010059998
phrasebank_sentences_50agree_3715,"Panostaja Plc today acquired the entire share capital of Suomen Graafiset Palvelut Ltd , a provider of printing services .",neutral,phrasebank,controlled_gold_split,neutral,0.0039116973,0.9240953,0.07199301
phrasebank_sentences_75agree_631,"Speaking to just-drinks today , a spokesperson for Olvi said : `` We have performed very well in all four countries we operate in - namely , Finland , Estonia , Latvia and Lithuania . ''",positive,phrasebank,controlled_gold_split,positive,0.0079931505,0.03319546,0.95881134
phrasebank_sentences_allagree_2216,Sales by Seppala diminished by 6 per cent .,negative,phrasebank,controlled_gold_split,negative,0.97401583,0.018129507,0.007854723
phrasebank_sentences_allagree_1353,"schwalm ( at ) outotec.com Eila Paatela , Vice President - Corporate Communications tel. +358 20 529 2004 , mobile +358 400 817198 e-mail eila .",neutral,phrasebank,controlled_gold_split,neutral,0.0053335894,0.9832086,0.011457825
phrasebank_sentences_75agree_2918,Lean System supports change management and component purchasing extremely well .,positive,phrasebank,controlled_gold_split,positive,0.0046985843,0.37508178,0.6202197
phrasebank_sentences_allagree_1834,The value of the contract is EUR 25mn .,neutral,phrasebank,controlled_gold_split,neutral,0.0070268586,0.98448884,0.008484291
phrasebank_sentences_allagree_579,"Oka specialises in new construction , renovation work of residential and non-residential building as well as premises for industrial and logistical use .",neutral,phrasebank,controlled_gold_split,neutral,0.0053728907,0.98562914,0.0089978995
phrasebank_sentences_75agree_1141,"The company booked April-June new orders worth 949 mln eur , compared with 786 mln eur in the same period a year ago .",positive,phrasebank,controlled_gold_split,positive,0.0347359,0.015353869,0.9499102
phrasebank_sentences_allagree_1154,Affecto has participated in the program for the development of the Norwegian pension system since 2007 .,neutral,phrasebank,controlled_gold_split,neutral,0.0034089268,0.9161202,0.08047098
phrasebank_sentences_allagree_1711,Russia 's Video International Group holds a controlling stake in Russian Media Ventures .,neutral,phrasebank,controlled_gold_split,neutral,0.003853637,0.97860366,0.017542778
phrasebank_sentences_allagree_2157,Net sales fell by 5 % from the previous accounting period .,negative,phrasebank,controlled_gold_split,negative,0.9781041,0.013483091,0.008412819
phrasebank_sentences_75agree_2243,The handset maker did not disclose any financial details .,neutral,phrasebank,controlled_gold_split,neutral,0.013708413,0.98046726,0.005824381
phrasebank_sentences_50agree_2203,The companies expect the first orders already in 2011 .,positive,phrasebank,controlled_gold_split,neutral,0.004172117,0.96466696,0.031160953
phrasebank_sentences_allagree_1973,"The gross area of the Innova 2 project will be about 10,000 sq m ( 107,600 sq ft ) .",neutral,phrasebank,controlled_gold_split,neutral,0.0036234749,0.98333424,0.013042265
phrasebank_sentences_75agree_1534,"According to CEO Hannu Syrj+ñnen , a new common name and visual identity is required as the group has grown and internationalised .",neutral,phrasebank,controlled_gold_split,neutral,0.0030365214,0.9447751,0.052188348
phrasebank_sentences_66agree_2337,"In Finland , Sampo Bank , now part of the Danske Bank group , will lay off staff from the administrative and support functions .",negative,phrasebank,controlled_gold_split,negative,0.95127636,0.043399505,0.005324175
phrasebank_sentences_75agree_2093,Pohjola and cooperative banks have continued to combine their branch office network .,neutral,phrasebank,controlled_gold_split,neutral,0.0031089624,0.9486047,0.048286304
phrasebank_sentences_66agree_3678,"So Mr. Galvan made savings adjustments of his own , buying less liquor and watching portion sizes .",neutral,phrasebank,controlled_gold_split,neutral,0.0055774464,0.93798226,0.056440342
phrasebank_sentences_75agree_1245,"Thus , SysOpen Digia has , in accordance with Chapter 14 Section 21 of the Finnish Companies Act 29.9.1978 - 734 , obtained title to all the shares of Sentera that are to be redeemed .",neutral,phrasebank,controlled_gold_split,neutral,0.0036547733,0.9556964,0.04064881
phrasebank_sentences_75agree_1198,Finnish insurance company Fennia and Kesko Group are ending their loyal customer cooperation .,negative,phrasebank,controlled_gold_split,neutral,0.46793485,0.5184627,0.013602357
phrasebank_sentences_66agree_406,"The company also said on November 16 , 2006 its Real Estate Fund I Ky signed an agreement with Finnish window maker Fenestra Oy to build a window plant in Forssa , southern Finland .",positive,phrasebank,controlled_gold_split,positive,0.006721219,0.08680109,0.9064777
phrasebank_sentences_allagree_1051,The company 's board of directors will propose a dividend of EUR 0.14 for 2008 at the annual general meeting .,neutral,phrasebank,controlled_gold_split,neutral,0.004896929,0.9741615,0.020941513
phrasebank_sentences_50agree_1258,It has several innovative small molecule and biological drug candidates at different stages of clinical development .,neutral,phrasebank,controlled_gold_split,neutral,0.0032237454,0.9186339,0.07814235
phrasebank_sentences_66agree_544,"Based on strong customer interest and feedback , using RPM mobile phone manufacturers , operators , enterprises and developer forums can significantly increase their product and service quality , user-experience and cost-efficiency '' , Tulonen continues .",positive,phrasebank,controlled_gold_split,positive,0.005540164,0.07719243,0.91726744
phrasebank_sentences_allagree_1880,Loss for the period totalled EUR 15.6 mn compared to a profit of EUR 6.3 mn in 2008 .,negative,phrasebank,controlled_gold_split,positive,0.4385085,0.00932588,0.55216557
phrasebank_sentences_75agree_2459,"ALEXANDRIA , Va. , Nov. 19 -- Erkki Aho , Elimaki , Finland , has developed a method and apparatus in conjunction with a shoe press .",neutral,phrasebank,controlled_gold_split,neutral,0.0032634882,0.9594789,0.03725757
phrasebank_sentences_allagree_870,"Jarmo Honkamaa , head of the oil refining business at Neste Oil , says the situation looks promising from their viewpoint .",positive,phrasebank,controlled_gold_split,positive,0.006239985,0.37564105,0.61811894
phrasebank_sentences_allagree_384,"Operating profit totalled EUR 0.4 mn , up from an operating loss of EUR 0.8 mn year-on-year .",positive,phrasebank,controlled_gold_split,positive,0.013520391,0.015201382,0.97127825
phrasebank_sentences_allagree_2242,Finnish meat company Atria can no longer promise a sufficient amount of domestic beef to its customers .,negative,phrasebank,controlled_gold_split,neutral,0.039028708,0.95206505,0.0089062955
phrasebank_sentences_66agree_3267,"The area will also include some central buildings , and Honkarakenne has started negotiations on their delivery .",neutral,phrasebank,controlled_gold_split,neutral,0.0032491146,0.9627452,0.03400566
phrasebank_sentences_50agree_4584,"Operating profit for the six-month period decreased from EUR21m , while net sales increased from EUR436 .9 m , as compared to the corresponding period in 2007 .",negative,phrasebank,controlled_gold_split,negative,0.97202,0.02218888,0.0057911417
phrasebank_sentences_75agree_2849,"According shipping company Viking Line , the EU decision will have a significant financial impact .",neutral,phrasebank,controlled_gold_split,neutral,0.012975277,0.96170706,0.025317676
phrasebank_sentences_allagree_1871,"Acando AB ( ACANB SS ) fell 8.9 percent to 13.35 kronor , the lowest close since Dec. 11 .",negative,phrasebank,controlled_gold_split,negative,0.95142233,0.043446586,0.0051310062
phrasebank_sentences_allagree_136,"In the fourth quarter of 2009 , Orion 's net profit went up by 33.8 % year-on-year to EUR33m .",positive,phrasebank,controlled_gold_split,positive,0.009966506,0.019976221,0.97005725
phrasebank_sentences_66agree_501,"Following the increase , Huhtamaki Oyj 's registered share capital is EUR 358,706,290.00 and the number of shares outstanding is 105,501,850 .",neutral,phrasebank,controlled_gold_split,neutral,0.0030533052,0.9499972,0.046949558
phrasebank_sentences_66agree_883,`` BG Crane has been a strong partner for Hiab in Australia for many years .,neutral,phrasebank,controlled_gold_split,positive,0.005927429,0.24014689,0.7539256
phrasebank_sentences_75agree_40,The company also estimates the already carried out investments to lead to an increase in its net sales for 2010 from 2009 when they reached EUR 141.7 million .,positive,phrasebank,controlled_gold_split,positive,0.010811329,0.021669528,0.96751904
phrasebank_sentences_allagree_1606,Boomerang Boats had net sales of EUR 4.1 mn and it made an operating profit of EUR 0.4 mn in 2006 .,neutral,phrasebank,controlled_gold_split,neutral,0.003962995,0.9735083,0.022528768
phrasebank_sentences_allagree_1861,"With this acquisition the wireless modem unit and its approximately 1,100 employees were transferred to Renesas Electronics Corporation .",neutral,phrasebank,controlled_gold_split,neutral,0.0043427413,0.9808579,0.0147993015
phrasebank_sentences_75agree_358,- Provides summary of the medical equipment pipeline products that the company is developing .,neutral,phrasebank,controlled_gold_split,neutral,0.0045119207,0.9838648,0.0116233025
phrasebank_sentences_75agree_2883,"The company 's annual loss amounted to EEK 18mn , compared to a profit of EEK 7.3 mn in 2008 .",negative,phrasebank,controlled_gold_split,negative,0.6958028,0.010150543,0.29404658
phrasebank_sentences_allagree_438,Pretax profit jumped to EUR 21.9 million from EUR 3.1 million .,positive,phrasebank,controlled_gold_split,positive,0.01716646,0.016768798,0.96606475
phrasebank_sentences_50agree_4186,"Cuts equivalent to the costs of about 35-45 employees are the target , the company said .",negative,phrasebank,controlled_gold_split,negative,0.8858674,0.090981655,0.023150954
phrasebank_sentences_50agree_3786,"The companies will divest to UPM Fray Bentos pulp mill and Forestal Oriental , a company specialising in eucalyptus cultivation .",neutral,phrasebank,controlled_gold_split,neutral,0.004691046,0.97799,0.017319066
phrasebank_sentences_50agree_2491,It moved into the No. 2 spot in 2000 when it merged steel operations with Avesta Sheffield to form AvestaPolarit .,neutral,phrasebank,controlled_gold_split,positive,0.005687678,0.4833229,0.5109895
phrasebank_sentences_75agree_56,"On the route between Helsinki in Finland and Tallinn in Estonia , cargo volumes increased by 36 % , while cargo volumes between Finland and Sweden fell by 9 % .",neutral,phrasebank,controlled_gold_split,positive,0.0125729265,0.017472835,0.9699543
phrasebank_sentences_allagree_950,"Currently the Terminator lures are produced in a subcontract facility in Mexico but the manufacturing will be transferred to Rapala 's factory in Shenzhen , China .",neutral,phrasebank,controlled_gold_split,neutral,0.0033269546,0.9724238,0.024249244
phrasebank_sentences_allagree_1268,Investments in product development stood at 6.0 mln euro ( $ 8.8 mln ) .,neutral,phrasebank,controlled_gold_split,neutral,0.0042199213,0.9776277,0.018152364
phrasebank_sentences_allagree_842,Rapala said it estimates it will make savings of 1-2 mln eur a year by centralising its French operations at one site .,positive,phrasebank,controlled_gold_split,positive,0.005582937,0.1141179,0.8802992
phrasebank_sentences_75agree_1968,Fortum had intended to spend as much as ( EURO ) 2.7 bn to become the sole owner of TGK-10 .,neutral,phrasebank,controlled_gold_split,neutral,0.004043449,0.86973786,0.1262187
phrasebank_sentences_50agree_2254,Vacon 's office will support its customers in Brazil and South America .,neutral,phrasebank,controlled_gold_split,neutral,0.0027587025,0.92989624,0.067345016
phrasebank_sentences_75agree_2906,"The poorest index figure was given to Finnish power company Fortum , 4.5 .",negative,phrasebank,controlled_gold_split,neutral,0.049620073,0.9358051,0.014574856
phrasebank_sentences_allagree_1476,The parties have therefore agreed to leave Avena out of the deal .,neutral,phrasebank,controlled_gold_split,neutral,0.015962867,0.96282774,0.021209408
phrasebank_sentences_allagree_1131,"` Sanoma is a buyer not a target , ' he said .",neutral,phrasebank,controlled_gold_split,neutral,0.004518734,0.9738709,0.02161037
phrasebank_sentences_66agree_1650,"`` Uncommonly weak snow conditions in nearly every market have affected our first quarter result , '' Chief Executive Roger Talermo said .",negative,phrasebank,controlled_gold_split,negative,0.9632806,0.02998995,0.0067293434
phrasebank_sentences_allagree_18,"The company 's net profit rose 11.4 % on the year to 82.2 million euros in 2005 on sales of 686.5 million euros , 13.8 % up on the year , the company said earlier .",positive,phrasebank,controlled_gold_split,positive,0.010629411,0.017473668,0.97189695
phrasebank_sentences_66agree_1167,"The handset also features a Media Bar for quick access to favorite media and applications , including music , photos , YouTube or Ovi Share .",neutral,phrasebank,controlled_gold_split,neutral,0.00402807,0.9760577,0.019914176
phrasebank_sentences_50agree_1160,"After the signing , the total amount of Aspo 's revolving credit facility agreements is EUR 50 million , which replaces the formerly valid agreements of EUR 80 million .",neutral,phrasebank,controlled_gold_split,neutral,0.010235844,0.53274566,0.45701846
phrasebank_sentences_75agree_2976,"As a result , 12 people will be made redundant and a total of 67 persons are laid off temporarily .",negative,phrasebank,controlled_gold_split,negative,0.95195043,0.041288067,0.0067615174
phrasebank_sentences_66agree_66,"Other measures included increasing synergies and economies of scale within the Grimaldi Group and personnel adjustments , divestments and redelivery of excess tonnage .",neutral,phrasebank,controlled_gold_split,positive,0.005231798,0.17465484,0.82011336
phrasebank_sentences_allagree_120,Finnish metal products company Componenta Oyj net profit rose to 26.1 mln euro ( $ 35.9 mln ) for the first quarter of 2007 from 5.3 mln euro ( $ 7.3 mln ) for the same period of 2006 .,positive,phrasebank,controlled_gold_split,positive,0.017942838,0.01382459,0.9682326
phrasebank_sentences_66agree_778,Stockmann MasterCard has widened the scope of this cooperation to Estonia and Latvia .,positive,phrasebank,controlled_gold_split,positive,0.0047100415,0.3723424,0.6229476
phrasebank_sentences_66agree_2041,Dutch publisher De Vijver said today it has agreed to buy a 49 % stake in Belgian weekly magazine Humo from Finnish media company Sanoma HEL : SAA1V .,neutral,phrasebank,controlled_gold_split,neutral,0.006959829,0.5518089,0.4412312
phrasebank_sentences_66agree_3754,Metso estimates the need for personnel reductions to amount to 25 people .,negative,phrasebank,controlled_gold_split,negative,0.9577024,0.035581023,0.00671656
phrasebank_sentences_allagree_290,"Under the rental agreement , Stockmann was committed to invest in the building of a bridge over the Gogol Street or build an underground tunnel for crossing the street by 2004 .",neutral,phrasebank,controlled_gold_split,neutral,0.0058792275,0.516467,0.47765386
phrasebank_sentences_allagree_498,Halonen 's office acknowledged receiving the letter but declined comment .,neutral,phrasebank,controlled_gold_split,neutral,0.0206135,0.9664238,0.012962739
phrasebank_sentences_75agree_1221,"So far the company has awarded more than $ 350,000 worth of tools and materials .",neutral,phrasebank,controlled_gold_split,positive,0.0064171217,0.22831975,0.76526314
phrasebank_sentences_allagree_1312,Nordea was the cheapest also for a couple in their 30s with debt .,neutral,phrasebank,controlled_gold_split,neutral,0.0053308737,0.8521255,0.1425436
phrasebank_sentences_allagree_1168,"Apartments of YIT Home may be purchased in 5 regions of Russia , where YIT subsidiaries carry out their activities : Moscow and Moscow region , St. Petersburg , Ekaterinburg , Kazan and Rostov-on-Don .",neutral,phrasebank,controlled_gold_split,neutral,0.0032297184,0.9777809,0.01898937
phrasebank_sentences_allagree_1511,The shares shall be acquired according to the Rules of NASDAQ OMX Helsinki and otherwise according to the rules related to acquisition of the company 's own shares .,neutral,phrasebank,controlled_gold_split,neutral,0.0045486735,0.98416024,0.011291105
phrasebank_sentences_allagree_654,Changes to the as-built models from the design were communicated to the subcontractors to accommodate them into the steel and GRC glass reinforced concrete fabrication process .,neutral,phrasebank,controlled_gold_split,neutral,0.003550183,0.9015437,0.09490608
phrasebank_sentences_75agree_940,The Kyroskoski investment is to be completed in late 2011 and the +ä+ñnekoski investment in the spring of 2012 .,neutral,phrasebank,controlled_gold_split,neutral,0.0034477538,0.9786366,0.017915606
phrasebank_sentences_66agree_1224,"Vaisala Oyj Stock exchange release 26.03.2010 klo 09.00 1 ( 1 ) The Annual General Meeting of Vaisala Oyj decided on March 25 , 2010 to approve the Company 's annual accounts for 2009 .",neutral,phrasebank,controlled_gold_split,neutral,0.0050904467,0.94205976,0.052849777
phrasebank_sentences_allagree_592,"She will succeed Krister Kylas , who has decided to leave TeliaSonera .",neutral,phrasebank,controlled_gold_split,neutral,0.016139064,0.9763115,0.007549467
phrasebank_sentences_75agree_673,CEO Erkki J+ñrvinen is happy with the company 's performance in 2010 .,positive,phrasebank,controlled_gold_split,positive,0.008546149,0.06531177,0.9261421
phrasebank_sentences_50agree_1810,"One can even receive on the spot alerts as soon as jobs are posted , putting you at the front of the queue for opportunities .",neutral,phrasebank,controlled_gold_split,neutral,0.007208128,0.9674109,0.025380937
phrasebank_sentences_66agree_3702,The layoff talks were first announced in August .,neutral,phrasebank,controlled_gold_split,neutral,0.015568014,0.96221876,0.02221321
phrasebank_sentences_75agree_2281,The orders are part of a long-term development plan of Latvijas Finieris .,neutral,phrasebank,controlled_gold_split,neutral,0.0035292092,0.9540186,0.04245219
phrasebank_sentences_66agree_952,"The Estonian beverages maker A. Le Coq today brought to the market a new premium class beer , A. Le Coq Special , investing 6 million kroons EUR 383,000 into its development and planning to sell three million liters of the beer during the next year .",neutral,phrasebank,controlled_gold_split,positive,0.004708068,0.27998245,0.7153094
phrasebank_sentences_allagree_1562,"Vaisala , headquartered in Helsinki in Finland , develops and manufactures electronic measurement systems for meteorology , environmental sciences , traffic and industry .",neutral,phrasebank,controlled_gold_split,neutral,0.004078442,0.98248994,0.013431593
phrasebank_sentences_75agree_1339,Alma Media 's net sales in 2009 totalled MEUR 307.8 with an operating margin of 13.5 per cent .,neutral,phrasebank,controlled_gold_split,neutral,0.004633042,0.97728294,0.018084045
phrasebank_sentences_allagree_619,The new B shares carry the right to dividend and other shareholder rights with effect from today .,neutral,phrasebank,controlled_gold_split,neutral,0.004396427,0.9833335,0.012270025
phrasebank_sentences_allagree_8,"Foundries division reports its sales increased by 9.7 % to EUR 63.1 mn from EUR 57.5 mn in the corresponding period in 2006 , and sales of the Machine Shop division increased by 16.4 % to EUR 41.2 mn from EUR 35.4 mn in the corresponding period in 2006 .",positive,phrasebank,controlled_gold_split,positive,0.016762644,0.01658354,0.96665376
phrasebank_sentences_allagree_2062,"`` After a long , unprofitable period the Food Division posted a profitable result , which speaks of a healthier cost structure and a new approach in business operations , '' Rihko said .",positive,phrasebank,controlled_gold_split,positive,0.00847531,0.028981261,0.96254337
phrasebank_sentences_66agree_3673,"Russian officials inspected the damage and gave the vessel permission to continue to Tallinn at around 4.30 a.m. The Norwegian-registered M-T Sten Nordic was carrying 11,000 tons of gas oil and was manned by a Filipino crew .",neutral,phrasebank,controlled_gold_split,neutral,0.012670711,0.9661098,0.021219447
phrasebank_sentences_allagree_2127,Comparable operating profit decreased to EUR 13.8 mn from EUR 17.1 mn in the corresponding period in 2005 .,negative,phrasebank,controlled_gold_split,negative,0.9775997,0.016738601,0.0056617507
phrasebank_sentences_66agree_727,"As a domestic business , Best-In is already close to Finnish dog owners .",positive,phrasebank,controlled_gold_split,neutral,0.0033375504,0.977428,0.019234432
phrasebank_sentences_allagree_1541,Their names have not yet been released .,neutral,phrasebank,controlled_gold_split,neutral,0.10111229,0.8902699,0.008617796
phrasebank_sentences_75agree_3210,"According to Scanfil , demand for telecommunications network products has fluctuated significantly in the third quarter of 2006 , and the situation is expected to remain unstable for the rest of the year .",negative,phrasebank,controlled_gold_split,neutral,0.41059104,0.52953124,0.059877727
phrasebank_sentences_66agree_748,"However , Simdax will remain available in the markets where it already has been approved as it has marketing authorisations or submitted applications in more than 40 countries , Orion added .",positive,phrasebank,controlled_gold_split,positive,0.0043269363,0.32070568,0.6749674
phrasebank_sentences_allagree_1217,EUR 220 million of the transaction consideration was paid in the form of four-year interest-bearing vendor notes .,neutral,phrasebank,controlled_gold_split,neutral,0.006329528,0.9835064,0.010164066
phrasebank_sentences_66agree_1620,"The negotiations were carried out in a constructive manner , and all parties tried to find a solution to the situation .",positive,phrasebank,controlled_gold_split,positive,0.010195604,0.27990678,0.7098976
phrasebank_sentences_75agree_2397,Unilever 's Turun Sinappi that is made in Sweden holds 40 % of the market .,neutral,phrasebank,controlled_gold_split,neutral,0.0047363574,0.9835867,0.011676895
phrasebank_sentences_75agree_1382,"Juha Jordan , chief engineer at Glaston , said one of the reasons for choosing Vacon as a global AC drives supplier is that it has service and support centres in the same countries where Glaston operates .",positive,phrasebank,controlled_gold_split,neutral,0.0032118855,0.8888292,0.10795892
phrasebank_sentences_50agree_1875,This bold spinning 360 red fabric design is set beautifully on Ercols Napoli sofa .,positive,phrasebank,controlled_gold_split,neutral,0.0053463196,0.9150571,0.07959648
phrasebank_sentences_75agree_650,"The planned facility , estimated to cost around $ 814 million , would be the largest biodiesel plant in the world , and use palm oil certified by the Roundtable on Sustainable Palm Oil ( RSPO ) .",positive,phrasebank,controlled_gold_split,neutral,0.0040275822,0.76154846,0.23442392
phrasebank_sentences_75agree_2564,"Karachi , Sept. 14 -- Ixonos , a world leader in the development and integration of solutions for handheld devices , announced that it is implementing a touch screen mobile user interface solution for the Intel Atom processor Z6xx based smartphones .",neutral,phrasebank,controlled_gold_split,positive,0.004909338,0.21569254,0.7793981
phrasebank_sentences_66agree_2408,"Beef imports fell slightly from 2006 , to 14mn kilos .",neutral,phrasebank,controlled_gold_split,negative,0.97379893,0.014109239,0.012091866
phrasebank_sentences_75agree_2578,Marketing will use Tikkurila 's existing infra structure and local knowledge in Russia .,neutral,phrasebank,controlled_gold_split,neutral,0.0027247015,0.9550216,0.042253707
phrasebank_sentences_75agree_2948,"The effect may remain short-lived , however .",neutral,phrasebank,controlled_gold_split,neutral,0.013892689,0.9635463,0.022561073
phrasebank_sentences_75agree_53,The new plant is planned to have an electricity generation capacity of up to 350 megawatts ( MW ) and the same heat generation capacity .,neutral,phrasebank,controlled_gold_split,neutral,0.0030275476,0.929192,0.06778042
phrasebank_sentences_allagree_276,"ALEXANDRIA , Va. , May 16 -- Kenneth Bower of Vista , Calif. , has developed an ornamental design for a handset , the U.S. Patent & Trademark Office announced .",neutral,phrasebank,controlled_gold_split,neutral,0.003670577,0.9412642,0.055065144
phrasebank_sentences_75agree_986,"www.countryelements.co.uk Designed by Patricia Burt , this is just one of a selection of distinctive hooked rugs created with recycled materials and dyed natural dyes .",neutral,phrasebank,controlled_gold_split,neutral,0.0042078714,0.9748361,0.020956013
phrasebank_sentences_allagree_1058,The company will be part of Teleste 's Video and Broadband Solutions business area .,neutral,phrasebank,controlled_gold_split,neutral,0.0028246194,0.9727922,0.024383122
phrasebank_sentences_allagree_244,Return on capital employed rose by 4.8 percentage points to 19.6 % .,positive,phrasebank,controlled_gold_split,positive,0.0114219105,0.01892372,0.9696544
phrasebank_sentences_50agree_1555,"Kaukopartio Oy has acquired specialized knowledge in Far Eastern operations , and industrial sourcing services are their core competence .",neutral,phrasebank,controlled_gold_split,neutral,0.0027864168,0.9447575,0.052456025
phrasebank_sentences_50agree_424,"Deliveries are to start later in 2010 , and the volume will increase in the years 2011-2012 .",neutral,phrasebank,controlled_gold_split,positive,0.004886069,0.36570162,0.6294123
phrasebank_sentences_75agree_2841,"SSH COMMUNICATIONS SECURITY CORP STOCK EXCHANGE RELEASE OCTOBER 14 , 2008 AT 2:45 PM The Company updates its full year outlook and estimates its results to remain at loss for the full year .",negative,phrasebank,controlled_gold_split,negative,0.70460474,0.27714244,0.018252766
phrasebank_sentences_50agree_62,"`` The new agreement is a continuation to theagreement signed earlier this year with the Lemminkainen Group , whereby Cramo acquired the entire construction machine fleet ofLemminkainen Talo Oy Ita - ja Pohjois Suomo , and signed asimilar agreement , '' said Tatu Hauhio , managing director ofCramo Finland .",neutral,phrasebank,controlled_gold_split,positive,0.0063574053,0.24066584,0.7529768
phrasebank_sentences_allagree_212,Cash flow from operations rose to EUR 52.7 mn from EUR 15.6 mn in 2007 .,positive,phrasebank,controlled_gold_split,positive,0.017108668,0.015366093,0.9675252
phrasebank_sentences_allagree_1469,The Notice in its entirety with other proposals from the Nomination Committee and the Board will be published at least four weeks before 28 April on the company 's website and in Post - och Inrikes Tidningar and Dagens Industri .,neutral,phrasebank,controlled_gold_split,neutral,0.0076632365,0.9861972,0.0061395704
phrasebank_sentences_66agree_3502,He said : `` It is for sale again and we will be actively marketing it .,neutral,phrasebank,controlled_gold_split,positive,0.006266466,0.22647053,0.76726305
phrasebank_sentences_75agree_976,"They re in a race with Google to get lots of users onto their service as social networking creates new business models , said Martin Garner , a London-based analyst with CCS Insight .",neutral,phrasebank,controlled_gold_split,neutral,0.007953131,0.7279026,0.26414424
phrasebank_sentences_allagree_1518,"The total restructuring costs are expected to be about EUR 30mn , of which EUR 13.5 mn was booked in December 2008 .",neutral,phrasebank,controlled_gold_split,neutral,0.012732696,0.97749525,0.009772034
phrasebank_sentences_allagree_1679,Mr Jortikka is president of the base metal division of Outotec Oyj in Finland and is on the executive committee of Outotec .,neutral,phrasebank,controlled_gold_split,neutral,0.0092265485,0.98245424,0.008319228
phrasebank_sentences_50agree_309,Vacon will supply drives to Ruselprom in the power range from 200 kW up to 2 MW .,neutral,phrasebank,controlled_gold_split,neutral,0.0032988542,0.93090135,0.065799825
phrasebank_sentences_allagree_1253,"In addition , the contract includes modification of the effluent treatment plant at Follum .",neutral,phrasebank,controlled_gold_split,neutral,0.0038916708,0.96914744,0.026960842
phrasebank_sentences_66agree_69,"The 718,430 new Series A shares will become subject to trading on the Helsinki Stock Exchange 's Main List , together with the old Series A shares , on July 3 , 2006 .",neutral,phrasebank,controlled_gold_split,neutral,0.004981268,0.98611253,0.008906125
phrasebank_sentences_75agree_1000,A CUT ABOVE Bring the outdoors in with these birch-branch coasters .,neutral,phrasebank,controlled_gold_split,neutral,0.0061320043,0.8667006,0.12716737
phrasebank_sentences_allagree_722,"UPM-Kymmene www.upm-kymmene.com produces magazine papers and newsprint , as well as fine and specialty papers , converting materials and wood products .",neutral,phrasebank,controlled_gold_split,neutral,0.0054936837,0.98540443,0.009101888
phrasebank_sentences_allagree_2078,He wore a black beanie-type cap and a black jacket .,neutral,phrasebank,controlled_gold_split,neutral,0.045144245,0.9426369,0.012218828
phrasebank_sentences_75agree_1252,"In a release , the Company said that Vocollect T2 customers in North America can now take advantage of its Voice Directed Warehousing solution and increase warehouse efficiency and productivity gains at a discounted price .",positive,phrasebank,controlled_gold_split,positive,0.0052430946,0.07787883,0.91687804
phrasebank_sentences_allagree_1207,"Deliveries of Nokia 1112 , Nokia 2310 and Nokia 2610 are expected to start in the second quarter of 2006 .",neutral,phrasebank,controlled_gold_split,neutral,0.0034309719,0.9681835,0.028385563
phrasebank_sentences_75agree_1532,Finnish property investment company Citycon plans to issue directed subordinated convertible bonds to institutional investors .,neutral,phrasebank,controlled_gold_split,neutral,0.0032326966,0.95975304,0.037014324
phrasebank_sentences_allagree_1746,"The Company operates through four principal divisions : Consumer Packaging ; Office Papers ; Speciality Papers , as well as Market Pulp and Energy .",neutral,phrasebank,controlled_gold_split,neutral,0.00636487,0.9870682,0.006566913
phrasebank_sentences_allagree_1698,"Panostaja owns a 68.77 pct of share capital and the voting rights of Suomen Helasto shares following an exchange of shares which was carried out on May 30 , 2007 .",neutral,phrasebank,controlled_gold_split,neutral,0.0031200054,0.9707501,0.026129862
phrasebank_sentences_allagree_1962,"The authorisation is in force until the end of the next Annual General Meeting and repeals the authorisation to acquire own shares given by the General Meeting held on April 4 , 2007 .",neutral,phrasebank,controlled_gold_split,neutral,0.0317392,0.95326823,0.014992538
phrasebank_sentences_allagree_110,Diluted EPS rose to EUR3 .68 from EUR0 .50 .,positive,phrasebank,controlled_gold_split,positive,0.017281882,0.017726298,0.9649918
phrasebank_sentences_allagree_1436,The financial statements release will be available after publishing on the Company 's internet pages at www.cargotec.com .,neutral,phrasebank,controlled_gold_split,neutral,0.005555572,0.9868211,0.0076232865
phrasebank_sentences_allagree_430,Finnish handling systems company Cargotec Oyj ( HEL : CGCBV ) said today that it won a EUR 13 million ( USD 16.6 m ) contract to deliver MacGregor hatch covers for ships ordered by Norwegian shipowner Grieg Shipping .,positive,phrasebank,controlled_gold_split,positive,0.013463481,0.022175863,0.96436065
phrasebank_sentences_allagree_1007,"Paychex has more than 100 offices serving approximately 554,000 payroll clients nationwide as of May 31 , 2009 .",neutral,phrasebank,controlled_gold_split,neutral,0.0036544777,0.97446704,0.021878492
phrasebank_sentences_75agree_458,"By combining its existing solutions into a single platform , Comptel said that it has reduced the cost of deployment .",positive,phrasebank,controlled_gold_split,positive,0.006724538,0.07386563,0.9194098
phrasebank_sentences_allagree_1462,The name of the newspaper publishing and printing division Sanoma will be changed to Sanoma News .,neutral,phrasebank,controlled_gold_split,neutral,0.0045220046,0.98221946,0.013258502
phrasebank_sentences_50agree_462,"Vaisala Oyj Press Release September 30 , 2010 Vaisala has signed a contract to sell its oxygen measurement technology and business to SICK Maihak GmbH .",positive,phrasebank,controlled_gold_split,positive,0.0071694017,0.064764,0.92806655
phrasebank_sentences_66agree_1742,Delhaize Le Lion has selected the Aldata G.O.L.D. Vocal PDA solution on the Motorola WT4090 PDA terminal .,neutral,phrasebank,controlled_gold_split,neutral,0.0031671266,0.84122235,0.15561049
phrasebank_sentences_75agree_2066,No financial detail were available .,neutral,phrasebank,controlled_gold_split,neutral,0.011986306,0.9819364,0.006077331
phrasebank_sentences_50agree_2134,It appears from statistics of the Technical Surveillance Authority that customers who switch service providers mostly transfer their numbers to Elisa 's network .,neutral,phrasebank,controlled_gold_split,neutral,0.0073824483,0.9859805,0.0066369995
phrasebank_sentences_allagree_1471,"The objective is that trading in the shares will commence on May 2 , 2007 .",neutral,phrasebank,controlled_gold_split,neutral,0.003942427,0.98563,0.010427566
phrasebank_sentences_allagree_1423,"The deal includes the entire personnel of PlanMill Oy , who will transfer to the new company as so-called old employees .",neutral,phrasebank,controlled_gold_split,neutral,0.0057823127,0.9848595,0.009358163
phrasebank_sentences_allagree_1718,"That address also happens to house Italian megamart Eataly , meaning that `` Come on , kids , we 're going to the Toy Building ! ''",neutral,phrasebank,controlled_gold_split,neutral,0.0060932715,0.9720923,0.02181452
phrasebank_sentences_allagree_545,"CapMan has four investment areas ( CapMan Buyout , CapMan Technology , CapMan Life Science and CapMan Real Estate ) , and each of them has a dedicated team .",neutral,phrasebank,controlled_gold_split,neutral,0.0033247469,0.9832335,0.013441758
phrasebank_sentences_allagree_1744,The company has an annual turnover of EUR32 .8 m.,neutral,phrasebank,controlled_gold_split,neutral,0.0065808203,0.98241985,0.010999296
phrasebank_sentences_allagree_840,"Pretax profit totalled EUR 2.0 mn , compared to a loss of EUR 159.2 mn in the fourth quarter of 2008 .",positive,phrasebank,controlled_gold_split,positive,0.029452363,0.011277541,0.95927
phrasebank_sentences_allagree_1959,Short-term licenses for the games cost as little as $ 3 while purchasing a game outright can cost as much as $ 10 or $ 15 .,neutral,phrasebank,controlled_gold_split,neutral,0.007512758,0.9810986,0.011388662
phrasebank_sentences_allagree_1269,"ISMS does not disclose its financial results , the daily said .",neutral,phrasebank,controlled_gold_split,neutral,0.014883735,0.97973365,0.005382641
phrasebank_sentences_75agree_568,The objective of the planned measures is to achieve significant savings in the next few years .,positive,phrasebank,controlled_gold_split,positive,0.006082635,0.174365,0.81955236
phrasebank_sentences_50agree_186,"Editor 's note : Grimaldi generated a 1.7 bln euro ( $ 2.182 bln ) turnover in 2005 , ANSA reported on May 29 , 2006 .",neutral,phrasebank,controlled_gold_split,neutral,0.01136152,0.9739929,0.0146455765
phrasebank_sentences_50agree_139,"A structures BIM ( building information modeling ) software from Tekla , a model-based software provider , has been adopted for the construction management and delivery of a university project in Abu Dhabi .",neutral,phrasebank,controlled_gold_split,neutral,0.005465646,0.53772616,0.45680815
phrasebank_sentences_allagree_1610,"Cargotec 's sales totalled EUR 3.4 billion in 2008 and it employs approximately 11,000 people .",neutral,phrasebank,controlled_gold_split,neutral,0.003943585,0.9801594,0.015897045
phrasebank_sentences_75agree_1814,"Swedbank Hypotek - Is to issue a benchmark , fixed rate covered deal in Euros , maturing January 2010 .",neutral,phrasebank,controlled_gold_split,neutral,0.0031921482,0.964521,0.032286815
phrasebank_sentences_75agree_870,LSC 's 30 employees will move to Ixonos with their existing status and benefits .,neutral,phrasebank,controlled_gold_split,neutral,0.005232824,0.98173964,0.013027473
phrasebank_sentences_50agree_713,Both loans will be used to finance strategic investments such as shopping center redevelopment projects and refinancing of maturing debt .,positive,phrasebank,controlled_gold_split,neutral,0.005906304,0.73598933,0.25810435
phrasebank_sentences_allagree_176,Orders received grew by 55 % year-on-year to EUR732m .,positive,phrasebank,controlled_gold_split,positive,0.01040652,0.019309487,0.9702839
phrasebank_sentences_66agree_404,The companies ' aim is to finalize the negotiations and sign the contracts at the start of October 2008 .,neutral,phrasebank,controlled_gold_split,neutral,0.0036297785,0.94916046,0.047209788
phrasebank_sentences_66agree_3089,Earnings per share EPS in 2005 amounted to a loss of EUR1 .26 .,neutral,phrasebank,controlled_gold_split,negative,0.9684729,0.025533168,0.0059940037
phrasebank_sentences_75agree_1344,CORPORATE IT UPDATE - ( C ) 1995-2009 M2 COMMUNICATIONS LTD Finnish technology group Teleste Corporation ( OMX Helsinki : TLT1V ) reported on Wednesday ( 4 February ) an operating profit of EUR5 .6 m on net sales of EUR108 .7 m for the year 2008 .,neutral,phrasebank,controlled_gold_split,neutral,0.0060737114,0.9689717,0.024954539
phrasebank_sentences_66agree_367,YIT Construction and the town of Riihim+ñki have signed a lease contract whereby the town will occupy the Travel Centre office facilities .,positive,phrasebank,controlled_gold_split,positive,0.008260001,0.13257939,0.8591607
phrasebank_sentences_50agree_2420,Benefon 's target is to lay off temporarily of permanently up to 20 % of the Salo plant 's staff .,negative,phrasebank,controlled_gold_split,negative,0.96373326,0.029560516,0.006706258
phrasebank_sentences_allagree_1044,"The business area has operations in Finland , Sweden , Denmark , Estonia , Latvia and Lithuania .",neutral,phrasebank,controlled_gold_split,neutral,0.0058655688,0.9854741,0.008660287
phrasebank_sentences_75agree_2230,The Finnish paints company acquired the remaining 49 pct that it did not own from Ukraine 's LGU for an undisclosed sum .,neutral,phrasebank,controlled_gold_split,neutral,0.0043426016,0.97891265,0.01674472
phrasebank_sentences_50agree_995,The world 's biggest magazine paper maker said the program to improve efficiency will include closing several of its least competitive mills and would cover all the company 's operations resulting in annual savings of some euro200 million US$ 240 million .,positive,phrasebank,controlled_gold_split,positive,0.007567288,0.057718232,0.93471444
phrasebank_sentences_50agree_500,One of the challenges in the oil production in the North Sea is scale formation that can plug pipelines and halt production .,negative,phrasebank,controlled_gold_split,neutral,0.06097862,0.9177721,0.021249304
phrasebank_sentences_75agree_1055,Pharmaceuticals - Netherlands This brand-new market analysis gives a clear overview of the actual situation and future outlook of the pharmaceutical market in Netherlands .,neutral,phrasebank,controlled_gold_split,neutral,0.004629716,0.98040354,0.014966814
phrasebank_sentences_allagree_2198,"In September alone , the market declined by 10.2 percent year-on-year to 19.28 million liters .",negative,phrasebank,controlled_gold_split,negative,0.9740261,0.020463549,0.005510379
phrasebank_sentences_75agree_936,"The important thing now is to keep the bank 's existing 15,000 customers .",neutral,phrasebank,controlled_gold_split,neutral,0.0035999515,0.94504535,0.051354744
phrasebank_sentences_75agree_1349,Elektrobit ( EB ) has renewed its IT infrastructure contract with ICT services provider Fujitsu Services for EB 's Patja service .,positive,phrasebank,controlled_gold_split,positive,0.0064350395,0.036653318,0.9569116
phrasebank_sentences_allagree_1252,"In addition , MIDs are always online and enable full Internet browsing .",neutral,phrasebank,controlled_gold_split,neutral,0.0036610346,0.978124,0.018214867
phrasebank_sentences_allagree_697,The deal was worth about EUR 1.2 mn .,neutral,phrasebank,controlled_gold_split,neutral,0.0055630268,0.97949857,0.014938403
phrasebank_sentences_allagree_1523,"The transaction is subject to a final agreement between the parties , approvals of their decision-making bodies and approval by the Finnish Competition Authority .",neutral,phrasebank,controlled_gold_split,neutral,0.003925308,0.9794352,0.016639523
phrasebank_sentences_75agree_2498,"Economic development in China is no longer taking place only on the East coast and in the Shanghai area , Vauramo says .",neutral,phrasebank,controlled_gold_split,neutral,0.003934541,0.974099,0.021966547
phrasebank_sentences_allagree_1785,The final outcome of the rights offering is to be reported around 23 October 2009 .,neutral,phrasebank,controlled_gold_split,neutral,0.0046888967,0.98520875,0.010102425
phrasebank_sentences_75agree_2400,"Upon completion of these transactions , Metso 's stake will amount to more than 60 % .",neutral,phrasebank,controlled_gold_split,neutral,0.003017895,0.9687862,0.028195959
phrasebank_sentences_75agree_2278,The order is a follow-on to an 11 mln euro ( $ 16.1 mln ) deal made in July 2007 .,neutral,phrasebank,controlled_gold_split,neutral,0.0033487352,0.95053047,0.04612077
phrasebank_sentences_75agree_2120,"SAN FRANCISCO ( MarketWatch ) -- Nokia Corp , the world 's largest cell-phone maker , is using the Consumer Electronics Show in Las Vegas to introduce a high-end , thin folding phone , according to a media report Monday .",neutral,phrasebank,controlled_gold_split,neutral,0.007206678,0.56693375,0.42585957
phrasebank_sentences_allagree_930,All YIT Capital Markets Day materials will be available on the company 's Internet site at www.yitgroup.com/investors at 10:30 on September 26 .,neutral,phrasebank,controlled_gold_split,neutral,0.0062606945,0.9862022,0.0075371037
phrasebank_sentences_allagree_1945,Atria said its offer would give the Swedish company continued ownership and control of its slaughtering and cutting operations .,neutral,phrasebank,controlled_gold_split,neutral,0.0030728423,0.9449373,0.051989842
phrasebank_sentences_allagree_1041,The Board of Directors was authorized to decide on other terms of the share issue .,neutral,phrasebank,controlled_gold_split,neutral,0.0046231737,0.9790182,0.016358593
phrasebank_sentences_allagree_593,Shuweihat 2 got under way in July 2008 when the project was awarded to desalination and power contractors .,neutral,phrasebank,controlled_gold_split,positive,0.0053342874,0.4510848,0.543581
phrasebank_sentences_75agree_1436,"The Group 's revenue amounts to over EUR 80 million , about half of which is accounted for by exports .",neutral,phrasebank,controlled_gold_split,neutral,0.003763438,0.97454774,0.021688838
phrasebank_sentences_66agree_2880,The sale of the food potato business is part of Raisio 's plan to streamline and clarify its business operations .,neutral,phrasebank,controlled_gold_split,positive,0.006153954,0.43608493,0.55776113
phrasebank_sentences_66agree_1432,"Via the plant , the Belgian company will feed 8.4 MW of electricity into the distribution grid and will be able to deliver up to 14 MW of heat .",neutral,phrasebank,controlled_gold_split,positive,0.0048735286,0.30225155,0.6928749
phrasebank_sentences_75agree_3041,"`` Soon after , the collisions started . ''",neutral,phrasebank,controlled_gold_split,neutral,0.1562269,0.61955094,0.22422218
phrasebank_sentences_66agree_1765,"However , he expects banks to provide alternative financing .",positive,phrasebank,controlled_gold_split,positive,0.0054019336,0.44840747,0.54619056
phrasebank_sentences_75agree_2330,The shares subscribed will be eligible for trade on the following day from the registration .,neutral,phrasebank,controlled_gold_split,neutral,0.0042122975,0.9835154,0.012272295
phrasebank_sentences_66agree_1666,Both companies ' existing investment plans will be coordinated .,neutral,phrasebank,controlled_gold_split,neutral,0.0042623812,0.79344994,0.20228776
phrasebank_sentences_allagree_114,"EUR928 ,000 in Q1 2010 6 May 2010 - Finnish textile and clothing design company Marimekko Oyj ( HEL : MMO1V ) said today its net profit rose to EUR928 ,000 in the first quarter of 2010 from EUR13 ,000 in the corresponding period a year earlier .",positive,phrasebank,controlled_gold_split,positive,0.01910479,0.0161982,0.96469706
phrasebank_sentences_50agree_3172,"The business goals for 2009 will realize with the temporary lay-offs carried out in the summer of 2009 , and with other savings measures .",neutral,phrasebank,controlled_gold_split,neutral,0.0061606835,0.7141674,0.27967197
phrasebank_sentences_allagree_449,"The original name Componenta +àm+Ñl , as a subsidiary of the Finnish Componenta Group , has been changed to +àm+Ñl Components and the company has seen a 63 % growth in Q1 2010 , in comparison to Q1 2009 .",positive,phrasebank,controlled_gold_split,positive,0.006587191,0.056904647,0.9365082
phrasebank_sentences_66agree_1103,One attractive factor about the tablets for media companies is that they provide a new way of making money .,positive,phrasebank,controlled_gold_split,neutral,0.0034132912,0.8634017,0.13318504
phrasebank_sentences_66agree_1321,"One of the opportunities would be to bring all Baltic meat processing to Rakvere , like processing was concentrated at the Vantaa meat-packing unit in Finland , the paper wrote .",neutral,phrasebank,controlled_gold_split,neutral,0.0044169305,0.79692256,0.19866051
phrasebank_sentences_allagree_1078,"The fish content of the nuggets is 85 % , and the fish comes from Canada and Finland .",neutral,phrasebank,controlled_gold_split,neutral,0.004352461,0.98305327,0.012594263
phrasebank_sentences_66agree_451,The company plans to spend the proceeds from the rights offering for strengthening its balance sheet .,neutral,phrasebank,controlled_gold_split,positive,0.005853379,0.15870829,0.8354384
phrasebank_sentences_allagree_607,The company is studying the feasibility of focusing most of its processed meat production in the Vantaa facilities and the processing of fresh meat in the Forssa facilities .,neutral,phrasebank,controlled_gold_split,neutral,0.004618153,0.773626,0.22175582
phrasebank_sentences_allagree_984,"Iso Omena is based in the Matinkyla district of the southern part of the city of Espoo , southern Finland .",neutral,phrasebank,controlled_gold_split,neutral,0.006074619,0.9843779,0.009547389
phrasebank_sentences_75agree_2941,"It would be premature to talk about dates , volume and the investment procedure , '' he said .",neutral,phrasebank,controlled_gold_split,neutral,0.03811946,0.9519365,0.009944055
phrasebank_sentences_75agree_1290,"For 2009 , Incap expects revenue of some EUR 70 million .",neutral,phrasebank,controlled_gold_split,neutral,0.0034160533,0.9546057,0.0419783
phrasebank_sentences_allagree_2156,Net sales fell by 33 % from the third quarter of 2008 to EUR 130.5 mn .,negative,phrasebank,controlled_gold_split,negative,0.9761504,0.018865364,0.0049842
phrasebank_sentences_allagree_31,"The company 's order book stood at 1.5 bln euro $ 2.2 bln on September 30 , 2007 , up by 24.2 pct on the year , with international orders amounting to 365 mln euro $ 534.3 mln .",positive,phrasebank,controlled_gold_split,positive,0.010732597,0.021261102,0.9680063
phrasebank_sentences_75agree_1128,"Wayne Greensmith , Fiskars Brands UK senior brand manager , said : `` We have launched this as we want to give something back to the community .",neutral,phrasebank,controlled_gold_split,neutral,0.0059008813,0.53169936,0.46239978
phrasebank_sentences_allagree_565,"It is a member of the OneWorld alliance , which includes American Airlines and British Airways .",neutral,phrasebank,controlled_gold_split,neutral,0.0036723295,0.9659304,0.030397233
phrasebank_sentences_allagree_2151,Market share decreased on the route between Helsinki in Finland and Tallinn in Estonia by 0.1 percentage points to 24.8 % .,negative,phrasebank,controlled_gold_split,negative,0.97028774,0.023925766,0.0057864697
phrasebank_sentences_75agree_1087,"The contracts awarded to date , in connection with the system , amount to a total EUR 36 million .",neutral,phrasebank,controlled_gold_split,neutral,0.0040913015,0.9515402,0.04436852
phrasebank_sentences_allagree_1027,"SSH Communications Security Corporation is headquartered in Helsinki , Finland .",neutral,phrasebank,controlled_gold_split,neutral,0.005763224,0.986413,0.007823727
phrasebank_sentences_allagree_1915,EBIT excluding non-recurring items was estimated to increase from 2009 .,positive,phrasebank,controlled_gold_split,positive,0.009830966,0.022024991,0.96814406
phrasebank_sentences_50agree_1911,"Sami Sepp+ñnen , CEO for Elisa Eesti , says the novel network allows fast mobile broadband for sparsely populated areas .",neutral,phrasebank,controlled_gold_split,neutral,0.0033618202,0.8620882,0.13454998
phrasebank_sentences_75agree_2307,The proposed consolidation activities will impact approximately 30 positions .,neutral,phrasebank,controlled_gold_split,neutral,0.009755942,0.97874874,0.011495309
phrasebank_sentences_75agree_3148,Ramirent made 18 million kroons EUR 1.15 mln loss last year ; the year before the company was 7.3 million kroons in the black .,negative,phrasebank,controlled_gold_split,negative,0.95475,0.035592783,0.0096571585
phrasebank_sentences_66agree_2683,"Talvivaara Mining Company PLC ( Talvivaara Mining ) ( LSE : TALV ) , a Finland-based nickel mining business , has installed its second production line at its metals recovery plant on June 9 , 2010 .",neutral,phrasebank,controlled_gold_split,neutral,0.0057018553,0.5522682,0.44202992
phrasebank_sentences_75agree_2816,"Under Finnish law , Parliament grants licences to build nuclear power plants .",neutral,phrasebank,controlled_gold_split,neutral,0.0040152576,0.9193761,0.07660864
phrasebank_sentences_50agree_2392,After that the two companies sat down and sewed up the present deal .,neutral,phrasebank,controlled_gold_split,neutral,0.0066109505,0.9716171,0.02177194
phrasebank_sentences_66agree_3841,The maritime administration said the ships had ignored warnings about the icy conditions .,negative,phrasebank,controlled_gold_split,negative,0.50727713,0.43073076,0.061992083
phrasebank_sentences_75agree_2782,"The total value of the agreement is USD4 .0 m , the company said .",neutral,phrasebank,controlled_gold_split,neutral,0.0049015055,0.9846406,0.010457871
phrasebank_sentences_50agree_3914,The through service of FESCO is a telling example of strengthening the relationship between logistics companies and operators at the international level .,positive,phrasebank,controlled_gold_split,positive,0.0047221915,0.17911269,0.81616515
phrasebank_sentences_allagree_706,"The record date for dividend distribution is March 14 , 2008 .",neutral,phrasebank,controlled_gold_split,neutral,0.00825944,0.98400426,0.0077363276
phrasebank_sentences_66agree_1456,Mr Lee said he hoped that Neste 's move will ` pave the way for more collaboration projects between our two countries ' .,positive,phrasebank,controlled_gold_split,positive,0.006146621,0.104484625,0.88936865
phrasebank_sentences_allagree_862,"Finnish broadband data communication systems provider Teleste Oyj HEL : TLT1V said yesterday it returned to a net profit of EUR 2.7 million USD 3.8 m for the first nine months of 2010 versus a net loss of EUR 579,000 for the same period of 2009 .",positive,phrasebank,controlled_gold_split,positive,0.020838458,0.013573092,0.9655885
phrasebank_sentences_allagree_1407,"The Company serves approximately 3,000 customers in over 100 countries .",neutral,phrasebank,controlled_gold_split,neutral,0.0030354315,0.96494615,0.032018397
phrasebank_sentences_50agree_3152,"Thanks to the development of a system that enables it to trace the origin of all the palm oil that it uses , it knows exactly where and how its palm oil has been produced .",neutral,phrasebank,controlled_gold_split,neutral,0.0045184693,0.73363894,0.26184258
phrasebank_sentences_allagree_183,"Pre-tax profit totaled EUR 397.4 mn , up from EUR 164.7 mn .",positive,phrasebank,controlled_gold_split,positive,0.01491887,0.015896572,0.9691845
phrasebank_sentences_66agree_4183,The winner does not have to be present to win .,neutral,phrasebank,controlled_gold_split,neutral,0.0068679224,0.9850397,0.00809239
phrasebank_sentences_allagree_2246,"Qualcomm estimated a first-quarter profit between 46 and 50 cents a share , excluding certain items , below the analyst estimate of 61 cents a share .",negative,phrasebank,controlled_gold_split,negative,0.96522564,0.019096602,0.015677784
phrasebank_sentences_66agree_2582,"Metso Oyj said it has sold its spreader roll manufacturing business and related assets in the town of Nokia , southern Finland , to a group of Finnish investors , who will operate the business under the name of Finbow Oy .",neutral,phrasebank,controlled_gold_split,neutral,0.0034224319,0.97525126,0.021326303
phrasebank_sentences_75agree_3426,"Because expenditures must be justified to pass budget approval hurdles , we believe our RoP model can help make it easier for IT and IT security practitioners to make the business case for acquiring enabling security technologies and related control activities .",neutral,phrasebank,controlled_gold_split,positive,0.0049592024,0.20618708,0.7888537
phrasebank_sentences_66agree_1747,European traffic grew nearly 30 % .,positive,phrasebank,controlled_gold_split,positive,0.005911897,0.043534283,0.95055383
phrasebank_sentences_50agree_1702,Finnish plumbing and heating systems supplier Uponor announced a company-wide cost reduction program in August 2008 .,neutral,phrasebank,controlled_gold_split,positive,0.08523548,0.07139099,0.84337354
phrasebank_sentences_allagree_329,"26 January 2011 - Finnish metal products company Componenta Oyj ( HEL : CTH1V ) said yesterday its net loss narrowed to EUR500 ,000 in the last quarter of 2010 from EUR5 .3 m for the same period a year earlier .",positive,phrasebank,controlled_gold_split,positive,0.030837806,0.016361848,0.9528004
phrasebank_sentences_50agree_3976,"We bring a new , committed leadership and business and strategic know-how to the company that we buy .",neutral,phrasebank,controlled_gold_split,neutral,0.0031873686,0.86836976,0.12844296
phrasebank_sentences_75agree_3047,And Ogden reportedly will shell out $ 4.2 million .,neutral,phrasebank,controlled_gold_split,neutral,0.0072629373,0.97381544,0.018921593
phrasebank_sentences_50agree_1892,Being successful requires providing a level of quality that satisfies our customers and partners .,neutral,phrasebank,controlled_gold_split,neutral,0.0031603393,0.9419433,0.05489632
phrasebank_sentences_50agree_1162,"Aho is proud of the company 's new product , Lordi-Cola .",neutral,phrasebank,controlled_gold_split,positive,0.0056186174,0.35377595,0.64060545
phrasebank_sentences_allagree_356,"ADPnews - Feb 5 , 2010 - Finnish real estate investor Sponda Oyj HEL : SDA1V said today that it slipped to a net loss of EUR 81.5 million USD 11.8 m in 2009 from a profit of EUR 29.3 million in 2008 .",negative,phrasebank,controlled_gold_split,negative,0.9720233,0.01877643,0.009200184
phrasebank_sentences_66agree_2849,"The permanent magnet generators and power converters are today the preferred solution in new wind turbine designs , the company said .",neutral,phrasebank,controlled_gold_split,neutral,0.0032989897,0.9147184,0.08198259
phrasebank_sentences_75agree_2127,Solidium now holds 5.0 per cent of the shares Solidium Oy has acquired 5.0 per cent of the shares in Tieto Corporation for approximately EUR 58 million .,neutral,phrasebank,controlled_gold_split,neutral,0.003745915,0.96058345,0.03567064
phrasebank_sentences_allagree_1603,"Based on the 2005 calendar year the combined company had EUR15 .8 bn in pro forma annual revenues and is expected to start operations with 60,000 employees .",neutral,phrasebank,controlled_gold_split,neutral,0.003364455,0.9549925,0.041643076
phrasebank_sentences_allagree_1994,Filmiteollisuus Fine Ab will be transferred to Talentum Oyj in the form of a subsidiary .,neutral,phrasebank,controlled_gold_split,neutral,0.0040719355,0.9847617,0.011166381
phrasebank_sentences_allagree_2091,"As part of the transaction , M-real and Sappi have also signed a long-term agreement on the supply of pulp and BCTMP and other smaller services and supplies .",positive,phrasebank,controlled_gold_split,positive,0.006560239,0.10521017,0.88822955
phrasebank_sentences_allagree_1400,The company reiterates its outlook for 2009 .,neutral,phrasebank,controlled_gold_split,neutral,0.0045275907,0.9776874,0.017784975
phrasebank_sentences_75agree_312,"The airline has ordered nine Airbus A350-900 aircraft with deliveries from 2011 , and in doing so becomes the lead airline for the latest variant of Rolls-Royce Trent series engines , called the 1700 .",positive,phrasebank,controlled_gold_split,positive,0.0057939175,0.19737965,0.79682636
phrasebank_sentences_allagree_2022,"Finnair 's passenger load factor , which measures the number of sold seats as a share of all available seats , dropped by 1.3 percentage points to 76.7 % in September .",negative,phrasebank,controlled_gold_split,negative,0.9753024,0.018100347,0.0065972563
phrasebank_sentences_allagree_766,The Moscow Metro ( www.mosmetro.ru ) was the first metro system in Europe to implement smart cards together with a new type of magnetic card in 1998 .,neutral,phrasebank,controlled_gold_split,neutral,0.0035504105,0.88243777,0.11401176
phrasebank_sentences_75agree_916,"The company designs and manufactures high-quality clothing , interior decoration textiles , bags , and other accessories .",neutral,phrasebank,controlled_gold_split,neutral,0.004146069,0.97755176,0.018302249
phrasebank_sentences_allagree_1479,The plant is expected to start production in the first half of 2007 .,neutral,phrasebank,controlled_gold_split,neutral,0.004106754,0.9739724,0.021920837
phrasebank_sentences_66agree_721,"According to Schmardin , Nordea will most likely try to win customers over from other pension fund providers .",positive,phrasebank,controlled_gold_split,positive,0.005280752,0.3556793,0.63903993
phrasebank_sentences_allagree_1991,"After the split , the company would have 26,885,540 Series A shares and 9,540,000 Series K shares .",neutral,phrasebank,controlled_gold_split,neutral,0.0044793496,0.98442334,0.01109733
phrasebank_sentences_75agree_8,"A purchase agreement for 7,200 tons of gasoline with delivery at the Hamina terminal , Finland , was signed with Neste Oil OYj at the average Platts index for this September plus eight US dollars per month .",positive,phrasebank,controlled_gold_split,positive,0.007348886,0.200135,0.7925161
phrasebank_sentences_75agree_578,"Finnish construction group YIT has been awarded a contract to install heating , air conditioning and cooling systems to the new head office of the automobile association ADAC in Munich in Germany .",positive,phrasebank,controlled_gold_split,positive,0.0115837315,0.025926502,0.96248984
phrasebank_sentences_allagree_991,"L&T is operative in Finland , Sweden , Latvia , Russia and Norway .",neutral,phrasebank,controlled_gold_split,neutral,0.004468874,0.9840412,0.011489947
phrasebank_sentences_allagree_209,"`` BasWare 's product sales grew strongly in the financial period , by 24 percent .",positive,phrasebank,controlled_gold_split,positive,0.0080949515,0.024667792,0.9672372
phrasebank_sentences_allagree_1757,The customer is local company Etera Mutual Pension Insurance Co and the principal tenant of the unit will be media company Alma Media Corp HEL : ALN1V .,neutral,phrasebank,controlled_gold_split,neutral,0.004790682,0.98616254,0.009046835
phrasebank_sentences_66agree_247,"Press release 9 October 2009 Ruukki has signed a contract to deliver and install the steel structures for a bridge over the Kyronsalmi strait in Savonlinna , Finland .",positive,phrasebank,controlled_gold_split,positive,0.009205196,0.037052885,0.95374185
phrasebank_sentences_66agree_3787,Border Guard Service has banned the mooring of the company car-shipping ferry on its test travel at the railroad-car terminal of the Russian port as the border checkpoint is not yet ready .,negative,phrasebank,controlled_gold_split,negative,0.79215825,0.19018616,0.017655551
phrasebank_sentences_allagree_1712,"Since the registration of the shares subscribed in a directed share issue , the new number of Panostaja shares and voting rights is 41,733,110 .",neutral,phrasebank,controlled_gold_split,neutral,0.0040655583,0.98130095,0.014633491
phrasebank_sentences_75agree_1314,The company 's net sales in 2010 totalled MEUR 311.4 with an operating margin of 13.9 per cent .,neutral,phrasebank,controlled_gold_split,neutral,0.004277876,0.9718854,0.023836786
phrasebank_sentences_allagree_1652,"In addition to verification of an identity and digital signatures , new state-approved Mobile ID enables to cast votes in elections as well .",neutral,phrasebank,controlled_gold_split,neutral,0.0032909417,0.9562781,0.040430993
phrasebank_sentences_50agree_1855,L&T has also made a commitment to redeem the remaining shares by the end of 2011 .,neutral,phrasebank,controlled_gold_split,neutral,0.0033252954,0.93288064,0.06379406
phrasebank_sentences_75agree_71,An individual promotion also generated slightly higher-than-expected revenues .,positive,phrasebank,controlled_gold_split,positive,0.006908938,0.03919918,0.9538919
phrasebank_sentences_allagree_256,The group 's 12-month operating profit grew 31 percent to 337.8 million euros .,positive,phrasebank,controlled_gold_split,positive,0.00959096,0.019717846,0.97069126
phrasebank_sentences_50agree_1873,The winners included the Honda Odyssey for minivan and the Nissan Armada for large SUV .,neutral,phrasebank,controlled_gold_split,neutral,0.0044679716,0.9063582,0.08917377
phrasebank_sentences_allagree_2138,"Finnish financial software solutions developer BasWare Oyj said its net profit fell to 884,000 euro ( $ 1.2 mln ) for the first quarter of 2007 from 2.0 mln euro ( $ 2.7 mln ) a year earlier .",negative,phrasebank,controlled_gold_split,negative,0.97686064,0.017988183,0.0051511847
phrasebank_sentences_allagree_925,"According to the Finnish-Russian Chamber of Commerce , all the major construction companies of Finland are operating in Russia .",neutral,phrasebank,controlled_gold_split,neutral,0.0065009957,0.98386294,0.009636038
phrasebank_sentences_allagree_666,"It operates under three distinct brands : United Supermarkets , Market Street and United Supermercado .",neutral,phrasebank,controlled_gold_split,neutral,0.004178995,0.98531497,0.010505992
phrasebank_sentences_allagree_1813,"The remaining amount will be funded through debt , the Danish bank said .",neutral,phrasebank,controlled_gold_split,neutral,0.004047809,0.97892696,0.017025279
phrasebank_sentences_allagree_234,"October-December sales were 302 mln eur , or a 25.3 pct increase year on year .",positive,phrasebank,controlled_gold_split,positive,0.014780356,0.021275513,0.96394414
phrasebank_sentences_75agree_887,Production at the plant will be based on Neste Oil 's proprietary technology that can use a flexible input of any vegetable oil or animal fat .,neutral,phrasebank,controlled_gold_split,neutral,0.0029592784,0.93706995,0.05997073
phrasebank_sentences_75agree_344,"As earlier reported , Nokian Tyres is building a plant in the town of Vsevolozhsk in Russia 's Leningrad Region with an annual production capacity of 4 million tires .",neutral,phrasebank,controlled_gold_split,neutral,0.0034683587,0.90695035,0.08958128
phrasebank_sentences_50agree_1850,In his turn Fradkov said Russia is interested in adopting Finnish experience in forming technology parks in the framework of implementing the law on special economic zone .,neutral,phrasebank,controlled_gold_split,neutral,0.0043696333,0.70189273,0.2937376
phrasebank_sentences_75agree_1313,"The company reported net sales of EUR550m in 2005 and had some 3,200 employees .",neutral,phrasebank,controlled_gold_split,neutral,0.0068466817,0.9839131,0.009240249
phrasebank_sentences_75agree_2605,One of the largest projects of the magazine division of SanomaWSOY - Sanoma Magazines International in 2006 became launch of the Russian magazine Gloriya .,neutral,phrasebank,controlled_gold_split,neutral,0.0033214793,0.9689292,0.027749367
phrasebank_sentences_allagree_1255,"In the fourth quarter of 2006 , OKO Banks expects the operating environment for Banking and Investment Services to remain similar to that in January-September 2006 .",neutral,phrasebank,controlled_gold_split,neutral,0.00402563,0.90039873,0.09557562
phrasebank_sentences_75agree_2351,The use of validation rule base enables verifying that processing rule bases managed by different administrators fulfil some set requirements .,neutral,phrasebank,controlled_gold_split,neutral,0.0033319911,0.9700991,0.026568916
phrasebank_sentences_allagree_617,"The Lemminkainen Group , headquartered in Helsinki , Finland operates in all sectors of the construction industry : civil engineering , building contracting , technical building services and the building materials industry .",neutral,phrasebank,controlled_gold_split,neutral,0.005359376,0.98603445,0.008606178
phrasebank_sentences_allagree_1474,The order is included in Metso 's fourth quarter 2007 order backlog .,neutral,phrasebank,controlled_gold_split,neutral,0.02082182,0.97143555,0.0077426475
phrasebank_sentences_allagree_1182,"Berling Capital , Umo Capital and Veikko Laine are the biggest shareholders in Amanda Capital .",neutral,phrasebank,controlled_gold_split,neutral,0.00465228,0.9842202,0.011127593
phrasebank_sentences_50agree_270,Previously the company has estimated its operating profit to reach the level of 2005 only .,positive,phrasebank,controlled_gold_split,neutral,0.0070418506,0.8397641,0.15319398
phrasebank_sentences_75agree_1541,"According to the report , Elisa 's and DNA 's joint market share of Finland 's telecom market is 59 % .",neutral,phrasebank,controlled_gold_split,neutral,0.0032613561,0.96260494,0.034133784
phrasebank_sentences_allagree_961,"Ethanol would be made from barley , and production could start in 2008 .",neutral,phrasebank,controlled_gold_split,neutral,0.0035631345,0.9707437,0.025693204
phrasebank_sentences_allagree_658,From Merisatama to the far corners of the world Asfaltti Osakeyhti+Â Lemmink+ñinen was established in 1910 by a group of master builders in Helsinki as a specialist business and subcontractor .,neutral,phrasebank,controlled_gold_split,neutral,0.0034106164,0.9680953,0.028494064
phrasebank_sentences_allagree_1637,"For 2009 , net profit was EUR 3 million and the company paid a dividend of EUR 1.30 apiece .",neutral,phrasebank,controlled_gold_split,neutral,0.0054154457,0.98090345,0.013681069
phrasebank_sentences_50agree_4581,"Operating profit for the 12-month period decreased from EUR5 .4 m while net sales increased from EUR62 .0 m , as compared to the financial year 2004 .",negative,phrasebank,controlled_gold_split,negative,0.97040164,0.024198819,0.005399486
phrasebank_sentences_66agree_494,Lemcon signed an investment cooperation agreement with the Kaluga regional administration last November .,positive,phrasebank,controlled_gold_split,positive,0.0066870563,0.089679584,0.9036334
phrasebank_sentences_75agree_1234,"Luxembourg-registered investment fund Amber Trust II has won the final approval of Lithuania 's Competition Council to acquire 29.6 percent of Sanitas , the country 's largest pharmaceutical producer .",positive,phrasebank,controlled_gold_split,positive,0.006875342,0.054930374,0.9381943
phrasebank_sentences_66agree_2864,The prices of stainless steel also rose in Europe .,neutral,phrasebank,controlled_gold_split,positive,0.00846773,0.17296828,0.818564
phrasebank_sentences_50agree_1128,"`` Installation of the automatic varnishing line is an important part of the company 's strategy in the region of central and eastern Europe , '' said Jozef Misurec , the director of Ruukki Slovakia .",positive,phrasebank,controlled_gold_split,positive,0.005117108,0.28075215,0.7141307
phrasebank_sentences_75agree_704,"The launch of the plant in June went well , and it has been producing the advanced fuel for a couple of weeks .",positive,phrasebank,controlled_gold_split,positive,0.0057344283,0.2726815,0.72158414
phrasebank_sentences_allagree_1781,"The facility will have a lettable area of some 19,000 sq m. The plot for the plant , located in the Ratasmaki business park , will be purchased from the City of Forssa .",neutral,phrasebank,controlled_gold_split,neutral,0.003142724,0.97400665,0.022850584
phrasebank_sentences_75agree_1365,"In 2007 , Huhtamaki will continue to invest in organic growth .",neutral,phrasebank,controlled_gold_split,neutral,0.004075907,0.7935985,0.20232563
phrasebank_sentences_50agree_1806,It helps our stakeholders get a better understanding of our operations and the challenges in stainless steel business .,neutral,phrasebank,controlled_gold_split,positive,0.004687875,0.44224074,0.55307144
phrasebank_sentences_66agree_2389,"As a result , the company has decided it will implement fixed-term temporary lay-offs .",negative,phrasebank,controlled_gold_split,negative,0.73544556,0.20942652,0.055127915
phrasebank_sentences_allagree_241,Production capacity will increase from 36 000 to 85 000 tonnes per year and the raw material will continue to be recycled paper and board .,positive,phrasebank,controlled_gold_split,positive,0.005520349,0.13586858,0.8586111
phrasebank_sentences_50agree_4296,`` The rest of this week 's tapings of Jimmy Kimmel Live have been canceled until he is back on his feet .,neutral,phrasebank,controlled_gold_split,neutral,0.19029576,0.79883134,0.010872915
phrasebank_sentences_allagree_1930,"Initial estimated total value of the contract was 250 000 Euros , excluding VAT .",neutral,phrasebank,controlled_gold_split,neutral,0.0046509905,0.9849087,0.010440306
phrasebank_sentences_allagree_233,"Nevertheless , its market share rose to 49.14 percent from 48.51 percent a year earlier .",positive,phrasebank,controlled_gold_split,positive,0.01407378,0.01646999,0.96945626
phrasebank_sentences_75agree_1707,The category was marked by maturity and the recession .,neutral,phrasebank,controlled_gold_split,neutral,0.015551442,0.9725248,0.011923704
phrasebank_sentences_66agree_3041,"ALEXANDRIA , Va. , Nov. 5 -- Risto Kontturi of Rajamaki , Finland , and Jari Ylinen of Hyvinkaa , Finland , have developed an automated transportation system with a user-controlled transport selection .",neutral,phrasebank,controlled_gold_split,neutral,0.0031189765,0.9350779,0.061803196
phrasebank_sentences_50agree_324,Componenta 's objective with this agreement is to increase business on its existing production lines .,positive,phrasebank,controlled_gold_split,positive,0.004734935,0.12070762,0.87455744
phrasebank_sentences_75agree_1062,RusHydro has an agreement to transfer its stakes in OESK and the five ERCs into the trust management of Inter RAO .,neutral,phrasebank,controlled_gold_split,neutral,0.0064103194,0.58957,0.4040197
phrasebank_sentences_75agree_1429,"The company targets sales of Ls 27.1 mn ( Ls 23.498 mn ) and a profit of Ls 300,000 ( Ls 371,500 ) in 2007 .",neutral,phrasebank,controlled_gold_split,neutral,0.0037653993,0.9106286,0.085605994
phrasebank_sentences_allagree_809,"The price of raw material aluminium went up at the end of 2005 , but the company considers its outlook for 2006 favourable .",positive,phrasebank,controlled_gold_split,positive,0.00719891,0.11394861,0.87885255
phrasebank_sentences_66agree_1466,"`` I 'm pleased to receive the Nomination Committee 's request and confidence , '' says Jon Risfelt .",positive,phrasebank,controlled_gold_split,positive,0.0082116425,0.08257099,0.9092174
phrasebank_sentences_66agree_397,"KAUKO-TELKO LTD PRESS RELEASE 19.06.2007 AT 14.00 1 ( 1 ) Telko Group ( Kauko-Telko ) is expanding its strategic partnership with BP Industrial Lubricants & Services ( BP ILS ) by acquiring total ownership of BP 's Swedish retail company , Molub-Alloy AB .",positive,phrasebank,controlled_gold_split,positive,0.006018474,0.11803717,0.8759443
phrasebank_sentences_75agree_3060,"In the spring 2006 , a total of 386,530 Stock Options 2002 B were annulled .",neutral,phrasebank,controlled_gold_split,neutral,0.07993466,0.9086824,0.011382908
phrasebank_sentences_66agree_425,"Baltic Pearl CJSC , a subsidiary of Shanghai Foreign Joint Investment Company , is developing a project in St Petersburg , comprising about a million square meters of residential space , two hospitals and several schools and nurseries .",neutral,phrasebank,controlled_gold_split,neutral,0.0057596304,0.6126939,0.38154647
phrasebank_sentences_66agree_1922,"Tectia Corporation HEL : TEC1V , a provider of real-time security solutions , today announced that it has appointed LAN2LAN , a provider of IT services in the UK , to distribute its data security and manage file transfer software .",positive,phrasebank,controlled_gold_split,positive,0.0059660827,0.33151352,0.66252047
phrasebank_sentences_75agree_767,The first phase will be completed by the end of 2012 .,neutral,phrasebank,controlled_gold_split,neutral,0.0041554505,0.9740397,0.021804921
phrasebank_sentences_allagree_894,Comptel Corporation will publish its financial statements for 2008 on 12 February 2009 .,neutral,phrasebank,controlled_gold_split,neutral,0.008162024,0.98578423,0.006053666
phrasebank_sentences_allagree_2016,"Raute reported a loss per share of EUR0 .86 for the first half of 2009 , against EPS of EUR0 .74 in the corresponding period of 2008 .",negative,phrasebank,controlled_gold_split,negative,0.8725663,0.011946317,0.11548733
phrasebank_sentences_66agree_1648,The SeaWind that was en route from the Finnish port of Turku to Stockholm got stuck in ice already around 4 p.m. on Wednesday and the Regal Star 's journey from the Swedish port of Kapellskar to Paldiski in northwestern Estonia was cut short at 2 a.m. on Thursday .,negative,phrasebank,controlled_gold_split,negative,0.8678902,0.120682694,0.011427092
phrasebank_sentences_allagree_1491,The properties were purchased from Swedish private equity real estate firm Niam and Goldman Sachs ' Whitehall Street Real Estate Funds .,neutral,phrasebank,controlled_gold_split,neutral,0.0035697364,0.9725424,0.023887867
phrasebank_sentences_50agree_2456,Finnish food company Raisio Oyj HEL : RAIVV said today it will buy British snacks and confectionery company Big Bear Group plc for an enterprise value of EUR 95.3 million USD 129.9 m .,positive,phrasebank,controlled_gold_split,neutral,0.005009193,0.9055481,0.089442775
phrasebank_sentences_75agree_1194,"Neste Oil Corporation is a refining and marketing company concentrating on clean , high-quality traffic fuels .",neutral,phrasebank,controlled_gold_split,neutral,0.002824911,0.9485013,0.048673823
phrasebank_sentences_66agree_145,"Besides we have increased the share of meat in various sausages and are offering a number of new tastes in the grill products and shish kebabs segment , '' Paavel said .",positive,phrasebank,controlled_gold_split,positive,0.005285672,0.08649657,0.9082177
phrasebank_sentences_75agree_2516,"Following the acquisitions , Panostaja will establish a new business unit which will focus on heat treatment of metals .",neutral,phrasebank,controlled_gold_split,neutral,0.002825164,0.95044076,0.04673413
phrasebank_sentences_allagree_788,Mr Skogster currently serves as the manager responsible for ABB Oy 's system modules for low voltage drives .,neutral,phrasebank,controlled_gold_split,neutral,0.0044468353,0.98302066,0.012532502
phrasebank_sentences_allagree_446,"The Australian company Mirabela Nickel has awarded Outokumpu Technology a contract for grinding technology for its nickel sulfide project in Bahia State , Brazil .",positive,phrasebank,controlled_gold_split,positive,0.010562564,0.025537007,0.9639004
phrasebank_sentences_allagree_316,The robust growth was the result of the inclusion of clothing chain Lindex in the Group in December 2007 .,positive,phrasebank,controlled_gold_split,positive,0.0048531643,0.14976603,0.8453808
phrasebank_sentences_75agree_3229,"In Asia earlier , Japan 's Nikkei index fell 0.62 percent and Hong Kong 's Hang Seng Index rose 0.56 percent .",neutral,phrasebank,controlled_gold_split,negative,0.725338,0.24106708,0.033594828
phrasebank_sentences_allagree_1662,It is estimated that the consolidated turnover of Kausta Guder will reach Lt 53mn US$ 22.53 mn EUR 15.35 mn in 2007 .,neutral,phrasebank,controlled_gold_split,neutral,0.0057660337,0.9602741,0.033959806
phrasebank_sentences_allagree_1841,The value of this kind of order amounts usually between Euro 2 and 3 million .,neutral,phrasebank,controlled_gold_split,neutral,0.0070644766,0.98493826,0.007997287
phrasebank_sentences_allagree_601,The agreement is valid for four years .,neutral,phrasebank,controlled_gold_split,neutral,0.0042282357,0.9700346,0.025737194
phrasebank_sentences_75agree_1056,Pharmaceuticals - Poland This brand-new market analysis gives a clear overview of the actual situation and future outlook of the pharmaceutical market in Poland .,neutral,phrasebank,controlled_gold_split,neutral,0.004620589,0.9803837,0.014995771
phrasebank_sentences_66agree_1947,The carrier said its Area travel agency is to sell most of its outlets to sister chain Suomen Matkatoimisto (SMT)and use its remaining bricks-and-mortar presence to primarily target business customers going forward .,neutral,phrasebank,controlled_gold_split,neutral,0.0054420675,0.6894925,0.3050654
phrasebank_sentences_50agree_895,The companies have agreed on long-term cooperation to mechanise harvesting in Stora Enso 's eucalyptus plantations in Southern China .,positive,phrasebank,controlled_gold_split,positive,0.007406166,0.061558545,0.93103534
phrasebank_sentences_75agree_1397,Net sales of the Lehdentekijat unit was approximately EUR 14 million in 2007 and it had 70 employees .,neutral,phrasebank,controlled_gold_split,neutral,0.0058704843,0.9824547,0.011674851
phrasebank_sentences_allagree_30,The agreement strengthens our long-term partnership with Nokia Siemens Networks .,positive,phrasebank,controlled_gold_split,positive,0.004966693,0.06504113,0.92999214
phrasebank_sentences_75agree_1283,Aspo 's net sales in 2006 totaled EUR 225.9 million .,neutral,phrasebank,controlled_gold_split,neutral,0.0050856117,0.98440784,0.010506575
phrasebank_sentences_allagree_559,"Goodwill and other intangible assets account for some 2.0 mln euro ( $ 2.6 mln ) of the purchase price , 20 pct of which payable in Aspo shares .",neutral,phrasebank,controlled_gold_split,neutral,0.005299369,0.98264116,0.012059508
phrasebank_sentences_allagree_717,"Thus the group 's balance sheet will have about EUR 25.8 million of goodwill , the company added .",neutral,phrasebank,controlled_gold_split,neutral,0.00410781,0.9837833,0.012108949
phrasebank_sentences_allagree_1232,"Founded in 1985 , Quatrocon 's clientele consists of public sector builders , central trading companies and major construction firms .",neutral,phrasebank,controlled_gold_split,neutral,0.004740443,0.9863599,0.008899664
phrasebank_sentences_50agree_3495,A profit is still on target .,positive,phrasebank,controlled_gold_split,neutral,0.007043473,0.84820044,0.14475615
phrasebank_sentences_allagree_282,"The broad-based WIG index ended Thursday 's session 0.1 pct up at 65,003.34 pts , while the blue-chip WIG20 was 1.13 down at 3,687.15 pts .",neutral,phrasebank,controlled_gold_split,neutral,0.4416893,0.45216367,0.10614706
phrasebank_sentences_66agree_3650,"In addition , the production at the Varpaisj+â rvi factory will be stopped at the beginning of April 2009 .",negative,phrasebank,controlled_gold_split,negative,0.5112875,0.47843763,0.010274916
phrasebank_sentences_66agree_4008,"Capacity will ease at its Seikku sawmill in Pori and Alholma sawmill in Pietarsaari and result in 60 people being laid off for around six weeks starting mid-May , it said .",negative,phrasebank,controlled_gold_split,negative,0.96627676,0.020660743,0.013062419
phrasebank_sentences_66agree_3847,"`` We cut our frequency to New York last year , which explains the fall , '' he said .",negative,phrasebank,controlled_gold_split,negative,0.84023273,0.06998825,0.089778975
phrasebank_sentences_allagree_963,Exel is headquartered in Mantyharju in Finland .,neutral,phrasebank,controlled_gold_split,neutral,0.00682223,0.98423636,0.0089414185
phrasebank_sentences_75agree_1272,"It 's even a little bit higher than Yara 's multiples on itself , ' an analyst in Helsinki said .",neutral,phrasebank,controlled_gold_split,positive,0.011074855,0.12784047,0.8610847
phrasebank_sentences_66agree_3050,Around 50 percent of the world 's ro-ro fleet is over 25 years old and needs to be scrapped for environmental reasons .,neutral,phrasebank,controlled_gold_split,neutral,0.016825607,0.96555847,0.017615873
phrasebank_sentences_allagree_502,"It is necessary to strengthen the company 's operations , however .",neutral,phrasebank,controlled_gold_split,positive,0.0051589864,0.2685101,0.72633094
phrasebank_sentences_allagree_1619,"Currently , the company uses eight similar reach stackers and four empty container handlers by Konecranes .",neutral,phrasebank,controlled_gold_split,neutral,0.0034392634,0.96862966,0.027931072
phrasebank_sentences_allagree_1238,"Helsinki 19 May 2010 - Finnish company Lemminkainen Oyj ( HEL : LEM1S ) said today that it will construct an office building at Toolonlahti in downtown Helsinki , without disclosing financial details .",neutral,phrasebank,controlled_gold_split,neutral,0.004947661,0.9708887,0.024163723
phrasebank_sentences_66agree_4098,The company said that the fall in turnover had been planned .,negative,phrasebank,controlled_gold_split,negative,0.96112645,0.025663227,0.013210297
phrasebank_sentences_75agree_331,"At the same time , the market for automated liquid handling devices is already larger than that for pipettes , according to Biohit .",neutral,phrasebank,controlled_gold_split,neutral,0.0048878407,0.87161195,0.12350019
phrasebank_sentences_allagree_358,"Profit before taxes amounted to EUR 56.5 mn , down from EUR 232.9 mn a year ago .",negative,phrasebank,controlled_gold_split,negative,0.979285,0.013725351,0.0069897156
phrasebank_sentences_50agree_1814,Technopolis said before the protocol was signed that the techno-park would be built at a site covering more than six hectares in the Neudorf special economic zone and that it planned to invest 200 million euros in the project until 2009 inclusive .,neutral,phrasebank,controlled_gold_split,neutral,0.0033224858,0.92123324,0.075444244
phrasebank_sentences_75agree_266,"Finnish Larox has signed a contract with the Talvivaara Project for the delivery of filters to the Talvivaara nickel mine in Sotkamo , in Finland .",positive,phrasebank,controlled_gold_split,positive,0.008760223,0.038182963,0.9530568
phrasebank_sentences_75agree_1358,"For Telenor , the three and a half year contract is worth an estimated 12.6 m. YIT has chosen Telenor and Elisa as its principal suppliers of ICT solutions in Norway , Sweden , Denmark and Finland .",positive,phrasebank,controlled_gold_split,positive,0.0047319345,0.23294875,0.7623192
phrasebank_sentences_allagree_2054,"YIT lodged counter claims against Neste Oil totaling some EUR25m , primarily based on work carried out under the contract and additional costs incurred due to prolongation of the project .",negative,phrasebank,controlled_gold_split,negative,0.87635744,0.104729876,0.018912755
phrasebank_sentences_allagree_1278,"Janis Arbidans , CEO of YIT Celtnieciba , said the company was focusing on housing and real estate development market .",neutral,phrasebank,controlled_gold_split,neutral,0.0033969393,0.981312,0.015291075
phrasebank_sentences_allagree_2248,"Operating margin , however , slipped to 14.4 % from 15.1 % , dragged down by a poor performance in enterprise solutions .",negative,phrasebank,controlled_gold_split,negative,0.9787225,0.014291796,0.006985701
phrasebank_sentences_allagree_1730,"The business transfer will take effect from 1 January 2007 , and in connection with this 47 employees will transfer from Elisa to Daxtum as continuing employees .",neutral,phrasebank,controlled_gold_split,neutral,0.0035494245,0.97649825,0.019952372
phrasebank_sentences_allagree_2171,Revenue in the quarter fell 8 percent to ( EURO ) 2.4 billion compared to a year earlier .,negative,phrasebank,controlled_gold_split,negative,0.97844374,0.0151351215,0.006421143
phrasebank_sentences_allagree_1042,The bridge will be 1.2 km long and is located between Anasmotet by the road E20 and the new traffic junction in Marieholm by the road E45 .,neutral,phrasebank,controlled_gold_split,neutral,0.0034159592,0.96583164,0.0307524
phrasebank_sentences_allagree_2219,The company said that sales in the three months to the end of March slid to EUR86 .4 m US$ 113.4 m from EUR91 .2 m last year .,negative,phrasebank,controlled_gold_split,negative,0.9766167,0.015824124,0.007559206
phrasebank_sentences_66agree_1066,"In Finland , 71 % of paper and paperboard is reclaimed .",neutral,phrasebank,controlled_gold_split,neutral,0.0042316127,0.97651434,0.019254021
phrasebank_sentences_75agree_1392,Net profit in the same period in 2006 was (  x20ac ) 172 million .,neutral,phrasebank,controlled_gold_split,neutral,0.011340119,0.97882664,0.009833241
phrasebank_sentences_75agree_455,"The Vuokatti unit will be developed to focus especially on the manufacture of prototypes , the ramp-up of new products and the demanding testing and after-sales services .",neutral,phrasebank,controlled_gold_split,neutral,0.0029984664,0.88674194,0.110259555
phrasebank_sentences_allagree_207,Total operating revenue grew by 27.6 % year-on-year to EUR61m .,positive,phrasebank,controlled_gold_split,positive,0.009395248,0.020966763,0.969638
phrasebank_sentences_75agree_3111,"In Q1 of 2009 , the company 's result before taxes from continuing operations , excluding non-recurring items , totalled EUR -0.4 mn , compared to EUR -0.1 mn in the corresponding period in 2008 .",negative,phrasebank,controlled_gold_split,positive,0.3155618,0.010496421,0.67394173
phrasebank_sentences_allagree_195,That would be an increase from estimated sales of 117 million last year .,positive,phrasebank,controlled_gold_split,positive,0.0071152276,0.037009068,0.95587564
phrasebank_sentences_75agree_3447,The company said that its comparable operating profit for the January-June period fell short of last year 's corresponding performance .,negative,phrasebank,controlled_gold_split,negative,0.9618847,0.02037691,0.017738378
phrasebank_sentences_allagree_2076,BioTie North-American licensing partner Somaxon Pharmaceuticals started a phase II-III clinical study in patients suffering from pathological gambling and a pilot phase II study in nicotine addiction smoking cessation .,neutral,phrasebank,controlled_gold_split,neutral,0.0063256747,0.5671991,0.42647517
phrasebank_sentences_allagree_1840,The value of the three-year contract is estimated at EUR40m .,neutral,phrasebank,controlled_gold_split,neutral,0.006100074,0.9817685,0.012131445
phrasebank_sentences_75agree_436,"This truly takes efficiency to new heights , '' Mr. Metso adds .",positive,phrasebank,controlled_gold_split,positive,0.006172616,0.11454414,0.8792833
phrasebank_sentences_allagree_1821,"The tanks will be delivered to a company which is currently building a chemical tank farm in Antwerp , northern Belgium .",neutral,phrasebank,controlled_gold_split,neutral,0.003735121,0.972899,0.02336587
phrasebank_sentences_50agree_1447,"Upgrades include a five megapixel camera , voice control , and what looks to be an optical mouse instead a D-pad -- an upgrade click-happy S60 has needed forever .",positive,phrasebank,controlled_gold_split,neutral,0.00484504,0.78974134,0.20541365
phrasebank_sentences_50agree_21,"( Filippova ) A trilateral agreement on investment in the construction of a technology park in St Petersburg was to have been signed in the course of the forum , Days of the Russian Economy , that opened in Helsinki today .",positive,phrasebank,controlled_gold_split,positive,0.0068495506,0.32842225,0.6647282
phrasebank_sentences_allagree_33,"The world 's second largest stainless steel maker said net profit in the three-month period until Dec. 31 surged to euro603 million US$ 781 million , or euro3 .33 US$ 4.31 per share , from euro172 million , or euro0 .94 per share , the previous year .",positive,phrasebank,controlled_gold_split,positive,0.022810746,0.014799813,0.96238947
phrasebank_sentences_allagree_1010,"Poyry is a global consulting and engineering firm focusing on the energy , forest industry and infrastructure & environment sectors .",neutral,phrasebank,controlled_gold_split,neutral,0.004293926,0.9793499,0.016356148
phrasebank_sentences_allagree_1069,The deal means that ten persons in three countries will transfer to Tieto .,neutral,phrasebank,controlled_gold_split,neutral,0.0033181526,0.9381777,0.05850417
phrasebank_sentences_66agree_796,"The move is aimed at boosting sales , cost-efficiency and market share in Finland .",positive,phrasebank,controlled_gold_split,positive,0.0058957855,0.042430636,0.9516736
phrasebank_sentences_allagree_674,"Nokia Siemens Networks provides mobile and fixed network infrastructure , communications and networks service platforms , as well as professional services , to operators and service providers .",neutral,phrasebank,controlled_gold_split,neutral,0.0032809577,0.9778937,0.018825375
phrasebank_sentences_50agree_1300,"O'Leary 's Material Handling Services , located in Perth , is the leading company in Western Australia that supplies , installs and provides service for tail lifts .",positive,phrasebank,controlled_gold_split,positive,0.004930194,0.19848049,0.7965893
phrasebank_sentences_allagree_1332,"POYRY PLCCompany Announcement 10 December 2010 at 4.10 p.m. Pursuant to Poyry PLC 's stock option program 2004 , 63 792 new shares of the company have been subscribed since 27 October 2010 with stock options 2004B .",neutral,phrasebank,controlled_gold_split,neutral,0.0040621865,0.98048705,0.015450769
phrasebank_sentences_75agree_1441,"The recovery of demand that started toward the end of 2009 , continued in January-March 2010 .",positive,phrasebank,controlled_gold_split,positive,0.008998294,0.100520834,0.8904808
phrasebank_sentences_50agree_3614,"In 2006 , the company intends to invest significantly in expanding its distribution and maintenance network .",positive,phrasebank,controlled_gold_split,positive,0.0054110037,0.11431659,0.88027245
phrasebank_sentences_allagree_1421,"The contracts between Raute Corporation and Muling Kemian Wood Products Co. , Ltd. , which were announced on 3 November 2010 , have taken effect .",neutral,phrasebank,controlled_gold_split,neutral,0.0067520994,0.9213768,0.0718711
phrasebank_sentences_66agree_68,TELECOMWORLDWIRE-7 April 2006-TJ Group Plc sells stake in Morning Digital Design Oy Finnish IT company TJ Group Plc said on Friday 7 April that it had signed an agreement on selling its shares of Morning Digital Design Oy to Edita Oyj .,positive,phrasebank,controlled_gold_split,positive,0.008306178,0.30018592,0.69150794
phrasebank_sentences_66agree_537,"The 250 sq m 2,691 sq ft store in Copenhagen 's premier shopping district was inaugurated today , further strengthening the company 's presence in Nordic capitals .",positive,phrasebank,controlled_gold_split,positive,0.0064645503,0.03971636,0.9538191
phrasebank_sentences_allagree_1498,The report will be emailed within 2 business days of an order .,neutral,phrasebank,controlled_gold_split,neutral,0.00811006,0.9852643,0.0066257054
phrasebank_sentences_66agree_1373,The GeoSolutions team further provides an intriguing new technology combining GPS and Mobile-based technologies together with Internet-based social networking .,neutral,phrasebank,controlled_gold_split,positive,0.0048338408,0.3614394,0.6337268
phrasebank_sentences_75agree_780,The service also enables users to watch e-mails in HTML format en is enhanced with 23 addition languages to choose from .,neutral,phrasebank,controlled_gold_split,neutral,0.0031185434,0.9132901,0.08359137
phrasebank_sentences_allagree_162,Operating profit rose to EUR 13.5 mn from EUR 9.7 mn in the corresponding period in 2006 .,positive,phrasebank,controlled_gold_split,positive,0.01742713,0.015155746,0.96741706
phrasebank_sentences_allagree_1266,Investment management and investment advisory services are the company 's sole line of business .,neutral,phrasebank,controlled_gold_split,neutral,0.005074777,0.98711884,0.0078064213
phrasebank_sentences_75agree_1305,Operating profit for the quarter April-June 2006 amounted to EUR42 .9 m on net sales of EUR156 .3 m.,neutral,phrasebank,controlled_gold_split,neutral,0.0062053534,0.9822693,0.011525396
phrasebank_sentences_66agree_1839,"The agreement , which will cover monitoring , maintenance , server capacity service and backups , has a one-year extension option .",neutral,phrasebank,controlled_gold_split,neutral,0.0036879247,0.94202584,0.054286253
phrasebank_sentences_allagree_756,And that 's exactly what happened on a recent weekday when an East Haven baker was brought in to remind residents about the Easter tradition of making wheat and rice pies .,neutral,phrasebank,controlled_gold_split,neutral,0.009874754,0.96771955,0.022405744
phrasebank_sentences_allagree_2105,"Finnair 's Tallinn-based subsidiary , Aero AS , carried 23,335 passengers , a decline of 60.8 % , on routes between Helsinki and the Baltic capitals and within Southern Finland .",negative,phrasebank,controlled_gold_split,negative,0.8895458,0.012663931,0.097790286
phrasebank_sentences_allagree_214,"Earnings per share for January-June 2010 were EUR0 .30 , an increase of 20 % year-on-year EUR0 .25 .",positive,phrasebank,controlled_gold_split,positive,0.01069407,0.020999404,0.96830654
phrasebank_sentences_allagree_1292,"Maggie Ramsey 's wait - and those of thousands of Oregon and Washington guides , anglers and others who flock to his frequent seminars - is nearly over .",neutral,phrasebank,controlled_gold_split,neutral,0.016844677,0.97138435,0.01177097
phrasebank_sentences_75agree_3396,"According to the company , its operating profit , excluding non-recurring items , in the fourth quarter of 2009 was significantly better than expected , and also better than the figures for the fourth quarter of 2008 .",positive,phrasebank,controlled_gold_split,positive,0.01415406,0.012762176,0.9730838
phrasebank_sentences_allagree_133,"In January-September 2009 , the Group 's net interest income increased to EUR 112.4 mn from EUR 74.3 mn in January-September 2008 .",positive,phrasebank,controlled_gold_split,positive,0.018364668,0.017370347,0.964265
phrasebank_sentences_75agree_1031,"In addition to supplying a new headbox and a modern sizing and coating unit , Vaahto Group will provide erection supervision , training and start-up services .",neutral,phrasebank,controlled_gold_split,neutral,0.0033436024,0.80232805,0.19432826
phrasebank_sentences_75agree_264,"`` The transaction strengthens our position ... in design and branded goods , '' said Fiskars president and CEO Heikki Allonen , pointing out that the two groups have relatively few overlapping operations .",positive,phrasebank,controlled_gold_split,positive,0.005850896,0.044171467,0.9499777
phrasebank_sentences_66agree_725,"And the broker repeated its ` buy ' rating , based on expectations that current restructuring will lead to a clear improvement in performance in Europe in 2007 .",positive,phrasebank,controlled_gold_split,positive,0.006753661,0.03681427,0.95643204
phrasebank_sentences_75agree_2518,"Following the divestment , Fiskars 's Outdoor unit will comprise the brands Gerber , Silva and Buster , and will focus on multi-tools , knives , compasses , mobile lighting , pedometers , and aluminium boats .",neutral,phrasebank,controlled_gold_split,neutral,0.003276084,0.9556866,0.04103728
phrasebank_sentences_allagree_2206,"Operating profit totaled EUR 3.8 mn , down from EUR 4.5 mn in the corresponding period in 2005 .",negative,phrasebank,controlled_gold_split,negative,0.97948325,0.013436335,0.007080451
phrasebank_sentences_allagree_1623,"Customers wave cards in front of the reader to make payments , similar to `` touch and go '' cards used in transport systems .",neutral,phrasebank,controlled_gold_split,neutral,0.0062869373,0.98071194,0.013001135
phrasebank_sentences_66agree_1788,It will combine and renew the contents and functionality of the current systems for funding and online service as well as their maintenance .,positive,phrasebank,controlled_gold_split,positive,0.005306333,0.48423618,0.5104574
phrasebank_sentences_75agree_2345,"The total value of the order , placed by Aspo ' marine transportation subsidiary ESL Shipping Oy , is EUR 60 million ( USD 77.5 m ) .",neutral,phrasebank,controlled_gold_split,neutral,0.0054830965,0.9835054,0.01101145
phrasebank_sentences_allagree_571,"Jun. 25 , 2008 ( Boy Genius Report delivered by Newstex ) -- The Nokia ( NYSE : NOK ) N78 , huh ?",neutral,phrasebank,controlled_gold_split,neutral,0.0067678206,0.97448164,0.018750532
phrasebank_sentences_allagree_1869,"Finnish shipping company Finnlines ' pretax loss totalled EUR 6.5 mn in the third quarter of 2009 , compared to a profit of EUR 0.3 mn in the third quarter of 2008 .",negative,phrasebank,controlled_gold_split,negative,0.9297976,0.006921111,0.063281246
phrasebank_sentences_75agree_1240,"The method utilises waterborne Ultra products , giving protection to wooden surfaces in an industrial painting process whereby two layers of top coat are applied on exterior wooden panels and boards without a separate primer .",neutral,phrasebank,controlled_gold_split,neutral,0.003946374,0.95439583,0.041657723
phrasebank_sentences_allagree_1209,"Den Bosch-based TomTom is Europe 's largest maker of automotive navigation devices , while Cayman Islands-based Garmin is larger in the U.S. and overall .",neutral,phrasebank,controlled_gold_split,neutral,0.0039611426,0.9486578,0.047381032
phrasebank_sentences_allagree_2236,The hull of the vessel was built one block at a time and Ruukki delivered the plate material for each block as construction progressed .,neutral,phrasebank,controlled_gold_split,neutral,0.0046187,0.97616243,0.019218909
phrasebank_sentences_50agree_616,"QPR has an established international customer base , spread over 70 countries in 2009 , and a variety of organizations including banks , manufacturing companies , service companies and government authorities .",neutral,phrasebank,controlled_gold_split,neutral,0.0028122223,0.94055957,0.056628246
phrasebank_sentences_50agree_4479,"According to Rautaruukki , the company wants to promote the use of emission-free energy sources .",neutral,phrasebank,controlled_gold_split,neutral,0.004215891,0.8224589,0.17332521
phrasebank_sentences_allagree_92,"Both operating profit and net sales for the nine-month period increased , respectively by 26.6 % and 3.4 % , as compared to the corresponding period in 2006 .",positive,phrasebank,controlled_gold_split,positive,0.013362919,0.014406492,0.9722306
phrasebank_sentences_75agree_1645,"No price was given for the transaction , which merges two London companies that have worked together on a number of projects including delivery of timetables for Britain 's National Express East Coast rail networks .",neutral,phrasebank,controlled_gold_split,neutral,0.0035458908,0.96604586,0.030408287
phrasebank_sentences_allagree_319,"Bilfinger investors cheered the agreement , pushing shares up 7 % , or & euro ; 3.30 , to & euro ; 50.29 , in afternoon trade .",positive,phrasebank,controlled_gold_split,positive,0.011696078,0.025923556,0.9623804
phrasebank_sentences_allagree_724,"Yara Suomi Ltd also provides nitrogen chemicals and technical nitrates to various sectors of industry , as well as products used in environmental protection .",neutral,phrasebank,controlled_gold_split,neutral,0.0039758394,0.97666353,0.019360673
phrasebank_sentences_66agree_3971,"In the first half of 2008 , the Bank 's operating profit fell to EUR 11.8 mn from EUR 18.9 mn , while net interest income increased to EUR 20.9 mn from EUR 18.8 mn in the first half of 2007 .",negative,phrasebank,controlled_gold_split,negative,0.977079,0.0136277275,0.009293304
phrasebank_sentences_allagree_1288,"Like all other mechanical pipettors from Biohit , also Proline Plus is CE-IVD marked and comes with a 3-year warranty .",neutral,phrasebank,controlled_gold_split,neutral,0.003096077,0.9282126,0.068691336
phrasebank_sentences_allagree_271,It has80 branches in Finland with annual revenue in Finland of ?,neutral,phrasebank,controlled_gold_split,neutral,0.003964121,0.9737849,0.022250887
phrasebank_sentences_66agree_1913,"Order intake , on the other hand , is expected to be stronger than in 2007 .",positive,phrasebank,controlled_gold_split,positive,0.00852586,0.04562017,0.945854
phrasebank_sentences_allagree_869,It therefore seems that Finnish shipping company Viking Line will get the subsidy it needs to order its new LNG-fuelled vessel .,positive,phrasebank,controlled_gold_split,positive,0.0048554377,0.14106771,0.85407686
phrasebank_sentences_66agree_839,Incap and Lankapaja aim to enter into actual agreement to transfer the sheet-metal production to the buyer in February in order to complete the transfer on 1 March 2011 .,positive,phrasebank,controlled_gold_split,positive,0.0071728993,0.3779135,0.6149136
phrasebank_sentences_75agree_2642,"Technopolis has set aside a plot of land measuring 4.6 hectares to build the park , Mikkonen said .",neutral,phrasebank,controlled_gold_split,neutral,0.0034340566,0.9540303,0.042535707
phrasebank_sentences_66agree_1470,"`` We are proud to welcome another distribution facility to north Mississippi and the region known as the logistics center of the United States , '' said Gray Swoope , executive director of MDA .",positive,phrasebank,controlled_gold_split,positive,0.0073876805,0.06932651,0.9232858
phrasebank_sentences_allagree_410,The aim is an annual improvement in Ruukki Construction 's operating profit of more than EUR 3 million USD 4.1 m starting in 2009 .,positive,phrasebank,controlled_gold_split,positive,0.007097256,0.031963386,0.9609394
phrasebank_sentences_allagree_1219,Feed companies Suomen Rehu and Raisio do no import GMO feed .,neutral,phrasebank,controlled_gold_split,neutral,0.00630887,0.9812542,0.012436896
phrasebank_sentences_allagree_913,"128,538 shares can still be subscribed for with Series E share options , max .",neutral,phrasebank,controlled_gold_split,neutral,0.002908122,0.97834945,0.018742409
phrasebank_sentences_50agree_4021,Finnish home decoration and arts and crafts retailer Tiimari Plc ( OMX Helsinki : TII1V ) reported on Monday ( 18 August ) an operating loss of EUR3 .3 m on net sales of EUR33 .9 m for the period January-June 2008 .,neutral,phrasebank,controlled_gold_split,neutral,0.43492708,0.55465287,0.0104200635
phrasebank_sentences_allagree_1940,Finnish publishing and printing group Ilkka-Yhtym+ñ will introduced a staff smoking ban as of the beginning of 2007 at the company 's three newspapers .,neutral,phrasebank,controlled_gold_split,neutral,0.21891299,0.758876,0.022211017
phrasebank_sentences_allagree_802,"Full-year net sales are expected to increase by approximately 10 % , the company said .",positive,phrasebank,controlled_gold_split,positive,0.009431414,0.030415265,0.96015334
phrasebank_sentences_75agree_2107,Radiation and today is a full service house expert in radiation and nuclear safety issues .,neutral,phrasebank,controlled_gold_split,neutral,0.004817842,0.9678339,0.027348295
phrasebank_sentences_50agree_1246,"In addition , YIT has reserved EPI Russia the right to expand the logistics center by about 100,000 m2 .",neutral,phrasebank,controlled_gold_split,positive,0.0055325697,0.437793,0.5566744
phrasebank_sentences_66agree_667,"Biohit and VWR have been in close cooperation for a number of years in the US , where Biohit is one of VWR 's focus suppliers .",positive,phrasebank,controlled_gold_split,positive,0.006819507,0.20572194,0.7874585
phrasebank_sentences_allagree_2163,Operating profit fell to EUR 6.2 mn from EUR 8.5 mn in the third quarter of 2007 .,negative,phrasebank,controlled_gold_split,negative,0.9772619,0.017699284,0.0050388435
phrasebank_sentences_allagree_2210,"Operating profit totalled EUR 30.2 mn , down from EUR 43.8 mn a year earlier .",negative,phrasebank,controlled_gold_split,negative,0.97946894,0.0123417415,0.00818932
phrasebank_sentences_allagree_1590,"A total of 15,000 new Citycon shares with a nominal value of EUR 1.35 per share were subscribed between 17 and 23 March 2006 exercising the A-B-C options based on the company 's stock option plan 1999 .",neutral,phrasebank,controlled_gold_split,neutral,0.0037365232,0.9751669,0.021096613
phrasebank_sentences_75agree_2060,Neither of the companies use genetically engineered soy at the moment .,neutral,phrasebank,controlled_gold_split,neutral,0.0039685788,0.9806089,0.015422539
phrasebank_sentences_75agree_1169,The concept enables a commercially affordable way to manufacture high-quality TCO coated glass for the solar industry .,positive,phrasebank,controlled_gold_split,positive,0.004880894,0.2057248,0.78939426
phrasebank_sentences_allagree_1987,"`` I 'm trying to deal with slavery from a different perspective to balance the story , '' says DeRamus , formerly a writer at the Detroit Free Press and the Detroit News .",neutral,phrasebank,controlled_gold_split,neutral,0.0059323,0.95011574,0.04395197
phrasebank_sentences_allagree_2043,"Therefore , the company 's 2005 result will remain weaker than that of 2004 .",negative,phrasebank,controlled_gold_split,negative,0.9473221,0.040470082,0.012207818
phrasebank_sentences_allagree_1723,The bank 's leasing arm Nordea Liising ended the year with a profit of 4.4 million euros .,neutral,phrasebank,controlled_gold_split,neutral,0.009235398,0.89889723,0.09186738
phrasebank_sentences_50agree_3496,A spokeswoman for the Italian fashion house declined comment on the settlement .,neutral,phrasebank,controlled_gold_split,neutral,0.0797034,0.9088227,0.011473956
phrasebank_sentences_allagree_960,"Erkki Jarvinen , President of Rautakirja and the head of the Sanoma Trade division , will leave his current tasks in spring 2009 for a similar position outside the Sanoma Group .",neutral,phrasebank,controlled_gold_split,neutral,0.013778036,0.9782557,0.007966333
phrasebank_sentences_allagree_148,"( ADP News ) - Nov 5 , 2008 - Finnish electronic measurement products and solutions maker Vaisala Oyj ( OMX : VAIAS ) said today that its net profit rose to EUR 18 million ( USD 23.1 m ) for the first nine months of 2008 from EUR 1",positive,phrasebank,controlled_gold_split,positive,0.016596904,0.017858122,0.96554506
phrasebank_sentences_allagree_367,"Finnish Sampo Bank , of Danish Danske Bank group , reports profit before taxes of EUR 152.3 mn in 2010 , up from EUR 32.7 mn in 2009 .",positive,phrasebank,controlled_gold_split,positive,0.017024098,0.014575709,0.9684002
phrasebank_sentences_allagree_1508,"The share capital of Biotie Therapies Corp. constitutes 90,211,860 shares in the aggregate and the number of voting rights attached to the shares amounts to 90,211,860 .",neutral,phrasebank,controlled_gold_split,neutral,0.0055422857,0.9863858,0.008071857
phrasebank_sentences_allagree_177,Orion Pharma 's operating profit increased by 42.5 % from 2004 .,positive,phrasebank,controlled_gold_split,positive,0.010245478,0.0194425,0.970312
phrasebank_sentences_75agree_1413,Scanfil expects net sales in 2008 to remain at the 2007 level .,neutral,phrasebank,controlled_gold_split,neutral,0.0044699805,0.97471935,0.020810755
phrasebank_sentences_66agree_647,"At the moment , Valio is not worried , but if the ban continues for long , it may become quite a problem .",negative,phrasebank,controlled_gold_split,neutral,0.34336478,0.6352558,0.021379367
phrasebank_sentences_66agree_3701,"The largest restructuring is planned for Italy , where negotiations on about 40 job cuts are to be initiated today , the company noted .",negative,phrasebank,controlled_gold_split,negative,0.9087422,0.07074508,0.020512734
phrasebank_sentences_50agree_1847,"Higher bit rates for outgoing traffic improves the end-user experience of mobile broadband services such as video conferencing , file sharing and sending e-mails with attachments .",positive,phrasebank,controlled_gold_split,positive,0.005658679,0.080940396,0.9134009
phrasebank_sentences_66agree_995,Finnish Raisio ( Diagnostics ) is launching new DNA-based quick tests to ensure the safety of food .,positive,phrasebank,controlled_gold_split,neutral,0.0042705145,0.79186475,0.20386478
phrasebank_sentences_50agree_1817,"The company 's objective is to offer the best people flow experience by developing and delivering solutions that enable people to move smoothly , safely , comfortably and without waiting in buildings in an increasingly urbanizing environment .",neutral,phrasebank,controlled_gold_split,positive,0.004983044,0.30365866,0.69135827
phrasebank_sentences_allagree_1316,Odell has not contacted the State of Finland in this issue .,neutral,phrasebank,controlled_gold_split,neutral,0.018417355,0.97604465,0.0055379993
phrasebank_sentences_75agree_64,"`` The change will optimize the operational efficiencies of our growing business , '' said Julia Prohaska , director of marketing communications for Fiskars .",positive,phrasebank,controlled_gold_split,positive,0.0058107697,0.1534156,0.8407736
phrasebank_sentences_66agree_195,"In addition , Kone signed a two-year maintenance contract for the escalators .",positive,phrasebank,controlled_gold_split,positive,0.008560012,0.049187362,0.9422527
phrasebank_sentences_allagree_1838,The value of the deal was not disclosed .,neutral,phrasebank,controlled_gold_split,neutral,0.0076798415,0.98544276,0.0068774456
phrasebank_sentences_66agree_847,Outokumpu 's chief executive Juha Rantanen expressed his confidence in China market .,positive,phrasebank,controlled_gold_split,positive,0.005798739,0.22275619,0.77144504
phrasebank_sentences_allagree_1304,"Neste Oil will publish its third quarter 2008 results on Friday , 24 October 2008 at approximately 9 am ( EET ) .",neutral,phrasebank,controlled_gold_split,neutral,0.007814334,0.98522866,0.006957003
phrasebank_sentences_66agree_1424,"We can choose the most efficient , best overall value option for our customers already at the bidding stage .",positive,phrasebank,controlled_gold_split,neutral,0.003871726,0.72496426,0.27116403
phrasebank_sentences_66agree_4145,The company 's previous estimate was for a lower revenue than the year-ago EUR 93.9 million .,negative,phrasebank,controlled_gold_split,negative,0.9674768,0.026111783,0.0064114784
phrasebank_sentences_66agree_3066,"CapMan , the Stockholm-headquartered private equity firm , has held a first close on its second private equity real estate fund as it continues its push into the property sector .",neutral,phrasebank,controlled_gold_split,neutral,0.0076889032,0.6265125,0.3657986
phrasebank_sentences_allagree_302,Sales rose 10 pct to 566 mln eur on the back of strong volume and favourable currency effects .,positive,phrasebank,controlled_gold_split,positive,0.010970734,0.02057625,0.968453
phrasebank_sentences_66agree_1360,"The company said production volumes so far indicate the circuit is capable of the targeted output rate of 60,000 tonnes per day , or 22 million tonnes a year .",neutral,phrasebank,controlled_gold_split,positive,0.006061011,0.31824264,0.6756964
phrasebank_sentences_66agree_974,Wellness services will be important in the future .,neutral,phrasebank,controlled_gold_split,neutral,0.0037077179,0.93604785,0.06024448
phrasebank_sentences_allagree_504,"Lemminkainen Infra Oy 's subsidiary Lemminkainen Sverige AB will perform the construction work , which is expected to start in early 2011 and to be completed in the summer of 2013 .",neutral,phrasebank,controlled_gold_split,neutral,0.0043196734,0.9756478,0.02003257
phrasebank_sentences_50agree_1851,"It combines a perfect price performance with sophisticated management facilities , the company said .",positive,phrasebank,controlled_gold_split,positive,0.0045962133,0.21485414,0.7805497
phrasebank_sentences_50agree_472,Finnish house manufacturers are targeting the strongly growing one-family house market in Russia .,neutral,phrasebank,controlled_gold_split,neutral,0.0047835875,0.5704587,0.42475772
phrasebank_sentences_allagree_776,"Managing Director 's comments : `` Net sales for the first quarter were notably lower than a year before , especially in Finland , Russia and the Baltic countries .",negative,phrasebank,controlled_gold_split,negative,0.9746609,0.018265953,0.0070731672
phrasebank_sentences_66agree_3663,"More than 14,000 customers were left powerless .",negative,phrasebank,controlled_gold_split,negative,0.82504094,0.15823255,0.01672652
phrasebank_sentences_66agree_3558,"`` This transaction supports Huhtamaki 's strategic review of rigid plastic consumer goods operations '' , says Huhtam+ñki Oyj 's CEO Jukka Moisio .",neutral,phrasebank,controlled_gold_split,positive,0.00494401,0.309783,0.68527305
phrasebank_sentences_75agree_1170,The purpose of this action is to ensure company 's cost effectiveness this year and in the near future .,positive,phrasebank,controlled_gold_split,neutral,0.004432299,0.76009977,0.23546793
phrasebank_sentences_50agree_1538,"In Finland , the corresponding service is Alma Media 's Etuovi.com , Finland 's most popular and best known nationwide online service for home and property sales .",neutral,phrasebank,controlled_gold_split,neutral,0.0031106856,0.9640772,0.032812197
phrasebank_sentences_allagree_1559,Union and company officials did not return calls yesterday .,neutral,phrasebank,controlled_gold_split,neutral,0.2761684,0.7128372,0.010994312
phrasebank_sentences_allagree_1593,"After non-recurring items of EUR 177mn , profit amounted to EUR 20mn .",neutral,phrasebank,controlled_gold_split,neutral,0.008790841,0.972398,0.018811204
phrasebank_sentences_66agree_2779,The Estonian parliament was set to vote on amendments to the excise duty law on Wednesday that would add 0.42 kroons to the price of a liter of diesel and 0.45 kroons to the price of a liter of gasoline from the start of 2010 .,neutral,phrasebank,controlled_gold_split,neutral,0.011911508,0.7297773,0.25831124
phrasebank_sentences_allagree_1152,"Additionally , information on business segments , competitors and future outlook are provided .",neutral,phrasebank,controlled_gold_split,neutral,0.0067209904,0.98393875,0.009340287
phrasebank_sentences_allagree_942,"CapMan said the deal 's effect on its cash flow for 2009 totals EUR3 .4 m , but the transaction would not affect its financial results for 2009 as it was executed at fair value .",neutral,phrasebank,controlled_gold_split,neutral,0.022340646,0.9710523,0.0066071074
phrasebank_sentences_50agree_1333,Shareholders of Rakvere Lihakombinaat decided in favor of the buyout of minority shares in mid-July .,positive,phrasebank,controlled_gold_split,positive,0.008582917,0.20587394,0.78554314
phrasebank_sentences_allagree_1644,"In 2007 , the Group 's net sales stood at EUR 42 million and it had about 1,445 employees .",neutral,phrasebank,controlled_gold_split,neutral,0.0067499466,0.9843253,0.008924778
phrasebank_sentences_75agree_3405,Our superior customer centricity and expertise in digital services set us apart from our competitors .,positive,phrasebank,controlled_gold_split,positive,0.0068293633,0.4506471,0.5425235
phrasebank_sentences_66agree_1029,Chief Financial Officer Jim Heindlmeyer said Beyond Oblivion is in advanced talks with the four major recording companies about its service .,neutral,phrasebank,controlled_gold_split,neutral,0.00347504,0.90692437,0.08960058
phrasebank_sentences_75agree_338,"` This order is included in Wartsila 's order book in the second quarter , ' the company added .",neutral,phrasebank,controlled_gold_split,neutral,0.004709757,0.9780627,0.017227573
phrasebank_sentences_50agree_74,"Finnish real estate investor Sponda Plc said on Wednesday 12 March that it has signed agreements with Danske Bank A-S , Helsinki Branch for a 7-year EUR150m credit facility and with Ilmarinen Mutual Pension Insurance Company for a 7-year EUR50m credit facility .",neutral,phrasebank,controlled_gold_split,positive,0.006452685,0.14841233,0.845135
phrasebank_sentences_allagree_481,Uponor improved its performance in spite of the decrease in residential construction in the US .,positive,phrasebank,controlled_gold_split,positive,0.009362923,0.018656798,0.97198033
phrasebank_sentences_66agree_3679,SWOT analysis is just one method of categorization and has its own weaknesses .,neutral,phrasebank,controlled_gold_split,neutral,0.026684737,0.9669817,0.0063335397
phrasebank_sentences_allagree_1109,"The sale will be finalized in September or October , the company said .",neutral,phrasebank,controlled_gold_split,neutral,0.005232093,0.9864071,0.00836086
phrasebank_sentences_75agree_1336,"According to M-real 's CEO , Mikko Helander , this transaction will enable the company to proceed swiftly with its restructuring program .",positive,phrasebank,controlled_gold_split,positive,0.0054480825,0.22376487,0.77078706
phrasebank_sentences_66agree_944,The aim of the bridge solutions chosen is to minimize construction times while ensuring that traffic beneath the bridge on the Saimaa canal continues undisturbed .,neutral,phrasebank,controlled_gold_split,neutral,0.006173642,0.5375844,0.45624197
phrasebank_sentences_allagree_1388,The combined value of the orders is EUR 45mn .,neutral,phrasebank,controlled_gold_split,neutral,0.0057271374,0.9840731,0.010199761
phrasebank_sentences_50agree_1172,Altimo and TeliaSonera said yesterday that Usmanov would be welcome to join the new company .,positive,phrasebank,controlled_gold_split,neutral,0.003451969,0.96841776,0.02813024
phrasebank_sentences_allagree_676,"Outotec 's scope of delivery covers the engineering , supply of special equipment and services for a calcination plant with two circulating fluid bed calciners .",neutral,phrasebank,controlled_gold_split,neutral,0.003399157,0.98387235,0.012728454
phrasebank_sentences_allagree_1472,The online ice chart shows no ice in the area of Estonia 's sea ports on the coast of the Gulf of Finland .,neutral,phrasebank,controlled_gold_split,neutral,0.010633645,0.97704315,0.0123232035
phrasebank_sentences_75agree_2289,The personnel s expertise and high level of technology play a major role in Exel Composites operations .,neutral,phrasebank,controlled_gold_split,neutral,0.0045202556,0.66499496,0.3304848
phrasebank_sentences_50agree_1597,"Stora Enso Oyj said Friday it will sell its North American unit to NewPage , in a deal valued at euro1 .82 billion US$ 2.52 million .",neutral,phrasebank,controlled_gold_split,neutral,0.0056020217,0.82012415,0.17427379
phrasebank_sentences_allagree_1544,"These include software development for internet and mobile telephone content , communications , value-added software , financial services , security applications , systems integration and electronics .",neutral,phrasebank,controlled_gold_split,neutral,0.006680407,0.98566794,0.007651648
phrasebank_sentences_75agree_401,"Kalnapilio-Tauro Grupe ( Kalnapilis-Tauras Group ) , which is owned by Denmark 's Royal Unibrew , raised its market share to 25.2 percent from 23.91 percent , as beer sales for the nine months jumped by 11.4 percent to 52.99 million liters .",positive,phrasebank,controlled_gold_split,positive,0.012398745,0.01791717,0.96968406
phrasebank_sentences_allagree_1229,"Foodservice and consumer goods markets are served by approximately 13,000 people in 54 manufacturing units and several sales offices in 33 countries .",neutral,phrasebank,controlled_gold_split,neutral,0.005379265,0.98295134,0.011669352
phrasebank_sentences_allagree_288,Tielinja generated net sales of 7.5 mln euro $ 9.6 mln in 2005 .,neutral,phrasebank,controlled_gold_split,neutral,0.004874918,0.97738886,0.01773619
phrasebank_sentences_allagree_1025,"SRV will also build an aqua park with wellness area , a restaurant and a multifunctional ice arena .",neutral,phrasebank,controlled_gold_split,neutral,0.0036742112,0.8765098,0.11981604
phrasebank_sentences_allagree_1097,"The order comprises four ball mills , which will be organized in two different streams for treating ore in the Pilanesberg platinum mine .",neutral,phrasebank,controlled_gold_split,neutral,0.004369478,0.97730607,0.018324472
phrasebank_sentences_75agree_3252,"When this information was released on 5 September 2008 , Nokia 's American Depositary shares fell by 8 % .",negative,phrasebank,controlled_gold_split,negative,0.9751399,0.018836634,0.0060234903
phrasebank_sentences_allagree_2207,"Operating profit totaled EUR 6.7 mn , down from EUR 7.2 mn in the corresponding period in 2005 .",negative,phrasebank,controlled_gold_split,negative,0.97940195,0.013875243,0.006722747
phrasebank_sentences_allagree_675,"Of these shares 29,659,239 are held by the Company or its group companies and the number of outstanding shares and voting rights attached to the shares thus amounts to 322,705,218 .",neutral,phrasebank,controlled_gold_split,neutral,0.005655113,0.98603606,0.0083088875
phrasebank_sentences_50agree_1403,"The operator is one of 6 operators to have been granted a WiMAX license in Taiwan , and hopes to be the first to launch commercial services in early 2009 .",neutral,phrasebank,controlled_gold_split,positive,0.0040061674,0.23627198,0.7597218
phrasebank_sentences_allagree_1021,"says Brian Burton , Head of IT Security , Vodafone UK .",neutral,phrasebank,controlled_gold_split,neutral,0.009329368,0.91159743,0.07907322
phrasebank_sentences_75agree_2576,Margin call of Zanadvorov has given the chance to make such purchase under the credit of Deutsche Bank for USD 560 million .,neutral,phrasebank,controlled_gold_split,neutral,0.00529719,0.7102478,0.28445494
phrasebank_sentences_allagree_1750,"The company said that 80 % of the shares of the holding company will be sold to Meadville Holdings Limited , a Hong Kong listed parent company of the Meadville Group .",neutral,phrasebank,controlled_gold_split,neutral,0.0035927398,0.97689956,0.019507706
phrasebank_sentences_allagree_1322,"One price category is for calls on the preferred operator 's network , and another for calls on other operators ' networks .",neutral,phrasebank,controlled_gold_split,neutral,0.0050314963,0.9863761,0.008592362
phrasebank_sentences_allagree_17,"Operating profit for the three-month period increased from EUR1 .2 m , while revenue increased from EUR20 .2 m , as compared to the corresponding period in 2005 .",positive,phrasebank,controlled_gold_split,positive,0.013230878,0.016595239,0.97017384
phrasebank_sentences_66agree_2458,Etteplan targets to employ at least 20 people in Borl+ñnge .,positive,phrasebank,controlled_gold_split,neutral,0.0037970473,0.9218765,0.074326456
phrasebank_sentences_75agree_1082,"The company said Offshore segment represented 43 % of the total marine engines orders for the July-September 2010 period , Merchant 33 % , Special vessels 18 % , and Cruise and Ferry , and Ship Design -- 2 % and 3 % , respectively .",neutral,phrasebank,controlled_gold_split,neutral,0.00384495,0.9783066,0.017848453
phrasebank_sentences_66agree_377,"The new facility , to be known as Technopolis Pulkovo , will introduce to the Russian market an entirely new concept of creating , operating and growing a commercially-funded science and technology park to support the growth of knowledge-intensive companies .",neutral,phrasebank,controlled_gold_split,positive,0.00498567,0.4265743,0.5684401
phrasebank_sentences_75agree_1217,He said things will be different when new Finnish nuclear power stations go into operation and the large hydro powered stations of northern Europe have a good year .,neutral,phrasebank,controlled_gold_split,neutral,0.004273945,0.9522116,0.043514486
phrasebank_sentences_allagree_1254,"In his current position , Manty has worked since 1996 .",neutral,phrasebank,controlled_gold_split,neutral,0.008176986,0.9827808,0.009042264
phrasebank_sentences_66agree_1299,"It also has strong assets in electronic media , employing 18,500 an increase of 9 percent on last year .",positive,phrasebank,controlled_gold_split,positive,0.005625484,0.077420786,0.91695374
phrasebank_sentences_75agree_2555,"It grew in Finland , Norway , Denmark and the Baltic countries .",neutral,phrasebank,controlled_gold_split,neutral,0.003873562,0.97030646,0.025819942
phrasebank_sentences_allagree_2259,"Operating result for the 12-month period decreased from the profit of EUR0 .4 m while turnover decreased from EUR5 .6 m , as compared to 2004 .",negative,phrasebank,controlled_gold_split,negative,0.97206634,0.022374898,0.005558685
phrasebank_sentences_allagree_341,"ADP News - Nov 13 , 2008 - Finnish printed circuit board PCB maker Aspocomp Group Oyj OMX : ACG1V said today that its net loss narrowed to EUR 2 million USD 2.5 m in the first nine months of 2008 from EUR 57",positive,phrasebank,controlled_gold_split,positive,0.028243223,0.01802275,0.95373404
phrasebank_sentences_66agree_3967,Sales were down 14 per cent in Finland and up 27 per cent abroad where sales were lifted by the strong growth in sales in Russia and Lithuania .,neutral,phrasebank,controlled_gold_split,negative,0.9632122,0.02845435,0.0083334185
phrasebank_sentences_allagree_909,"` Nordea 's definitely too big for Sampo to acquire , ' said an analyst ` But Sampo would appear to have an agenda for Nordea ahead of the privatisation .",neutral,phrasebank,controlled_gold_split,neutral,0.005097539,0.9771277,0.017774794
phrasebank_sentences_50agree_1799,`` We are proud to contribute to the creation of a world-class airport facility with KONE 's innovative People Flow TM solutions .,positive,phrasebank,controlled_gold_split,positive,0.007331401,0.06561583,0.92705274
phrasebank_sentences_66agree_949,"The Daily Graphic newspaper , in October , reported an initiative being embarked upon by the Fidelity Bank to partner Ghana Post , which has offices across the country , to offer financial services to the unbanked and under-banked in the country .",neutral,phrasebank,controlled_gold_split,positive,0.005983795,0.20414697,0.7898693
phrasebank_sentences_66agree_3630,"Antti Orkola , president of Kemira GrowHow 's Industrial Solutions unit , told Thomson Financial News the company has put off opening the mine as prices of phosphate have been ` quite depressed for a long time ' . '",negative,phrasebank,controlled_gold_split,negative,0.5662585,0.38634333,0.04739809
phrasebank_sentences_allagree_2145,"Insurer Axa ( PAR : CS ) slid by 5.35 % to EUR 14.15 , after Citigroup and ING slashed their targets on the stock .",negative,phrasebank,controlled_gold_split,negative,0.97637045,0.016211122,0.007418369
phrasebank_sentences_50agree_1164,"ALEXANDRIA , Va. , Aug. 27 -- Timo Vataja of Tampere , Finland , Virve Inget of Oulu , Finland , have developed a computer program product with activating the right of use .",neutral,phrasebank,controlled_gold_split,neutral,0.0030579034,0.9664107,0.030531377
phrasebank_sentences_75agree_835,"Employees are also better prepared to answer calls , since they already have detailed information about the caller before they answer the phone . ''",positive,phrasebank,controlled_gold_split,neutral,0.008040969,0.9477407,0.044218335
phrasebank_sentences_allagree_1505,The sellers were the founders of the company .,neutral,phrasebank,controlled_gold_split,neutral,0.007609774,0.98507196,0.0073182476
phrasebank_sentences_66agree_420,"After the transaction , Alma Media raised its stake in Talentum to 30.65 % of the shares and some 31.12 % of voting rights .",positive,phrasebank,controlled_gold_split,positive,0.004988535,0.23930712,0.7557043
phrasebank_sentences_allagree_2018,The situation of coated magazine printing paper will continue to be weak .,negative,phrasebank,controlled_gold_split,neutral,0.012636688,0.97012466,0.017238602
phrasebank_sentences_allagree_435,"( ADP News ) - Oct 31 , 2008 - Finnish food company Raisio Oyj ( OMX : RAIVV ) said today that its net profit jumped to EUR 16.4 million ( USD 20.9 m ) for the first nine months of 2008 from EUR 1.1 million for the same period of 2",positive,phrasebank,controlled_gold_split,positive,0.021102864,0.017156508,0.96174055
phrasebank_sentences_50agree_392,The Finnish company Stockmann has signed the contract with the company Technopolis .,neutral,phrasebank,controlled_gold_split,positive,0.006087141,0.22269158,0.7712213
phrasebank_sentences_allagree_673,"New Delhi , July 17 -- Sahlberg Teppo , Kallio Timo and Mustonen Tuomas of M Real OYJ , Espoo , Finland have developed novel markings and methods of producing the same .",neutral,phrasebank,controlled_gold_split,neutral,0.0033209848,0.9444965,0.052182514
phrasebank_sentences_allagree_443,Sports equipment sales also progressed well owing to the prolonged winter season .,positive,phrasebank,controlled_gold_split,positive,0.009683654,0.02543839,0.964878
phrasebank_sentences_allagree_124,Finnish software developer Done Solutions Oyj said its net profit increased to 3.5 mln euro ( $ 4.6 mln ) in 2006 from 2.3 mln euro ( $ 3.0 mln ) in 2005 .,positive,phrasebank,controlled_gold_split,positive,0.016054494,0.015590971,0.96835446
phrasebank_sentences_allagree_2031,"Nordic banks have already had to write off sizable loans in Latvia , with Swedbank , Nordea , DnB NOR and SEB reporting combined losses in excess of $ 1.35 billion in the period 2007 to 2010 against a backdrop of near economic meltdown in Latvia .",negative,phrasebank,controlled_gold_split,negative,0.9642508,0.02620323,0.009545951
phrasebank_sentences_allagree_670,M. and a Master of Business Administration MBA .,neutral,phrasebank,controlled_gold_split,neutral,0.009890708,0.94868076,0.04142849
phrasebank_sentences_50agree_4799,In February the Elcoteq group sold its St Petersburg facility ; according to unconfirmed information the reason could have been supply problems because of the Russian customs service .,negative,phrasebank,controlled_gold_split,neutral,0.42790034,0.5580872,0.014012433
phrasebank_sentences_allagree_453,Finlan 's listed food industry company HKScan Group controlled companies in the Baltics improved revenues by EUR 3.5 mn to EUR 160.4 mn in 2010 from EUR 156.9 mn in the year before .,positive,phrasebank,controlled_gold_split,positive,0.02760084,0.009831777,0.9625673
phrasebank_sentences_allagree_1371,"The 19,200-square metre technology center is located near University of Tampere in central Tampere .",neutral,phrasebank,controlled_gold_split,neutral,0.0047826,0.9797035,0.01551399
phrasebank_sentences_allagree_2191,"However , the company saw its net profit for the third quarter down to EUR 1.4 million from EUR 1.5 million for the corresponding period of 2009 .",negative,phrasebank,controlled_gold_split,negative,0.97727853,0.014566393,0.008155062
phrasebank_sentences_75agree_1792,The transaction will take place without payment of merger consideration .,neutral,phrasebank,controlled_gold_split,neutral,0.0068767187,0.98533857,0.007784737
phrasebank_sentences_allagree_1661,"It is being developed by Symbian , the software licensing consortium led by Nokia .",neutral,phrasebank,controlled_gold_split,neutral,0.002858761,0.957994,0.03914731
phrasebank_sentences_50agree_1184,Atria Group is a leading Scandinavian meat products group .,positive,phrasebank,controlled_gold_split,positive,0.0053901705,0.23647134,0.7581385
phrasebank_sentences_allagree_1461,The MET is located in the Central Business District ( CBD ) of Bangkok .,neutral,phrasebank,controlled_gold_split,neutral,0.0042327265,0.98251134,0.013255968
phrasebank_sentences_75agree_588,"According to CEO Kai Telanne , the company 's newspapers achieved the best financial result ever .",positive,phrasebank,controlled_gold_split,positive,0.0081693875,0.040171888,0.9516587
phrasebank_sentences_50agree_1008,"The Group brand portfolio includes the leading brand in the industry , Rapala , and other global brands like VMC , Storm , Blue Fox , Luhr Jensen , Williamson , Marttiini and Sufix .",neutral,phrasebank,controlled_gold_split,neutral,0.0033829052,0.87429893,0.122318156
phrasebank_sentences_allagree_1762,"The devices would be launched in the Chinese market in late 2006 , the company said .",neutral,phrasebank,controlled_gold_split,neutral,0.0029458548,0.9605522,0.03650199
phrasebank_sentences_allagree_19,"The Lithuanian beer market made up 14.41 million liters in January , a rise of 0.8 percent from the year-earlier figure , the Lithuanian Brewers ' Association reporting citing the results from its members .",positive,phrasebank,controlled_gold_split,positive,0.012103204,0.020769995,0.9671268
phrasebank_sentences_allagree_628,The share of the share capital of both above mentioned shareholders remains below 5 % .,neutral,phrasebank,controlled_gold_split,neutral,0.015278878,0.9776608,0.007060379
phrasebank_sentences_50agree_1375,The effect of the savings will be noticeable as of the beginning of 2010 .,positive,phrasebank,controlled_gold_split,neutral,0.0040279306,0.8315828,0.16438925
phrasebank_sentences_allagree_298,"Uponor made an operating profit of EUR 151.0 mn , up from EUR 143.7 mn , which made 2007 a record year .",positive,phrasebank,controlled_gold_split,positive,0.014098833,0.015667066,0.9702341
phrasebank_sentences_75agree_2772,"The Swedish buyout firm has sold its remaining 22.4 percent stake , almost eighteen months after taking the company public in Finland .",neutral,phrasebank,controlled_gold_split,neutral,0.004106854,0.96641636,0.029476829
phrasebank_sentences_allagree_1115,They both will report to Oriola-KD 's chief executive officer Eero Hautaniemi .,neutral,phrasebank,controlled_gold_split,neutral,0.0081678135,0.98552054,0.006311597
phrasebank_sentences_75agree_2071,Nordea 's chairman of the board Hans Dalborg has informed the nomination committee that he will not be up for re-election at the Annual General Meeting in 2011 .,neutral,phrasebank,controlled_gold_split,neutral,0.18087171,0.81021506,0.008913207
phrasebank_sentences_allagree_739,Raute said it has won an order worth around 15 mln eur to supply several plywood production lines to mills operated by Russian wood products company Sveza Group .,positive,phrasebank,controlled_gold_split,positive,0.009201401,0.0280943,0.96270436
phrasebank_sentences_75agree_2983,"Finland-based international machinery rental company Ramirent Plc ( OMX Helsinki : RMR1V ) said on Friday ( 9 May ) that its president and CEO , Kari Kallio , has informed the board of his intention to retire in year 2009 .",neutral,phrasebank,controlled_gold_split,neutral,0.015365991,0.9741553,0.010478696
phrasebank_sentences_75agree_3086,"This one was at one time targeted for June 5 , but if we had to guess , it 's been pushed back -- maybe we 're crazy , but we feel like it has n't leaked enough to meet that date at this point .",neutral,phrasebank,controlled_gold_split,neutral,0.019166792,0.9574868,0.023346445
phrasebank_sentences_75agree_1391,Net profit in the same period in 2006 was 36.6 million euros .,neutral,phrasebank,controlled_gold_split,neutral,0.010948027,0.9768862,0.012165791
phrasebank_sentences_75agree_1001,"A downloadable instruction sheet , instructional video , and project ideas for the award-winning Everywhere Punch TM Window System can be found at www.fiskars.com .",neutral,phrasebank,controlled_gold_split,neutral,0.0041063176,0.96817935,0.027714355
phrasebank_sentences_allagree_764,"Supported Nokia phones include : N96 , N95-8GB , N95 , N93-N931 , N92 , N85 , N82 , N81 , N80 , N79 , N78 , N77 , N76 , N75 , N73 , N72 , N71 , E90 , E71 , E70 , E66 , E65 , E62 , E61-E61i , E60 , E51 , E50 , Touch Xpress 5800 , 6220 Classic , 6210 Navigator , 6120 Classic , 6110 Navigator , 5700 , 5500 , 5320XM .",neutral,phrasebank,controlled_gold_split,neutral,0.006445776,0.9821973,0.011356966
phrasebank_sentences_66agree_1127,Sponda plans to renovate old real estate and develop new property .,neutral,phrasebank,controlled_gold_split,neutral,0.0030397929,0.8989635,0.097996704
phrasebank_sentences_75agree_1145,"`` Following last year 's good profit development , we have entered the current year in a good position .",positive,phrasebank,controlled_gold_split,positive,0.010060135,0.027831228,0.9621087
phrasebank_sentences_50agree_2119,"In 2007 , Marimekko has also opened concept stores in Yokohama and Nagoya , central Japan , in Silver Spring in metropolitan Washington DC , USA , in Graz , central Austria , and in Aalborg , northern Denmark .",positive,phrasebank,controlled_gold_split,neutral,0.0037727277,0.956188,0.040039197
phrasebank_sentences_75agree_2786,"The total value of the project is estimated to be over 3.0 mln euro $ 4.4 mln , of which the services will be over 2.0 mln euro $ 2.9 mln and third-party licences more than 1.0 mln euro $ 1.5 mln .",neutral,phrasebank,controlled_gold_split,neutral,0.004210357,0.9811442,0.014645449
phrasebank_sentences_75agree_809,Also the traditional grapevine carries a lot of weight .,neutral,phrasebank,controlled_gold_split,neutral,0.005873632,0.97533196,0.018794402
phrasebank_sentences_allagree_2160,Operating profit fell to EUR 15.1 mn from EUR 24.6 mn in 2006 .,negative,phrasebank,controlled_gold_split,negative,0.9782664,0.016290257,0.005443247
phrasebank_sentences_75agree_1219,"I am looking forward to contribute to SRV 's success with my competence '' , says Taneli Hassinen .",positive,phrasebank,controlled_gold_split,positive,0.006550425,0.40724406,0.58620554
phrasebank_sentences_allagree_1589,A filter is used to pre-process packets to determine if they need to be further processed by the processor of the network device .,neutral,phrasebank,controlled_gold_split,neutral,0.006403053,0.9852621,0.00833486
phrasebank_sentences_50agree_3013,"( ADP News ) - Dec 11 , 2008 - Finnish power-supply solutions provider Efore Oyj ( OMX : EFO1V ) said yesterday it opened a technology research and development ( R&D ) laboratory at Helsinki University of Technology .",neutral,phrasebank,controlled_gold_split,neutral,0.003958739,0.85318154,0.14285968
phrasebank_sentences_allagree_2098,Below are unaudited consolidated results for Aspocomp Group under IFRS reporting standards .,neutral,phrasebank,controlled_gold_split,neutral,0.008581589,0.9841778,0.00724055
phrasebank_sentences_allagree_598,Symphony Services provides development services for Aldata GOLD .,neutral,phrasebank,controlled_gold_split,neutral,0.003897471,0.98203284,0.01406964
phrasebank_sentences_allagree_425,"Citigroup , Inc ( NYSE : C ) has announced that its Global Transaction Services ( GTS ) business has been awarded a new mandate by Finland-based Pohjola Bank Group .",positive,phrasebank,controlled_gold_split,positive,0.005646086,0.07224295,0.92211103
phrasebank_sentences_allagree_1442,The full-function PC weighs 1.25 kilograms and measures slightly more than two centimeters thin .,neutral,phrasebank,controlled_gold_split,neutral,0.0062648887,0.97631854,0.017416565
phrasebank_sentences_50agree_1894,CDLI highlights the companies that provided the most comprehensive response to the Carbon Disclosure Project CDP information request .,positive,phrasebank,controlled_gold_split,neutral,0.003932835,0.84594494,0.15012231
phrasebank_sentences_allagree_501,"In the method the smelt spouts 2 are separated from the working area 6 by a shielding wall 8 , 10 arranged movable in relation to the smelt spouts .",neutral,phrasebank,controlled_gold_split,neutral,0.007111738,0.9857347,0.0071535306
phrasebank_sentences_allagree_362,"The company 's profit before taxes fell to EUR 21.1 mn in the third quarter of 2008 , compared to EUR 35.8 mn in the corresponding period in 2007 .",negative,phrasebank,controlled_gold_split,negative,0.97800577,0.015869861,0.006124355
phrasebank_sentences_75agree_1434,"The Group 's consolidated net sales for 2008 totaled 3.4 billion euros and it employs approximately 13,000 persons .",neutral,phrasebank,controlled_gold_split,neutral,0.0051903822,0.984294,0.010515624
phrasebank_sentences_66agree_1883,- Moody 's said it gave P A1 long-term senior unsecured and P P-1 short-term debt ratings to Finnish lender Aktia Bank 's EUR1bn USD1 .4 bn euro medium-term note EMTN program of 25 March 2011 .,neutral,phrasebank,controlled_gold_split,positive,0.006804817,0.4424978,0.5506974
phrasebank_sentences_allagree_1742,The company had net sales of EUR 19.8 mn and a pre-tax profit of EUR 1.8 mn in 2005 .,neutral,phrasebank,controlled_gold_split,neutral,0.005538028,0.97414523,0.020316701
phrasebank_sentences_allagree_141,Its market share widened to 48.51 percent from 48.31 percent a year earlier .,positive,phrasebank,controlled_gold_split,positive,0.016911477,0.017329436,0.96575904
phrasebank_sentences_50agree_428,"Finnish silicon wafers manufacturer Okmetic Oyj said on June 29 , 2007 it signed an agreement with Nordea Bank Finland Plc , the local subsidiary of Swedish commercial bank Nordea Bank AB , which will refinance Okmetic 's syndicated bank facility which amounts to some 20 mln euro ( $ 26.9 mln ) .",positive,phrasebank,controlled_gold_split,positive,0.008008158,0.059114967,0.9328769
phrasebank_sentences_allagree_294,"However , the growth margin slowed down due to the financial crisis .",negative,phrasebank,controlled_gold_split,negative,0.94180244,0.039196845,0.019000689
phrasebank_sentences_allagree_113,"Equity ratio was 60.9 % compared to 54.2 % In the third quarter of 2007 , net sales of the Frozen Foods Business totaled EUR 11.0 , up by about 5 % from the third quarter of 2006 .",positive,phrasebank,controlled_gold_split,positive,0.013453277,0.01630718,0.9702396
phrasebank_sentences_allagree_946,"Construction work on the Helsinki Music Centre is to start this autumn , with the total cost of the project estimated at 140 million euros .",neutral,phrasebank,controlled_gold_split,neutral,0.004865072,0.97351146,0.021623502
phrasebank_sentences_allagree_1561,Vacon recently announced plans to build its North American headquarters at 5 Business Park in Chambersburg .,neutral,phrasebank,controlled_gold_split,neutral,0.0038954793,0.81213003,0.1839745
phrasebank_sentences_75agree_889,QPR product family is fully compatible with Microsoft 's Windows 7 operating system .,neutral,phrasebank,controlled_gold_split,neutral,0.0032899806,0.84366596,0.15304399
phrasebank_sentences_75agree_608,"Furthermore , efficiency improvement measures initiated earlier are now bearing fruit , '' CEO Jan Lang said .",positive,phrasebank,controlled_gold_split,positive,0.006576303,0.07833635,0.9150874
phrasebank_sentences_50agree_2,"The international electronic industry company Elcoteq has laid off tens of employees from its Tallinn facility ; contrary to earlier layoffs the company contracted the ranks of its office workers , the daily Postimees reported .",negative,phrasebank,controlled_gold_split,negative,0.96875674,0.022894492,0.008348712
phrasebank_sentences_75agree_2780,"The total investment in the company will be EUR58m , of which Wartsila 's share will be EUR29m .",neutral,phrasebank,controlled_gold_split,neutral,0.0038287754,0.98375136,0.012419935
phrasebank_sentences_allagree_595,Stock Exchange Release 10/3/2011 12:00 Sanoma has published its Annual Report and Financial Statements for 2010 and its first Corporate Responsibility Report .,neutral,phrasebank,controlled_gold_split,neutral,0.008017584,0.9835882,0.008394154
phrasebank_sentences_66agree_3268,"The bank also expects additional costs , related to the Dash 8 - Q400 jets , which the group shelved in October 2007 .",neutral,phrasebank,controlled_gold_split,neutral,0.018197114,0.9517423,0.030060625
phrasebank_sentences_allagree_216,"Elisa said mobile subscriptions grew 7 percent during 2007 , mainly because of customers adopting so-called third generation mobile technology .",positive,phrasebank,controlled_gold_split,positive,0.004493134,0.120672196,0.8748346
phrasebank_sentences_75agree_2807,These share transactions are part of the company 's strategy of relinquishing assets that are not part of its core business .,neutral,phrasebank,controlled_gold_split,neutral,0.0032298495,0.9702111,0.026559012
phrasebank_sentences_50agree_1627,"The deal , already approved by shareholders , will be carried out in the first half of 2011 .",neutral,phrasebank,controlled_gold_split,neutral,0.0035902108,0.97050864,0.025901092
phrasebank_sentences_75agree_987,You are warmly welcome !,neutral,phrasebank,controlled_gold_split,neutral,0.008432515,0.65308315,0.33848435
phrasebank_sentences_75agree_1794,"The wireless industry is bracing itself for the iPhone , which will launch on June 29 .",neutral,phrasebank,controlled_gold_split,neutral,0.0053493152,0.929988,0.06466272
phrasebank_sentences_allagree_2152,Net profit fell by almost half to +é 5.5 million from +é 9.4 million at the end of 2007 .,negative,phrasebank,controlled_gold_split,negative,0.97686553,0.017988274,0.0051461826
phrasebank_sentences_allagree_1633,Finnish silicon wafer technology company Okmetic Oyj OMX Helsinki : OKM1V said on Wednesday 17 September that it will invest EUR6m in its sensor wafer business during 2009 .,neutral,phrasebank,controlled_gold_split,neutral,0.003741909,0.89615333,0.100104734
phrasebank_sentences_allagree_1070,The deal will have no significant effect on the acquiring company 's equity ratio .,neutral,phrasebank,controlled_gold_split,neutral,0.0068159774,0.98333436,0.0098496275
phrasebank_sentences_66agree_976,- Tikkurila inspires you to color your life .,neutral,phrasebank,controlled_gold_split,neutral,0.004495351,0.91548145,0.08002318
phrasebank_sentences_allagree_2239,"The steelmaker said that the drop in profit was explained by the continuing economic uncertainty , mixed with the current drought in bank lending , resulting in a decline in demand for its products as customers find it increasingly difficult to fund operations .",negative,phrasebank,controlled_gold_split,negative,0.9737225,0.020367468,0.0059099314
phrasebank_sentences_allagree_1412,The company will propose a dividend of EUR0 .12 per share for 2008 .,neutral,phrasebank,controlled_gold_split,neutral,0.0045783613,0.96574867,0.029673003
phrasebank_sentences_66agree_1645,"Key reasons to read this report : - Report contains only relevant information , leaving out excessive data .",neutral,phrasebank,controlled_gold_split,neutral,0.010518581,0.9836098,0.0058716494
phrasebank_sentences_75agree_2619,Pharmaceutical market in Netherlands Global Research & Data Services published recently a market analysis about the pharmaceutical markets in Netherlands .,neutral,phrasebank,controlled_gold_split,neutral,0.004349018,0.9727298,0.022921138
phrasebank_sentences_66agree_1214,The veneer and plywood industry in Sweden is quite small despite the raw material resources .,neutral,phrasebank,controlled_gold_split,neutral,0.012514542,0.97874033,0.008745095
phrasebank_sentences_allagree_1975,"The mill 's raw material need will increase by 100,000 m3 of wood .",neutral,phrasebank,controlled_gold_split,positive,0.006530973,0.18676057,0.8067084
phrasebank_sentences_50agree_2250,"Under the agreement , TietoEnator will provide Blyk with extended application and business process management services and an IT infrastructure .",positive,phrasebank,controlled_gold_split,positive,0.004583627,0.49430594,0.50111043
phrasebank_sentences_75agree_1363,"In 2007 , Alma Media 's operating profit was about EUR 53mn .",neutral,phrasebank,controlled_gold_split,neutral,0.007918695,0.9809902,0.011091074
phrasebank_sentences_66agree_2491,"GENEVA , Feb. 10 -- Tero Aaltonen , Finland has developed a radio resource control method .",neutral,phrasebank,controlled_gold_split,neutral,0.0030761005,0.94593924,0.05098462
phrasebank_sentences_50agree_4126,Possible personnel reductions concern approximately 104 people .,negative,phrasebank,controlled_gold_split,negative,0.9516973,0.04270971,0.00559307
phrasebank_sentences_allagree_655,Customers in a wide range of industries use our stainless steel and services worldwide .,neutral,phrasebank,controlled_gold_split,neutral,0.0028402545,0.9462317,0.050928064
phrasebank_sentences_66agree_2055,facades in Riga 8 March 2010 - Finnish construction company YIT Oyj HEL : YTY1V said today that it will build the frame and the facades in a tower construction project in Riga .,neutral,phrasebank,controlled_gold_split,neutral,0.008169038,0.61441076,0.37742016
phrasebank_sentences_allagree_169,Operating profit rose to EUR2 .4 m from EUR1 .6 m year earlier .,positive,phrasebank,controlled_gold_split,positive,0.0161141,0.015725452,0.96816045
phrasebank_sentences_allagree_180,Pretax profit rose to EUR 0.6 mn from EUR 0.4 mn in the corresponding period in 2005 .,positive,phrasebank,controlled_gold_split,positive,0.017551491,0.014765412,0.967683
phrasebank_sentences_75agree_619,"Meanwhile , Electrowatt-Ekono Philippines , Inc. was also awarded a three-year operation and maintenance ( O&M ) contract by FR Cement Corporation .",positive,phrasebank,controlled_gold_split,positive,0.008304377,0.029963674,0.961732
phrasebank_sentences_allagree_1494,The reductions will be concluded by autumn 2010 .,neutral,phrasebank,controlled_gold_split,neutral,0.026530916,0.94719595,0.026273087
phrasebank_sentences_50agree_2784,"ALEXANDRIA , Va. , Dec. 17 -- Reijo Salovaara , Nastola , Finland , has developed a veneer cutter .",neutral,phrasebank,controlled_gold_split,neutral,0.0033909543,0.956891,0.03971801
phrasebank_sentences_allagree_2129,Consolidated pretax profit decreased by 69.2 % to EUR 41.0 mn from EUR 133.1 mn in 2007 .,negative,phrasebank,controlled_gold_split,negative,0.977557,0.016885627,0.005557424
phrasebank_sentences_75agree_3178,"Dirk Jones , head of Financial Institutions Client Sales Management , GTS , Citigroup , Inc , said , ` Citi is extremely pleased to be providing global custody services to Pohjola Group Bank .",positive,phrasebank,controlled_gold_split,positive,0.0064666914,0.1718204,0.821713
phrasebank_sentences_75agree_3027,The production is to be liquidated before June 2009 and 325 employees loose their jobs .,negative,phrasebank,controlled_gold_split,negative,0.83620286,0.15139419,0.012402942
phrasebank_sentences_50agree_1811,One of my colleagues summed up the E7 quite aptly when he remarked : `` Fantastic hardware .,positive,phrasebank,controlled_gold_split,positive,0.013229025,0.36229968,0.6244713
phrasebank_sentences_allagree_529,`` They want my credit card info and my personal details .,neutral,phrasebank,controlled_gold_split,neutral,0.013428553,0.9779604,0.008611059
phrasebank_sentences_75agree_2284,"The other two sellers were the Finnish National Fund for R&D ( Sitra ) and Oras Invest Oy , which also sold half of their shareholdings , leaving them with 3.8 pct and 3.2 pct of the company respectively .",neutral,phrasebank,controlled_gold_split,neutral,0.005686784,0.98288155,0.011431663
phrasebank_sentences_50agree_710,"Finnish industrial investor Panostaja Oyj OMX Helsinki : PNAAS OMX Helsinki : PNABS said on Friday 11 July that it has signed a deal to acquire the entire share capital of Kospa Oy , the manufacturer of waste disposal equipment .",positive,phrasebank,controlled_gold_split,positive,0.008034061,0.15548988,0.836476
phrasebank_sentences_66agree_1252,6 October 2010 - Finnish paints and coatings company Tikkurila Oyj HEL : TIK1V announced today the launch of Tikkurila ProHouse method for protection of wooden surfaces via treatment with Ultra Pro waterborne products .,neutral,phrasebank,controlled_gold_split,positive,0.005790626,0.3703482,0.62386125
phrasebank_sentences_allagree_1362,Sunrise Resources operates in Russian near-shore development markets through its wholly-owned Russian subsidiary and has 80 % of its personnel in Russia .,neutral,phrasebank,controlled_gold_split,neutral,0.003412059,0.97610086,0.02048712
phrasebank_sentences_75agree_2886,Finnish Bank of +àland +àlandsbanken has issued a profit warning .,negative,phrasebank,controlled_gold_split,negative,0.95831263,0.034248102,0.0074392916
phrasebank_sentences_allagree_1574,- Cash flow from operating activities before investments was EUR 7.6 million EUR 2.5 million .,neutral,phrasebank,controlled_gold_split,neutral,0.011721245,0.9815544,0.006724375
phrasebank_sentences_75agree_2965,"Finnish Konecranes is again trying to acquire Italian Fantuzzi , a manufacturer of gantry cranes and reach stackers .",neutral,phrasebank,controlled_gold_split,neutral,0.0061390107,0.5493876,0.44447336
phrasebank_sentences_75agree_789,Raffles Equities Ltd became a substantial holder in Archer Exploration Ltd on January 12 with 11.7 million shares ( 18.2 pc ) .,neutral,phrasebank,controlled_gold_split,neutral,0.004218609,0.97923446,0.016546998
phrasebank_sentences_allagree_1982,The share subscription period will expire on 30 September 2007 .,neutral,phrasebank,controlled_gold_split,neutral,0.0076569817,0.9834695,0.008873585
phrasebank_sentences_66agree_64,"As a result of the share issue , the number of the company 's shares increases by 391,630 shares and the share capital by a total of EUR 15,665.20 .",neutral,phrasebank,controlled_gold_split,positive,0.006876059,0.11682976,0.87629426
phrasebank_sentences_allagree_2114,"Finnish electronics contract manufacturer Scanfil reports net sales of EUR 241.2 mn in 2006 , down from EUR 321.6 mn in 2005 .",negative,phrasebank,controlled_gold_split,negative,0.97877103,0.013013473,0.008215513
phrasebank_sentences_allagree_197,The company expects its net sales in 2008 to increase 5-10 % from 2007 .,positive,phrasebank,controlled_gold_split,positive,0.010859073,0.019245295,0.96989566
phrasebank_sentences_allagree_1605,BM4 middle layer headbox will be equipped with a dilution control system .,neutral,phrasebank,controlled_gold_split,neutral,0.0030998085,0.95696056,0.03993969
phrasebank_sentences_66agree_1473,"Also , it is bringing in `` the right kind of people '' to upgrade its human resources .",positive,phrasebank,controlled_gold_split,positive,0.004684273,0.1648846,0.83043116
phrasebank_sentences_75agree_1338,Acquisitions have been made and businesses have been well integrated .,positive,phrasebank,controlled_gold_split,positive,0.004798194,0.30094016,0.69426167
phrasebank_sentences_allagree_1872,"According to CEO Matti Perkonoja of the parent company HKScan , the company 's performance in the first quarter of 2010 has remained clearly below the level of the corresponding period in 2009 .",negative,phrasebank,controlled_gold_split,negative,0.96687627,0.025157215,0.007966477
phrasebank_sentences_allagree_903,"Raute , headquartered in Nastola , Finland , is a technology company serving the wood products industry worldwide .",neutral,phrasebank,controlled_gold_split,neutral,0.0034867607,0.9724635,0.024049772
phrasebank_sentences_75agree_1604,He is a member of the Board of numerous com-panies and a shareholder of the Boardman Ltd board specialist net-work .,neutral,phrasebank,controlled_gold_split,neutral,0.005376692,0.9815222,0.013101128
phrasebank_sentences_75agree_857,It is planned to set up the A class business center in the two top storeys of the complex .,neutral,phrasebank,controlled_gold_split,neutral,0.0035442335,0.94322634,0.05322943
phrasebank_sentences_75agree_2399,"UPM is talking to Myllykoski+ó s creditor banks -- Nordea ( STO : NDA ) , Nordic Investment Bank and Danske Bank+ó s ( CPH : DANSKE ) Sampo Bank -- over a deal , the paper said .",neutral,phrasebank,controlled_gold_split,neutral,0.0034023547,0.96010804,0.03648956
phrasebank_sentences_75agree_1882,"As a condition to the deal , Savcor Alfa has to have bought Photonium and Akseli Lahtinen Inc. 's business operations prior to the deal .",neutral,phrasebank,controlled_gold_split,neutral,0.0074507575,0.98159134,0.01095787
phrasebank_sentences_allagree_369,"Profit before taxes was EUR 5.4 mn , up from EUR 3.6 mn a year earlier .",positive,phrasebank,controlled_gold_split,positive,0.013804561,0.015581632,0.9706139
phrasebank_sentences_75agree_924,"The cooperation will involve Arena Partners buying a 35 % share of the new joint venture company , operating in Alma Media 's home sales , vehicle and consumer advertising marketplace businesses .",neutral,phrasebank,controlled_gold_split,neutral,0.0039842627,0.7244968,0.27151895
phrasebank_sentences_allagree_1377,"The approximately 20,000 dwt vessel has been ordered from India .",neutral,phrasebank,controlled_gold_split,neutral,0.0031730228,0.95687145,0.03995548
phrasebank_sentences_75agree_659,"`` Last year , Finnair recorded a 32.6-percent growth on the Asian sector , carrying more than 1.10 million passengers between the two continents . ''",positive,phrasebank,controlled_gold_split,positive,0.008217619,0.026997214,0.9647852
phrasebank_sentences_allagree_1009,"PCS Digital Guatemala has been using Tecnomen 's prepaid system in Telgua fixed networks as well as code division multiple access , or CDMA , and global system for mobile communication , or GSM , since 2003 .",neutral,phrasebank,controlled_gold_split,neutral,0.0027914462,0.95202476,0.045183837
phrasebank_sentences_allagree_1626,Elcoteq expects its net sales for the last quarter of 2010 to be on the level of the third quarter .,neutral,phrasebank,controlled_gold_split,neutral,0.0047458448,0.97979915,0.015455015
phrasebank_sentences_allagree_1853,"Under the transaction agreement , Metsaliitto will purchase 24.7 % of Metsa-Botnia 's shares from UPM and 3 % from M-real .",neutral,phrasebank,controlled_gold_split,neutral,0.005857698,0.7385367,0.2556056
phrasebank_sentences_allagree_1279,"Jeder Beta-Tester erh+ñlt kostenlos sechs Monate lang Updates und hat laut eigener Aussage die M+Âglichkeit , die finale Version zu beeinflussen .",neutral,phrasebank,controlled_gold_split,neutral,0.0070949844,0.93107635,0.06182861
phrasebank_sentences_66agree_4156,`` Low energy consumption and flexible loading are just a few of the advantages of the CHF Pro . '',neutral,phrasebank,controlled_gold_split,neutral,0.004718704,0.6975875,0.2976938
phrasebank_sentences_50agree_517,"The decision to sell a share in Lenenergo was reached in line with Fortum 's strategic plans to invest mainly in generating assets in Russia , while Lenenergo is a grid company , the press release said .",positive,phrasebank,controlled_gold_split,neutral,0.005625948,0.54438406,0.44998997
phrasebank_sentences_allagree_1582,"`` Over the years , the color orange has become synonymous with quality .",neutral,phrasebank,controlled_gold_split,neutral,0.0047903876,0.8987333,0.09647626
phrasebank_sentences_allagree_2020,"During the strike , Finnair estimates to incur a net loss of between EUR2m and EUR2 .5 m per day .",negative,phrasebank,controlled_gold_split,negative,0.95144135,0.01831614,0.030242482
phrasebank_sentences_50agree_1515,Delivery will start immediately in June 2008 and will be completed in 2008 .,neutral,phrasebank,controlled_gold_split,neutral,0.003842405,0.98148555,0.01467202
phrasebank_sentences_75agree_3251,"The podcast , sees Harple provide the low-down on GyPSii 's platform , which takes someone 's location and demographic information to produce a contextual index of the world around them .",neutral,phrasebank,controlled_gold_split,neutral,0.004422691,0.97387177,0.021705566
phrasebank_sentences_allagree_557,"Following the registration , the number of issued and outstanding shares of Basware is 12,890,829 .",neutral,phrasebank,controlled_gold_split,neutral,0.0054416903,0.984695,0.0098632565
phrasebank_sentences_allagree_1613,Combined net sales in 2006 were $ 27 million and EBITDA was $ 13.7 million .,neutral,phrasebank,controlled_gold_split,neutral,0.0050486345,0.9829931,0.011958262
phrasebank_sentences_75agree_1121,To raise consumer awareness and encourage people to recycle their old mobile devices Nokia runs regular recycling campaigns around the world .,neutral,phrasebank,controlled_gold_split,neutral,0.0071936273,0.62885374,0.36395264
phrasebank_sentences_allagree_447,The company also said that in Poland a profitability program has been launched at the Oborniki steel frame and sandwich panel plant .,positive,phrasebank,controlled_gold_split,positive,0.0050260704,0.16282333,0.8321506
phrasebank_sentences_allagree_1289,( A spokesperson told WWD to expect a 50-50 mix of clothing and home decor . ),neutral,phrasebank,controlled_gold_split,neutral,0.003604955,0.9650241,0.03137099
phrasebank_sentences_75agree_1407,Profit of the accounting period was EUR 0.3 mn .,neutral,phrasebank,controlled_gold_split,neutral,0.015927238,0.9762839,0.007788893
phrasebank_sentences_50agree_1958,"`` We will continue to make it easier for users to explore services on their handsets and will work towards bringing Internet to a wider range of devices including mid and low-end devices , '' said Kallasvuo .",neutral,phrasebank,controlled_gold_split,positive,0.0054105623,0.19861741,0.795972
phrasebank_sentences_66agree_889,"According to Pietinalho , doctors should motivate their patients who smoke every time they visit their doctors .",neutral,phrasebank,controlled_gold_split,neutral,0.005906652,0.77968633,0.21440701
phrasebank_sentences_50agree_4139,The Symbian Foundation plans to revise its procedures for testing and signing software after digitally signing a trojan for its Symbian mobile phone operating system by mistake .,neutral,phrasebank,controlled_gold_split,neutral,0.008328188,0.9384741,0.053197745
phrasebank_sentences_75agree_2865,Net loss in the same period in 2009 was euro18 .6 million .,neutral,phrasebank,controlled_gold_split,neutral,0.04119105,0.9469353,0.011873684
phrasebank_sentences_allagree_1831,"The unit 's clients are mainly in the field of specialist convenience goods , as well as in the textile , shoe and furniture businesses .",neutral,phrasebank,controlled_gold_split,neutral,0.005187484,0.98470545,0.010107129
phrasebank_sentences_66agree_489,"The tower it chose to add , due to go into operation in the summer , will increase total capacity to 80 broadsheet or 160 tabloid pages , with the ability to run 32 - and 48-page products side by side .",positive,phrasebank,controlled_gold_split,positive,0.0048224553,0.12508838,0.8700892
phrasebank_sentences_50agree_1078,TeliaSonera is the leading telecommunications company in the Nordic and Baltic regions .,positive,phrasebank,controlled_gold_split,positive,0.004821923,0.14699656,0.84818155
phrasebank_sentences_75agree_3262,"The OMX Nordic 40 OMXN40 index , comprising the 40 most traded Nordic stocks on the Nasdaq OMX exchange , closed down 0.87 % at 1,064.14 points on Thursday .",negative,phrasebank,controlled_gold_split,negative,0.9607882,0.03452149,0.0046902616
phrasebank_sentences_allagree_1146,A total 30 % of the order value was booked in the fourth quarter of 2009 and the remainder will be booked in the second quarter of 2010 .,neutral,phrasebank,controlled_gold_split,neutral,0.0049752337,0.98299617,0.012028573
phrasebank_sentences_allagree_365,The plan is estimated to generate some EUR 5 million ( USD 6.5 m ) in cost savings on an annual basis .,positive,phrasebank,controlled_gold_split,positive,0.0070794607,0.039990548,0.95293003
phrasebank_sentences_50agree_4209,"Jul. 18 -- Police are looking for a man who they say terrorized three males at gunpoint on East Maple Avenue this afternoon , shooting one of them and kidnapping another .",negative,phrasebank,controlled_gold_split,negative,0.70546496,0.2725127,0.022022402
phrasebank_sentences_allagree_1049,"The company operates its business through two reportable segments , including Banking and Investment Services , and Non-Life Insurance .",neutral,phrasebank,controlled_gold_split,neutral,0.0038319633,0.98457044,0.011597612
phrasebank_sentences_66agree_1978,A. Le Coq had a market share of 41.3 percent and rival beverage group Saku 32.1 percent .,neutral,phrasebank,controlled_gold_split,neutral,0.0039930334,0.97135484,0.02465214
phrasebank_sentences_allagree_846,"Systeemitiimi 's sales and project resources will also be strengthened , director Paul Skogberg said .",positive,phrasebank,controlled_gold_split,positive,0.005198434,0.06053317,0.93426836
phrasebank_sentences_75agree_3179,The company said it estimates to make a slight profit thanks to cost-cutting measures .,positive,phrasebank,controlled_gold_split,positive,0.0078018648,0.03413888,0.95805925
phrasebank_sentences_50agree_2045,The Finnish company claims to have over a quarter of a million contented Tulikivi fireplace business and homeowners worldwide .,neutral,phrasebank,controlled_gold_split,neutral,0.0033765747,0.9659498,0.030673673
phrasebank_sentences_50agree_1176,"Anttila 's online department store - NetAnttila - has an established position as the best-known , most visited and most shopped online store in Finland  .",neutral,phrasebank,controlled_gold_split,positive,0.005182692,0.18951073,0.80530655
phrasebank_sentences_66agree_747,"HELSINKI ( AFX ) - Metso said it will upgrade one of UPM-Kymmene 's four paper machines at the latter 's mill in Jaemsaenkoski with a new coating color supply system , machine and process controls and quality measurements .",positive,phrasebank,controlled_gold_split,positive,0.004163451,0.20859756,0.78723896
phrasebank_sentences_allagree_47,"Finnish financial group Aktia reports operating profit of EUR 44.4 mn in January-September 2009 , up from EUR 37.3 mn in the corresponding period in 2008 .",positive,phrasebank,controlled_gold_split,positive,0.016792957,0.014805268,0.9684018
phrasebank_sentences_75agree_1438,The Group 's revenue in 2009 amounted to EUR 70 million and the company currently employs approximately 780 people .,neutral,phrasebank,controlled_gold_split,neutral,0.0057453397,0.9814332,0.012821499
phrasebank_sentences_allagree_1031,Suomen Paikallissanomat Oy is part of Alma Media Group and it currently publishes 15 local newspapers across Finland .,neutral,phrasebank,controlled_gold_split,neutral,0.0045984318,0.9814161,0.013985485
phrasebank_sentences_66agree_1790,"Kai Tulonen , Chief Technology Officer , SysOpen Digia says : `` Mobility Business Suite represents a significant milestone in the company 's offering to the telecommunications industry .",positive,phrasebank,controlled_gold_split,positive,0.004844659,0.13629082,0.85886455
phrasebank_sentences_66agree_1377,"The most loyal customers were found in the Bank of +àland , with an index of 8.0 .",positive,phrasebank,controlled_gold_split,neutral,0.0041997195,0.8193041,0.17649616
phrasebank_sentences_66agree_637,"Okmetic 's products are based on high-tech expertise that generates added value for customers , innovative product development and an extremely efficient production process .",positive,phrasebank,controlled_gold_split,positive,0.004571378,0.45504698,0.54038167
phrasebank_sentences_allagree_608,The company specialises in temporary electrification and heating at construction sites .,neutral,phrasebank,controlled_gold_split,neutral,0.0039507006,0.97809976,0.017949546
phrasebank_sentences_allagree_877,"Profit after taxes was EUR 0.1 mn , compared to EUR -0.4 mn the previous year .",positive,phrasebank,controlled_gold_split,positive,0.21276888,0.009334729,0.77789634
phrasebank_sentences_75agree_591,"According to Ringman , Finnish paper companies have acquired know-how and capacity in paper recycling , which has turned out to be a successful strategy .",positive,phrasebank,controlled_gold_split,positive,0.0052851755,0.08302803,0.9116868
phrasebank_sentences_66agree_3298,The company plans to increase the unit 's specialist staff to several dozen -- depending on the market situation during 2010 .,neutral,phrasebank,controlled_gold_split,positive,0.0051394305,0.25412372,0.74073684
phrasebank_sentences_75agree_1129,"VDW combined with LXE devices enhances productivity , enabling workers to use a single device to perform voice , scanning and keyboard functions .",positive,phrasebank,controlled_gold_split,positive,0.005518388,0.18185377,0.81262785
phrasebank_sentences_75agree_387,The revenues of the business reached NOK 12 million for 2008 .,neutral,phrasebank,controlled_gold_split,neutral,0.0044789743,0.87037605,0.1251449
phrasebank_sentences_allagree_161,Operating profit rose to EUR 103.4 mn from EUR 23.2 in the corresponding period in 2006 .,positive,phrasebank,controlled_gold_split,positive,0.016493704,0.015494401,0.96801186
phrasebank_sentences_66agree_3889,At the same time I am delighted by the fact that we were able to accomplish the organization with our own team members .,positive,phrasebank,controlled_gold_split,positive,0.005708208,0.17077427,0.8235175
phrasebank_sentences_75agree_398,"Significance : Teleste has emphasised that with its large size and growing economy , as well as the rapid development of its TV services distribution industry , Poland is viewed as an attractive market .",positive,phrasebank,controlled_gold_split,positive,0.0051159267,0.17070329,0.8241807
phrasebank_sentences_75agree_836,"Entire paper mills may be set up , especially in the new EU member states .",neutral,phrasebank,controlled_gold_split,neutral,0.0037494586,0.9614922,0.03475829
phrasebank_sentences_allagree_1949,"Huhtamaki 's rigid plastic consumer goods operations , which are mainly in Europe , will be separated into a new reporting segment as of 1 January 2009 .",neutral,phrasebank,controlled_gold_split,neutral,0.0046241316,0.9849755,0.010400309
phrasebank_sentences_66agree_1509,Metso said it has won an order worth around 40 mln eur to supply a kraftliner board machine to China 's Lee & Man Paper Co. .,positive,phrasebank,controlled_gold_split,positive,0.008966303,0.0288026,0.96223116
phrasebank_sentences_allagree_2119,"Finnish plumbing and heating systems supplier Uponor 's net sales from continuing operations decreased by 9.4 % in 2008 to EUR 949.2 mn from EUR 1,047.4 mn in 2007 .",negative,phrasebank,controlled_gold_split,negative,0.9757151,0.01894,0.005344881
phrasebank_sentences_allagree_402,Major Order in India Comptel Corporation has received a significant long-term order for mediation and provisioning solutions being used by a leading operator in India .,positive,phrasebank,controlled_gold_split,positive,0.008509045,0.030762177,0.96072876
phrasebank_sentences_allagree_2115,"Finnish electronics contract manufacturer Scanfil reports net sales of EUR 58.9 mn in the second quarter of 2007 , down from EUR 62.4 mn a year earlier .",negative,phrasebank,controlled_gold_split,negative,0.97943556,0.010151694,0.010412752
phrasebank_sentences_allagree_82,Finnish forest machinery manufacturer Ponsse 's net sales grew to EUR 51.3 mn in the first quarter of 2010 from EUR 37.5 mn in the corresponding period in 2009 .,positive,phrasebank,controlled_gold_split,positive,0.02006679,0.015889648,0.9640436
phrasebank_sentences_allagree_669,The fine print is here .,neutral,phrasebank,controlled_gold_split,neutral,0.0076489877,0.9757498,0.016601212
phrasebank_sentences_75agree_754,"Our solutions are fully Arabized , and our message is that we want to become the IT partner of choice for businesses in the Near-East region .",neutral,phrasebank,controlled_gold_split,positive,0.0047780997,0.28470263,0.71051925
phrasebank_sentences_75agree_1319,The insurer anticipates its share in Nordea 's net profit to be significant .,positive,phrasebank,controlled_gold_split,positive,0.0055934307,0.18191263,0.812494
phrasebank_sentences_allagree_77,- Operating profit rose by 26.9 % to EUR 105.8 ( 83.4 ) million .,positive,phrasebank,controlled_gold_split,positive,0.011467415,0.016914673,0.97161794
phrasebank_sentences_allagree_1117,"Tieto in Latvia is represented by IT services companies TietoEnator Alise and TietoEnator , which has operations in the industries of Financial Services Cards , Retail and Logistics and IT Outsourcing and Managed Services .",neutral,phrasebank,controlled_gold_split,neutral,0.005220225,0.9851313,0.009648461
phrasebank_sentences_66agree_1097,"Neste Oil extended yesterday 's gains and put on 0.49 pct to 22.72 eur , while utility Fortum shed 1.14 pct to 20.76 eur .",neutral,phrasebank,controlled_gold_split,positive,0.016187515,0.2673834,0.7164291
phrasebank_sentences_75agree_846,Gunneflo will be responsible of Oriola-KD 's Pharmaceutical Trade business in Sweden .,neutral,phrasebank,controlled_gold_split,neutral,0.0038216105,0.98383003,0.012348362
phrasebank_sentences_allagree_818,Finnish elevators and escalators maker KONE Corporation said on Tuesday ( 18 March ) that it has received a major order from Sir Robert McAlpine to supply all elevators and escalators for the Watermark Place project in the City of London .,positive,phrasebank,controlled_gold_split,positive,0.010054293,0.034013234,0.9559324
phrasebank_sentences_allagree_955,Earnings per share EPS amounted to EUR0 .01 .,neutral,phrasebank,controlled_gold_split,neutral,0.008706482,0.9490619,0.042231623
phrasebank_sentences_allagree_1808,The per-share subscription price of the shares subscribed with the option rights was EUR 1.35 .,neutral,phrasebank,controlled_gold_split,neutral,0.007299436,0.9854225,0.0072780815
phrasebank_sentences_allagree_1777,"The executive said that countries such as Brazil , Chile , Argentina and Mexico will lead the adoption in the business Ethernet services segment , while Brazil and Mexico will be the early adopters of carrier Ethernet for mobile backhaul .",neutral,phrasebank,controlled_gold_split,neutral,0.0031719266,0.9056347,0.09119333
phrasebank_sentences_75agree_3137,The recent troubles simply make NETeller cheaper .,negative,phrasebank,controlled_gold_split,neutral,0.01715571,0.95421195,0.028632378
phrasebank_sentences_66agree_1338,Ruukki is restructuring commercial and industrial construction operations in pursuit of permanent improvements whilst adjusting operations to market conditions .,neutral,phrasebank,controlled_gold_split,neutral,0.0065427343,0.51975375,0.47370356
phrasebank_sentences_50agree_869,"Nokia will provide Indosat turnkey services , including civil works , network planning , implementation and integration of a WCDMA 3G-HSPA network .",neutral,phrasebank,controlled_gold_split,neutral,0.0027247944,0.9329303,0.064344935
phrasebank_sentences_allagree_1722,The agreement includes the entire process of managing Mercator 's supply chain in all regions where the company is currently present .,neutral,phrasebank,controlled_gold_split,neutral,0.0030553353,0.9693783,0.027566364
phrasebank_sentences_allagree_1447,"The huge bridge girders will be delivered to the site from our plant in Ylivieska , Finland .",neutral,phrasebank,controlled_gold_split,neutral,0.0032713735,0.94135404,0.05537459
phrasebank_sentences_allagree_2148,"( ADP News ) - Feb 4 , 2009 - Finnish broadband data communication systems and solutions company Teleste Oyj ( HEL : TLT1V ) said today its net profit decreased to EUR 5.5 million ( USD 7.2 m ) for 2008 from EUR 9.4 million for 200",negative,phrasebank,controlled_gold_split,negative,0.9727223,0.022510579,0.0047671054
phrasebank_sentences_50agree_2812,"As a result of the negotiations , the company will terminate total 5 employment contracts .",negative,phrasebank,controlled_gold_split,negative,0.9417832,0.05032718,0.007889625
phrasebank_sentences_75agree_2368,The volumes are expected to increase during the next few years .,positive,phrasebank,controlled_gold_split,positive,0.0057955487,0.07501117,0.9191933
phrasebank_sentences_66agree_1475,"By acquiring RCP , we can combine our strong knowhow with the expertise of a solid local company .",positive,phrasebank,controlled_gold_split,positive,0.004728375,0.15374124,0.8415304
phrasebank_sentences_allagree_1845,"These new units will be built at Cargotec 's state of the art manufacturing facility in San Antonio , Texas , USA , which started operations in 2009 .",neutral,phrasebank,controlled_gold_split,neutral,0.0036794855,0.79921687,0.1971037
phrasebank_sentences_allagree_277,"Biohit Oyj develops , manufactures and markets liquid handling products and diagnostic test systems for use in research , healthcare and industrial laboratories .",neutral,phrasebank,controlled_gold_split,neutral,0.0031844578,0.9678517,0.028963767
phrasebank_sentences_50agree_2018,"In addition to the Indian market , the new plant will serve Salcomp 's customers globally , the company said .",positive,phrasebank,controlled_gold_split,neutral,0.0041835927,0.57032675,0.4254897
phrasebank_sentences_75agree_1292,"In 2006 the company 's net sales amounted to approximately EUR259m and it has some 8,000 employees .",neutral,phrasebank,controlled_gold_split,neutral,0.0051660095,0.98350626,0.011327766
phrasebank_sentences_allagree_1314,Number of offers received for this contract is two .,neutral,phrasebank,controlled_gold_split,neutral,0.004344689,0.98129785,0.014357417
phrasebank_sentences_75agree_575,"`` We continued actively to focus R&D and to position our offering away from point solutions towards dynamic end-to-end solutions , '' Ervio stated .",positive,phrasebank,controlled_gold_split,positive,0.0068069776,0.099911876,0.8932811
phrasebank_sentences_50agree_2797,"Also the city 's insurance company , If P & C Insurance , has said it will not pay compensation .",negative,phrasebank,controlled_gold_split,neutral,0.24339163,0.7416887,0.014919658
phrasebank_sentences_allagree_1118,"Together with Latvia , Cramo will operate 54 rental outlets in the Baltic States .",neutral,phrasebank,controlled_gold_split,neutral,0.0048133633,0.7428236,0.25236306
phrasebank_sentences_allagree_2179,The Group 's order portfolio decreased from EUR 42.9 mn in 9-2007 to EUR 33.3 mn in 2-2008 .,negative,phrasebank,controlled_gold_split,negative,0.97297996,0.02208103,0.0049389875
phrasebank_sentences_75agree_917,"The company has delivered the technical infrastructure , used by NAV for their data warehouse and business intelligence initiatives .",neutral,phrasebank,controlled_gold_split,neutral,0.0027910494,0.91542315,0.08178577
phrasebank_sentences_allagree_1729,"The business is organised , as of February 1 , 2011 , in a way that production of design services is combined into one entity , Etteplan Operations .",neutral,phrasebank,controlled_gold_split,neutral,0.0039110263,0.9835255,0.012563452
phrasebank_sentences_allagree_1887,"Operating loss totalled EUR 5.2 mn , compared to a loss of EUR 3.4 mn in the corresponding period in 2008-2009 .",negative,phrasebank,controlled_gold_split,negative,0.71895194,0.010684672,0.27036345
phrasebank_sentences_50agree_1822,"With Aldata , we can help retailers ensure that their merchandising and selections reflect customer demand and their evolving shopping behavior . ''",neutral,phrasebank,controlled_gold_split,positive,0.0049782624,0.30500108,0.6900207
phrasebank_sentences_50agree_800,16 February 2011 - Finnish industrial machinery company Metso Oyj ( HEL : MEO1V ) said today it will deliver minerals processing equipment and basic engineering to Canadian miner Northland Resources ( OSL : NAUR ) ( TSE : NAU ) .,positive,phrasebank,controlled_gold_split,positive,0.0066884975,0.36233777,0.63097376
phrasebank_sentences_allagree_650,Aspo has also investigated the sales opportunities of Kaukomarkkinat 's electronics business .,neutral,phrasebank,controlled_gold_split,neutral,0.00497974,0.9752769,0.019743396
phrasebank_sentences_allagree_1264,"Indigo and Somoncom serve 377,000 subscribers and had a market share of approximately 27 % as of May 2007 .",neutral,phrasebank,controlled_gold_split,neutral,0.003054488,0.9691095,0.02783596
phrasebank_sentences_66agree_1753,"Finnish forest machinery and equipment maker Ponsse Oyj said on October 5 , 2007 it will deliver a total of 67 cut-to-length method forest machines and 44 harvester heads to Brazilian paper maker Bahia Pulp and to unnamed Uruguayan wood harvesting contractors .",positive,phrasebank,controlled_gold_split,positive,0.0058684507,0.38610682,0.6080248
phrasebank_sentences_allagree_466,Operating profit improved to EUR 20.3 mn from EUR 11.4 mn .,positive,phrasebank,controlled_gold_split,positive,0.015762629,0.01283998,0.9713974
phrasebank_sentences_50agree_1865,The company 's main shareholders Lihakunta and Itikka Osuuskunta have both made a commitment to acquire shares worth EUR 20mn .,neutral,phrasebank,controlled_gold_split,positive,0.006746358,0.33146894,0.6617847
phrasebank_sentences_allagree_245,"Revenue from July to September grew 21 percent to EURO 2.3 billion , the Finnish company said Thursday .",positive,phrasebank,controlled_gold_split,positive,0.006493559,0.037276734,0.9562298
phrasebank_sentences_allagree_248,Sales in Finland rose by 3.9 % and international growth was 0.7 % .,positive,phrasebank,controlled_gold_split,positive,0.0070147268,0.028263366,0.9647219
phrasebank_sentences_75agree_2177,The company does not at present hold any of its own shares .,neutral,phrasebank,controlled_gold_split,neutral,0.011725801,0.98289526,0.0053789583
phrasebank_sentences_allagree_1621,"Currently it operates a fleet of eight carriers , as well as nine pushers and barges .",neutral,phrasebank,controlled_gold_split,neutral,0.003310541,0.9619732,0.034716293
phrasebank_sentences_allagree_1023,Solteq Plc ANNOUNCEMENT 16.12.2010 SHARE REPURCHASE 16.12.2010 In the Helsinki Stock Exchange Solteq Plc now holds a total of 486.969 shares including the shares repurchased on 16.12.2010 .,neutral,phrasebank,controlled_gold_split,neutral,0.005259936,0.9829789,0.011761205
phrasebank_sentences_75agree_2302,"The Process Products orders are for the installation of separation-filtration equipment at three natural gas pipeline projects in China , South America , and Saudi Arabia .",neutral,phrasebank,controlled_gold_split,neutral,0.0035406551,0.9589839,0.037475478
phrasebank_sentences_50agree_1137,A new production line is being completed for the contract production of hormone treatments .,positive,phrasebank,controlled_gold_split,neutral,0.005348944,0.5361002,0.4585508
phrasebank_sentences_50agree_704,"Asimilar agreement was signed between China Mobile Ltd. ( SEHK : 0941 and NYSE : CHL ) , the largest mobile carrier , and theGPS and social networking service provider , promoting GyPSii service before Beijing 2008 Olympic Games , according to thelatest news .",positive,phrasebank,controlled_gold_split,positive,0.0061248313,0.114555806,0.8793193
phrasebank_sentences_50agree_822,"An estimated 30 pct of mobile calls are made from the home , and France Telecom hopes that 15 pct of its Orange clients will sign up for the service by the end of 2008 .",neutral,phrasebank,controlled_gold_split,neutral,0.0038946809,0.76875174,0.22735357
phrasebank_sentences_50agree_1816,"The CL51 is designed to measure cloud base height and vertical visibility in all weather conditions , which makes it an ideal instrument for meteorological applications that rely on reliable cloud height detection .",positive,phrasebank,controlled_gold_split,neutral,0.0034230468,0.86417997,0.13239694
phrasebank_sentences_50agree_1245,"Iggesunds Bruk in Sweden is one of the most advanced , fully integrated pulp and paperboard mills in the world .",positive,phrasebank,controlled_gold_split,positive,0.0046931463,0.38540947,0.6098974
phrasebank_sentences_66agree_734,DMASIA-16 August 2006-Benefon extends manufacturing capability with ASMobile -® 2006 Digitalmediaasia.com & DMA Ltd. .,positive,phrasebank,controlled_gold_split,positive,0.0054721837,0.092047945,0.90247995
phrasebank_sentences_50agree_1113,"This implementation will upgrade the existing system , enabling voicemail and video mail to be housed on the same platform .",neutral,phrasebank,controlled_gold_split,positive,0.004354519,0.2400818,0.7555637
phrasebank_sentences_66agree_3721,They are also upset that some of the machinery and work is taken over to Poland .,negative,phrasebank,controlled_gold_split,negative,0.8992827,0.092814356,0.007902842
phrasebank_sentences_allagree_1736,"The Committee proposes the following remuneration : a monthly remuneration of EUR 5,000 for the Chairman , EUR 3,500 for the Deputy Chairman , and EUR 2,500 for the other Board members .",neutral,phrasebank,controlled_gold_split,neutral,0.0038702763,0.956319,0.03981073
phrasebank_sentences_allagree_1405,The company said that the results of the third quarter do not include non-recurring items .,neutral,phrasebank,controlled_gold_split,neutral,0.013194483,0.98130256,0.0055029653
phrasebank_sentences_allagree_2003,"The equipment is designated to Bollore Africa Logistics terminal Societe d'Exploitation du Terminal de Vridi SETV in Abidjan , Ivory Coast and the delivery is scheduled to start in March 2010 .",neutral,phrasebank,controlled_gold_split,neutral,0.003485702,0.9778812,0.018633088
phrasebank_sentences_allagree_1149,"According to Finnish FIM Bank , Alpro 's price would be around EUR 100mn-150mn .",neutral,phrasebank,controlled_gold_split,neutral,0.00663599,0.9848682,0.008495853
phrasebank_sentences_allagree_86,"At the end of March 2007 , the group 's order book was at EUR 39.6 mn , up 42 % from the corresponding period in 2006 .",positive,phrasebank,controlled_gold_split,positive,0.011787069,0.01834553,0.9698674
phrasebank_sentences_allagree_381,Cash Flow from Operations for the most recent quarter also reached a eight year low .,negative,phrasebank,controlled_gold_split,negative,0.9686801,0.025377033,0.005942824
phrasebank_sentences_allagree_1942,"Alpina Sports is a Lebanon , New Hampshire USA based distributor of e.g. Alpina ski shoes and skis , Exel ski poles , Start ski waxes and now also Peltonen cross-country skis .",neutral,phrasebank,controlled_gold_split,neutral,0.0037864042,0.9766723,0.019541297
phrasebank_sentences_allagree_1183,Bluewin Security is available as a monthly subscription .,neutral,phrasebank,controlled_gold_split,neutral,0.0050703394,0.9843312,0.010598499
phrasebank_sentences_66agree_1036,Currently more than 100 of Global Fortune 500 companies are using SSH security solutions .,neutral,phrasebank,controlled_gold_split,neutral,0.0035713653,0.9579014,0.038527258
phrasebank_sentences_66agree_3977,"In the fourth quarter of 2009 , Atria 's net loss shrank to EUR 1.2 million from EUR 5.9 million and net sales contracted to EUR 340.4 million from EUR 361.1 million .",positive,phrasebank,controlled_gold_split,positive,0.07941488,0.011951859,0.9086333
phrasebank_sentences_66agree_2669,"Simultaneously with this merger plan another merger plan has been signed , according to which Suomen Projektivuokraus Oy , a subsidiary of VTM-Rakennuskonevuokraamo Oy , would be merged with VTM-Rakennuskonevuokraamo Oy .",neutral,phrasebank,controlled_gold_split,neutral,0.0037741375,0.9659323,0.030293573
phrasebank_sentences_50agree_3987,The personnel reductions will primarily affect those working for the parent company in the diagnostics business or in production and logistics in the liquid handling business .,negative,phrasebank,controlled_gold_split,negative,0.7548071,0.23635371,0.008839203
phrasebank_sentences_allagree_762,"Finnish Suominen Corporation that makes wipes , nonwovens , and flexible packaging , has a plant near Warsaw , in Poland , that makes flexible packaging .",neutral,phrasebank,controlled_gold_split,neutral,0.004604913,0.9808817,0.014513409
phrasebank_sentences_50agree_3790,The company decided at the end of 2008 to temporarily shut down its ammonia plant in Billingham and extend the maintenance period at its Ince facility .,negative,phrasebank,controlled_gold_split,neutral,0.09566866,0.871017,0.033314392
phrasebank_sentences_allagree_81,Finnish financial group Aktia 's operating profit for 2009 increased to EUR 47.0 mn from EUR 6.6 mn in 2008 .,positive,phrasebank,controlled_gold_split,positive,0.017193615,0.0142679345,0.9685384
phrasebank_sentences_allagree_490,At CapMan Haavisto will be responsible for Group Finances and Accounting and IT .,neutral,phrasebank,controlled_gold_split,neutral,0.005687036,0.985809,0.008503969
phrasebank_sentences_66agree_1626,"Swedish telco TeliaSonera is teaming up with Friends , a Swedish organization against bullying , to fight bullying of children and teenagers via electronic channels .",neutral,phrasebank,controlled_gold_split,positive,0.012101009,0.37206557,0.61583334
phrasebank_sentences_allagree_1847,This wood lacquered clock comes with a stripy hand-crocheted cover .,neutral,phrasebank,controlled_gold_split,neutral,0.00698772,0.9770951,0.01591714
phrasebank_sentences_allagree_633,The transaction is expected to be completed next spring .,neutral,phrasebank,controlled_gold_split,neutral,0.005239356,0.98296505,0.011795546
phrasebank_sentences_75agree_2884,"The fair value change of investment properties was EUR 15.8 mn , compared to EUR 22.9 mn in the third quarter of 2009 .",negative,phrasebank,controlled_gold_split,positive,0.39478576,0.011991555,0.5932227
phrasebank_sentences_75agree_3122,"On top of that , the US Commerce Department published worse-than-expected construction spending figures for November .",negative,phrasebank,controlled_gold_split,negative,0.96566665,0.02742062,0.0069127367
phrasebank_sentences_allagree_1627,"ENP Newswire - 22 March 2011 Release date - 21032011 - A total of 13,000 Talvivaara Mining Company Plc 's new shares were subscribed for during the period between 1 January 2011 and 28 February 2011 under the company 's stock option rights 2007A .",neutral,phrasebank,controlled_gold_split,neutral,0.0043384586,0.9818064,0.013855079
phrasebank_sentences_allagree_495,"Conference Call To participate via a conference call , please dial in 5-10 minutes before the beginning of the event : +44 0 20 7162 0025 Europe or +1 334-á323-á6201 USA .",neutral,phrasebank,controlled_gold_split,neutral,0.006619898,0.98152107,0.011859009
phrasebank_sentences_75agree_1356,"Following the payment made in April , the company has a total of EUR 23.0 million in loans from financial institutions .",neutral,phrasebank,controlled_gold_split,neutral,0.0038474898,0.96565974,0.030492758
phrasebank_sentences_75agree_1123,"To showcase our end-to-end capabilities at the Mobile World Congress , we arranged an internal MeeGo application development competition to entice developers to create new applications .",neutral,phrasebank,controlled_gold_split,positive,0.0055682636,0.2434509,0.7509808
phrasebank_sentences_75agree_1054,Pharmaceuticals - Czech Republic This brand-new market analysis gives a clear overview of the actual situation and future outlook of the pharmaceutical market in Czech Republic .,neutral,phrasebank,controlled_gold_split,neutral,0.004479294,0.98057324,0.014947493
phrasebank_sentences_75agree_2856,Expense ratio was 102.6 % compared to 92.9 % in the corresponding period in 2005 .,negative,phrasebank,controlled_gold_split,positive,0.21976845,0.016341332,0.76389027
phrasebank_sentences_allagree_1967,"The copying , republication or redistribution of AFX News Content , inculding by framing or similar means , is expressly prohibited without the prior written consent of AFX News .",neutral,phrasebank,controlled_gold_split,neutral,0.012077479,0.98122656,0.006695922
phrasebank_sentences_allagree_1342,Raisio is the site of the main production plants as well as company headquarters .,neutral,phrasebank,controlled_gold_split,neutral,0.005469021,0.98002315,0.014507787
phrasebank_sentences_allagree_484,"Poyry 's contract includes engineering management , civil and detail engineering services , and time scheduling and procurement services .",neutral,phrasebank,controlled_gold_split,neutral,0.008586942,0.985754,0.005659019
phrasebank_sentences_75agree_1208,"Finnish newspaper publisher Sanoma , of media group SanomaWSOY , is merging its free sheets Uutislehti 100 and Metro as of mid-September 2008 to form a new free sheet to be named Metro .",neutral,phrasebank,controlled_gold_split,neutral,0.003263029,0.9630987,0.03363825
phrasebank_sentences_66agree_2768,"The decision means temporary lay-offs of fixed duration at the company 's Nastola and Jyvaskyla units , in southern and central Finland , respectively .",negative,phrasebank,controlled_gold_split,negative,0.55792433,0.4298693,0.012206367
phrasebank_sentences_allagree_1261,"Incap , headquartered in Oulu , Finland , is a electronics contract manufacturer with some 750 employees in Finland , Estonia and India .",neutral,phrasebank,controlled_gold_split,neutral,0.004662102,0.98149395,0.01384391
phrasebank_sentences_66agree_1328,Pharmaceuticals - Italy This brand-new market analysis gives a clear overview of the actual situation and future outlook of the pharmaceutical market in Italy .,neutral,phrasebank,controlled_gold_split,neutral,0.004465134,0.9793844,0.016150381
phrasebank_sentences_75agree_319,"The Finnish supplier of BSS-OSS and VAS for telecom operators , Tecnotree , has received expansion orders worth a total US$ 7.3 mn for its convergent charging and next generation messaging solutions in Latin America , the company announced without specifying which operators had placed the orders .",positive,phrasebank,controlled_gold_split,positive,0.0064421454,0.055951357,0.9376065
phrasebank_sentences_allagree_54,Construction volumes meanwhile grow at a rate of 10-15 percent annually .,positive,phrasebank,controlled_gold_split,positive,0.0076085855,0.25831494,0.73407644
phrasebank_sentences_75agree_1902,"Blyk is launching first in the UK market in mid-2007 , with other markets to follow .",neutral,phrasebank,controlled_gold_split,neutral,0.0031655135,0.9038037,0.093030795
phrasebank_sentences_allagree_1820,The studies are expected to start in 2008 .,neutral,phrasebank,controlled_gold_split,neutral,0.0050546955,0.974609,0.0203363
phrasebank_sentences_allagree_876,Operating profit totaled EUR 17.7 mn compared to EUR 17.6 mn in the corresponding period in 2007 .,positive,phrasebank,controlled_gold_split,positive,0.466022,0.009503448,0.52447456
phrasebank_sentences_75agree_1797,This is the company 's first contract abroad .,neutral,phrasebank,controlled_gold_split,neutral,0.0044674007,0.881798,0.11373456
phrasebank_sentences_50agree_68,"The contract covers HDO platform , AC800 and CXE880 optical Fttb nodes designed to increase the forward and return path capacity of the transmission networks .",positive,phrasebank,controlled_gold_split,positive,0.0043704547,0.18047102,0.8151586
phrasebank_sentences_allagree_2154,Net sales decreased to EUR 220.5 mn from EUR 470.0 mn in the corresponding period in 2009 .,negative,phrasebank,controlled_gold_split,negative,0.97687215,0.017392438,0.0057354174
phrasebank_sentences_75agree_713,"Amer Sports divests an industrial site in Rumilly , France -  This announcement is distributed by Thomson Reuters on behalf of Thomson Reuters clients .",neutral,phrasebank,controlled_gold_split,neutral,0.003993054,0.9847313,0.011275614
phrasebank_sentences_allagree_2112,Finnish Bank of +àland reports its operating profit fell to EUR 4.9 mn in the third quarter of 2007 from EUR 5.6 mn in the third quarter of 2006 .,negative,phrasebank,controlled_gold_split,negative,0.97734493,0.01760597,0.0050491234
phrasebank_sentences_75agree_2574,M+ñkel+ñ is demanding a new Board for the company as well as discussions on the merger of Alma media and media company Talentum .,neutral,phrasebank,controlled_gold_split,neutral,0.00539084,0.9821847,0.012424398
phrasebank_sentences_allagree_408,"Ragutis , which is based in Lithuania 's second-largest city Kaunas , boosted its sales last year 22.3 per cent to 36.4 million liters .",positive,phrasebank,controlled_gold_split,positive,0.00850987,0.023132225,0.96835786
phrasebank_sentences_75agree_990,"`` As defences mature , attackers develop Trojans that are equipped with content filters to detect online banking activity for capturing account details using methods such as form grabbing , screen shots , video captures , keylogging and injection of form fields .",neutral,phrasebank,controlled_gold_split,neutral,0.005317764,0.9745642,0.020118088
phrasebank_sentences_allagree_249,Sales of security and system packaging increased slightly .,positive,phrasebank,controlled_gold_split,positive,0.0070230854,0.025217114,0.9677597
phrasebank_sentences_allagree_645,"`` The industry is coming to an interesting fork in the road as both handset manufacturers and wireless carriers attempt to serve as the portal for Web-based service to your wireless handset , '' he wrote .",neutral,phrasebank,controlled_gold_split,neutral,0.0061907927,0.53540534,0.4584039
phrasebank_sentences_66agree_798,The parties have also agreed on options that allow UH to extensively implement later on also functionalities of human resources management .,positive,phrasebank,controlled_gold_split,positive,0.005904459,0.21621944,0.7778761
phrasebank_sentences_allagree_418,Finnish Outokumpu Technology has been awarded several new grinding technology contracts .,positive,phrasebank,controlled_gold_split,positive,0.0065331925,0.040750254,0.95271665
phrasebank_sentences_allagree_536,"According to Seikku , the retail sector in Finland is controlled by 3-4 large actors , while food manufacturers are still relatively small .",neutral,phrasebank,controlled_gold_split,neutral,0.008339948,0.9829795,0.008680647
phrasebank_sentences_50agree_1961,Our purchase to pay solutions enable companies to gain visibility and control over business-critical financial processes .,neutral,phrasebank,controlled_gold_split,positive,0.0051029716,0.28134698,0.71355015
phrasebank_sentences_allagree_905,He will report to CapMan Plc 's CEO Heikki Westerlund .,neutral,phrasebank,controlled_gold_split,neutral,0.009998331,0.98366493,0.0063367337
phrasebank_sentences_75agree_783,"The value of the deal exceeds EUR500 ,000 , the company said .",neutral,phrasebank,controlled_gold_split,neutral,0.005545598,0.82626104,0.1681933
phrasebank_sentences_allagree_99,"Both operating profit and sales for the three-month period increased , respectively from EUR0 .3 m and EUR13 .1 m , as compared to the corresponding period in 2005 .",positive,phrasebank,controlled_gold_split,positive,0.014556368,0.013594553,0.971849
phrasebank_sentences_75agree_1611,"In addition , the existing service counter area in the reception hall will be rebuilt and access provided to local rail connections .",neutral,phrasebank,controlled_gold_split,positive,0.0053749373,0.38953355,0.6050915
phrasebank_sentences_allagree_491,"Cablevision Systems Corp. CVC Their Madison Square Garden division owns and operates the New York Knickerbockers basketball team ; they also own the Madison Square Garden Arena , the New York Rangers hockey team , the New York Liberty women 's basketball team , and the Hartford Wolf Pack hockey team .",neutral,phrasebank,controlled_gold_split,neutral,0.0050315317,0.9854203,0.00954817
phrasebank_sentences_allagree_1076,The first group of customers to be trained will be paint-shop owners and their assistants .,neutral,phrasebank,controlled_gold_split,neutral,0.004359203,0.9788239,0.016816944
phrasebank_sentences_50agree_4435,"`` The considerably weaker U.S. dollar and British pound had an impact on sales and average prices in euros , '' UPM said .",negative,phrasebank,controlled_gold_split,negative,0.9356061,0.048638113,0.015755827
phrasebank_sentences_allagree_2055,"` The stable outlook reflects Nokia 's strong market position in the global mobile handset market , strong cash flow generation , and very conservative balance sheet , ' said Raab .",positive,phrasebank,controlled_gold_split,positive,0.0066189677,0.08663612,0.906745
phrasebank_sentences_66agree_1687,"Operating income was EUR -24.9 mn , including EUR 15.3 mn of restructuring expenses .",neutral,phrasebank,controlled_gold_split,neutral,0.03545794,0.9548555,0.009686564
phrasebank_sentences_66agree_935,"Pearl Plaza LLC , the joint venture of SRV and Shanghai Industrial Investment Holdings Co Ltd , has concluded the investment decision on construction of the first phase of the shopping center in Saint Petersburg , Russia .",positive,phrasebank,controlled_gold_split,positive,0.008440086,0.33533213,0.6562279
phrasebank_sentences_75agree_2881,Rivals say Qualcomm has fewer patents on 3G phones than on earlier versions and should lower its rates .,negative,phrasebank,controlled_gold_split,negative,0.71504354,0.2175973,0.06735915
phrasebank_sentences_50agree_1859,Panostaja is a financially secure Finnish multi-field corporation that creates healthy companies and company entities .,neutral,phrasebank,controlled_gold_split,neutral,0.0045491676,0.6705568,0.324894
phrasebank_sentences_allagree_1105,The proposal by the Board of Directors on the issuance of option rights will otherwise correspond to the proposal by the Board of Directors in the Notice to the General Meeting .,neutral,phrasebank,controlled_gold_split,neutral,0.010304917,0.9835956,0.0060995016
phrasebank_sentences_50agree_2235,The long-term contract is global .,positive,phrasebank,controlled_gold_split,neutral,0.0061100423,0.9843337,0.009556288
phrasebank_sentences_75agree_1749,The ground barleycorn has been fully produced in Finland and will be available in stores as of the beginning of 2010 .,neutral,phrasebank,controlled_gold_split,neutral,0.0031092877,0.93035436,0.06653633
phrasebank_sentences_66agree_3898,"W+ñrtsil+ñ 's solution has been selected for its low fuel consumption , environmentally sound technology , and global service support .",positive,phrasebank,controlled_gold_split,positive,0.0047501517,0.14984368,0.8454061
phrasebank_sentences_allagree_1849,Total value of the contract is about EUR 10mn .,neutral,phrasebank,controlled_gold_split,neutral,0.008501806,0.9836353,0.0078628855
phrasebank_sentences_allagree_743,"`` This vessel order will help Aspo secure the long-term competitiveness of its fleet , both in terms of technology and pricing .",positive,phrasebank,controlled_gold_split,positive,0.004744362,0.11208409,0.88317156
phrasebank_sentences_66agree_389,"Furthermore , Bunge will also sign a licensing agreement for the Sunnuntai and Carlshamn Mejeri brands .",positive,phrasebank,controlled_gold_split,positive,0.0057482715,0.2029306,0.79132116
phrasebank_sentences_allagree_1932,Olli-Pekka Laine has been appointed as the Chairman and Erkki Pehu-Lehtonen as the Vice Chairman of the Board .,neutral,phrasebank,controlled_gold_split,neutral,0.005614944,0.9828639,0.011521117
phrasebank_sentences_66agree_948,The cooperation with airBaltic is expected to lead to the transfer of Finncomm to the ownership of airBaltic in time .,neutral,phrasebank,controlled_gold_split,neutral,0.0030946403,0.92416483,0.072740495
phrasebank_sentences_75agree_2944,Olli-Pekka Kallasvuo was elected as vice chairman of the Board .,neutral,phrasebank,controlled_gold_split,neutral,0.006140037,0.9700337,0.023826247
phrasebank_sentences_75agree_1863,Aldata noted that its Voice Supply Chain Technology approach enables VDW to integrate with warehouse management systems .,neutral,phrasebank,controlled_gold_split,positive,0.0044511096,0.21944521,0.77610373
phrasebank_sentences_75agree_1526,"A total of 185 Wonderware Certified SIs are available to integrate and support Wonderware products such as InTouch -« HMI software , IndustrialSQL Server historian , Wonderware Information Server , DT Analyst software or QI Analyst SPC software .",neutral,phrasebank,controlled_gold_split,neutral,0.0028525568,0.9429346,0.054212842
phrasebank_sentences_allagree_1095,The new SEPA cads will replace Finnish bank cards .,neutral,phrasebank,controlled_gold_split,neutral,0.0038013104,0.95406944,0.04212921
phrasebank_sentences_allagree_1129,"Finnish printed circuit boards ( PCBs ) maker Aspocomp Group Oyj said on December 4 , 2006 it named Henry Gilchrist senior vice president of the group 's Asian operations , as of January 8 , 2007 .",neutral,phrasebank,controlled_gold_split,neutral,0.005386171,0.97941923,0.015194662
phrasebank_sentences_75agree_1942,Elisa has commissioned Finland 's Poyry Telecom Oy to conduct a study of reception in some of Estonia 's largest cities besides Tallinn .,neutral,phrasebank,controlled_gold_split,neutral,0.003874207,0.8836213,0.11250452
phrasebank_sentences_allagree_516,"The inventors are Mukkavilli Krishna Kiran , Sabharwal Ashutosh and Aazhang Behnaam .",neutral,phrasebank,controlled_gold_split,neutral,0.0055431807,0.9826989,0.011757855
phrasebank_sentences_50agree_1664,The upgraded factory is scheduled to come on stream in the summer of 2008 .,neutral,phrasebank,controlled_gold_split,neutral,0.0031823197,0.9596751,0.037142567
phrasebank_sentences_allagree_2097,"Below are consolidated , unaudited results for Amanda Capital under IFRS reporting standards .",neutral,phrasebank,controlled_gold_split,neutral,0.010101756,0.9832214,0.0066768536
phrasebank_sentences_allagree_1944,An international conference call and audio webcast concerning the financial result January-March 2010 will begin at 14.00 EET .,neutral,phrasebank,controlled_gold_split,neutral,0.005805092,0.98584694,0.008347956
phrasebank_sentences_50agree_3571,"Deutsche Beteiligungs , as well as a private equity fund it manages , first bought 75 % of MCE in a secondary buyout from White Plains , N.Y. , financial investor Andlinger & Co. in 2007 .",neutral,phrasebank,controlled_gold_split,neutral,0.0038964672,0.9259066,0.070197
phrasebank_sentences_allagree_428,"Finnair PLC carried a record 8.8 million passengers in 2006 , an increase of 3.5 percent on the previous year , the Finnish national carrier reported Tuesday .",positive,phrasebank,controlled_gold_split,positive,0.010949436,0.024363656,0.9646868
phrasebank_sentences_66agree_1718,"`` Neste Oil is working with over 20 research communities in Europe , America , Africa , Asia , and Australia to develop and introduce new raw materials .",positive,phrasebank,controlled_gold_split,positive,0.00586925,0.1994584,0.7946724
phrasebank_sentences_allagree_627,The server is responsible for managing devices and user accounts and a desktop client application enables remote access to the mobile phones .,neutral,phrasebank,controlled_gold_split,neutral,0.0041891295,0.9838538,0.01195705
phrasebank_sentences_allagree_555,"EQT has completed its exit from Salcomp , a Finnish company that makes mobile phone chargers , by selling its remaining stake to Swedish investment group Nordstjernan for about ( EURO ) 35 million ( $ 47 million ) .",neutral,phrasebank,controlled_gold_split,neutral,0.0048962915,0.89033973,0.10476404
phrasebank_sentences_allagree_801,"Fiskars , a 360-year-old global business best known for its orange-handled scissors , expects to derive synergies of EUR5 million a year by consolidating certain parts of the housewares division where the two compete .",positive,phrasebank,controlled_gold_split,positive,0.0050320067,0.19453344,0.8004346
