id,text,label,dataset_name,split_source,prediction,proba_negative,proba_neutral,proba_positive
phrasebank_sentences_75agree_751,"Nonwovens and specialty papers , made by Ahlstrom , are used in a large variety of everyday products , e.g. in filters , wipes , flooring , labels , and tapes .",neutral,phrasebank,controlled_gold_split,neutral,0.003732489,0.99526876,0.0009987167
phrasebank_sentences_allagree_117,Finnish department store chain Stockmann Oyj Abp net profit rose to 39.8 mln euro ( $ 56.8 mln ) for the first nine months of 2007 from 37.4 mln euro ( $ 53.4 mln ) for the same period of 2006 .,positive,phrasebank,controlled_gold_split,positive,0.0037865986,0.002170218,0.9940432
phrasebank_sentences_75agree_1310,"The Board of Directors proposes to the Shareholders ' Meeting on 18 March 2010 that the company would pay dividend for the financial year January 1 - December 31 , 2009 , EUR 0.02 per share .",neutral,phrasebank,controlled_gold_split,neutral,0.0011294694,0.99719965,0.0016708784
phrasebank_sentences_allagree_945,"Consisting of seven interconnected units , Mega Image 's logistics center will be 347 metres in length and 12 metres in height .",neutral,phrasebank,controlled_gold_split,neutral,0.00061267795,0.9968651,0.0025221792
phrasebank_sentences_allagree_406,Performance in the second half of 2009 exceeded expectations .,positive,phrasebank,controlled_gold_split,positive,0.005305823,0.0021711353,0.992523
phrasebank_sentences_66agree_2316,"19 May 2010 - Finnish company Lemminkainen Oyj ( HEL : LEM1S ) said today that it will construct an office building at Toolonlahti in downtown Helsinki , without disclosing financial details .",neutral,phrasebank,controlled_gold_split,neutral,0.00092578406,0.9975553,0.0015189251
phrasebank_sentences_50agree_3969,"UPM is the biggest producer of magazine paper in Europe , with a market share of over 30 pct , and it is likely to say that prices in the segment were at best flat during the quarter , analysts said .",neutral,phrasebank,controlled_gold_split,neutral,0.017695822,0.857643,0.124661125
phrasebank_sentences_allagree_373,Salonen added that data shows producers ' pulp inventories in North America are declining . ',negative,phrasebank,controlled_gold_split,negative,0.9900383,0.0071917814,0.0027699722
phrasebank_sentences_allagree_126,"For the first nine months of 2010 , the company 's net profit rose to EUR41m from EUR30m for the corresponding period of 2009 .",positive,phrasebank,controlled_gold_split,positive,0.003873702,0.0027738223,0.99335253
phrasebank_sentences_allagree_1157,"After the restructuring , UPM 's average paper machine capacity in Europe will be 320,000 tons ( 350,000 short tons ) in coated magazine paper and 420,000 tons ( 460,000 short tons ) in coated fine paper .",neutral,phrasebank,controlled_gold_split,neutral,0.0004898194,0.99377996,0.005730221
phrasebank_sentences_allagree_638,"Utah 's capital wanted to be the next U.S. headquarters of Amer Sports Corp. , a ski-equipment company .",neutral,phrasebank,controlled_gold_split,neutral,0.0006844347,0.99629277,0.0030228181
phrasebank_sentences_66agree_3055,"ASPO Plc STOCK EXCHANGE ANNOUNCEMENT May 4 , 2006 at 10:00 a.m. An increase in the share capital of Aspo Plc totaling EUR 1,125.60 was registered today .",positive,phrasebank,controlled_gold_split,neutral,0.0016488251,0.500638,0.49771315
phrasebank_sentences_allagree_255,The economic occupancy rate of Sponda 's property portfolio rose to 91.2 % from 88.8 % in 2006 .,positive,phrasebank,controlled_gold_split,positive,0.00293282,0.002670363,0.9943968
phrasebank_sentences_50agree_1230,"GeoSentric 's flagship product is the GyPSii platform , which uses pioneering geo-location software technology to connect people to people , and people to places with new and exciting social community and location-specific services .",neutral,phrasebank,controlled_gold_split,neutral,0.00048495908,0.9839191,0.015595968
phrasebank_sentences_75agree_851,"In addition to the presentations held by President & CEO Kai Telanne and CFO Tuomas Itkonen , participants will have an opportunity to discuss with other members of the company 's management .",neutral,phrasebank,controlled_gold_split,neutral,0.0005930749,0.9917196,0.0076873577
phrasebank_sentences_66agree_3652,"In Sweden , there is an oversupply of pharmacies .",negative,phrasebank,controlled_gold_split,negative,0.8335767,0.16167514,0.0047481586
phrasebank_sentences_66agree_2113,"M-real Corporation Press release on 3 November at 10:35 am M-real Corporation was the second best company in the materials sector including e.g. forest industry companies in the Carbon Disclosure Leadership Index CDLI , Nordic Report 2009 .",positive,phrasebank,controlled_gold_split,positive,0.0011873057,0.0082737915,0.99053884
phrasebank_sentences_75agree_3085,Yakima created the position for him after emerging from economic downturns of its own .,neutral,phrasebank,controlled_gold_split,neutral,0.00067999284,0.9898269,0.009493026
phrasebank_sentences_50agree_1867,"The iTunes-based material will be accessible on Windows-based or Macintosh computers and transferable to portable devices , including Apple 's iPods .",positive,phrasebank,controlled_gold_split,neutral,0.0005660551,0.99584585,0.0035880753
phrasebank_sentences_50agree_636,We look forward to helping the company develop its operational services and further digitalize its services for its customers . '',positive,phrasebank,controlled_gold_split,positive,0.0007783175,0.059971035,0.93925065
phrasebank_sentences_allagree_1274,It will report full-year results on August 22 .,neutral,phrasebank,controlled_gold_split,neutral,0.0009149794,0.99753463,0.0015503643
phrasebank_sentences_allagree_990,KONE is listed on the Nordic Exchange in Helsinki .,neutral,phrasebank,controlled_gold_split,neutral,0.0013616215,0.9976036,0.001034856
phrasebank_sentences_allagree_107,Diluted earnings per share ( EPS ) rose to EUR 0.52 versus EUR 0.09 .,positive,phrasebank,controlled_gold_split,positive,0.012798168,0.0017975263,0.9854043
phrasebank_sentences_66agree_788,"The company has established a 3G base station at about 17,000 feet at the foot of Mount Everest that will enable mountain climbers at the 29,035-foot summit to surf the Internet and even send videos of their exploits .",positive,phrasebank,controlled_gold_split,neutral,0.0006473556,0.95529056,0.04406208
phrasebank_sentences_75agree_1347,Diluted loss per share stood at EUR 0.15 versus EUR 0.26 .,positive,phrasebank,controlled_gold_split,negative,0.9452644,0.0021250779,0.052610457
phrasebank_sentences_allagree_561,"Honkarakenne mainly exports large luxury log houses to Russia to be used as one-family houses or holiday homes ; 70 % of sales go to the Moscow region , about 20 % to the St Petersburg region , and the remainder to other locations .",neutral,phrasebank,controlled_gold_split,neutral,0.0007780873,0.9975811,0.001640789
phrasebank_sentences_66agree_1119,"Russia 's top container shipping group , Fesco , and Finnish logistics company Nurminen Logistics have started a pilot project offering clients direct intermodal transportation service from Finland to Asia Pacific countries , Fesco said in a statement .",positive,phrasebank,controlled_gold_split,positive,0.001168499,0.01633672,0.9824948
phrasebank_sentences_allagree_1323,"Operators only need to learn how to use one device for multiple levels of applications , including voice-directed operations .",neutral,phrasebank,controlled_gold_split,neutral,0.0029750606,0.99599373,0.00103117
phrasebank_sentences_75agree_1185,"Kesko Agro Lietuva , the agricultural machinery and grain trader and another member of the Kesko Group , boosted its sales by 42.9 percent to 13.4 million euros , VAT inclusive .",positive,phrasebank,controlled_gold_split,positive,0.0030084848,0.0025136832,0.99447787
phrasebank_sentences_75agree_3247,"At 1.33 pm , the OMX Helsinki 25 was 0.30 pct lower at 2,463.67 and the OMX Helsinki was down 0.37 pct at 8,537.42 on volume of 256 mln eur .",negative,phrasebank,controlled_gold_split,negative,0.9632169,0.035029538,0.0017536246
phrasebank_sentences_allagree_1307,No changes in media activity were seen in October compared with September .,neutral,phrasebank,controlled_gold_split,neutral,0.026502013,0.97191805,0.0015799552
phrasebank_sentences_50agree_1509,"Cathay Forest 's strategy is to develop sustainable , regenerative forest assets .",neutral,phrasebank,controlled_gold_split,neutral,0.00042877125,0.98190683,0.017664414
phrasebank_sentences_allagree_1947,Bertrand Sciard has been the vice chairman of the board of directors of Aldata Solution since April 2007 .,neutral,phrasebank,controlled_gold_split,neutral,0.001602578,0.9974553,0.000942107
phrasebank_sentences_allagree_1059,"The company will publish its financial statement for 2008 on February 25 , 2009 .",neutral,phrasebank,controlled_gold_split,neutral,0.0011843389,0.9977602,0.0010554323
phrasebank_sentences_allagree_1293,"Marathon now has a 4.6 percent stake in PLX , it said , according to Bloomberg .",neutral,phrasebank,controlled_gold_split,neutral,0.0005953686,0.99750143,0.0019031964
phrasebank_sentences_allagree_564,Insurance policies should be simple .,neutral,phrasebank,controlled_gold_split,neutral,0.0013027702,0.99736613,0.0013310622
phrasebank_sentences_allagree_585,"Prothious Engineering ( www.prothious.com ) employs more than 1,000 and has a large portfolio of projects and an annual detailing capacity of more than 100,000 tonnes .",neutral,phrasebank,controlled_gold_split,neutral,0.0005834876,0.99687696,0.00253951
phrasebank_sentences_allagree_2121,"Finnish Scanfil , a contract manufacturer and systems supplier for communication and industrial electronics reports net sales of EUR 108.7 mn in the first half of 2008 , down from EUR 111.1 mn a year earlier .",negative,phrasebank,controlled_gold_split,negative,0.99401397,0.004444178,0.0015418782
phrasebank_sentences_50agree_335,"GeoSentric Oyj s GeoSolutions Business Unit GyPSii , the mobile digital lifestyle application and geo-mobility social networking platform , has signed an agreement with Nanjing MyNet to make the GyPSii mobile social networking platform available to customers of China Mobile .",positive,phrasebank,controlled_gold_split,positive,0.0032794417,0.005823445,0.9908971
phrasebank_sentences_allagree_1924,"Thus the method will cut working costs , and will fasten the planning and building processes .",positive,phrasebank,controlled_gold_split,positive,0.0010905666,0.007430868,0.9914786
phrasebank_sentences_allagree_868,"In the second quarter of 2010 , the company 's net profit was EUR1 .7 m compared to a net loss of EUR1 .3 m in April-June 2009 .",positive,phrasebank,controlled_gold_split,positive,0.0067194784,0.0018477985,0.9914328
phrasebank_sentences_allagree_1213,"Elcoteq SE Stock Exchange Announcement February 4 , 2009 at 10.00 am ( EET ) Elcoteq will publish its financial statements bulletin 2008 on Wednesday , February 11 , at 9.00 am ( EET ) .",neutral,phrasebank,controlled_gold_split,neutral,0.0017311409,0.9974739,0.0007948994
phrasebank_sentences_75agree_3250,"The OMX Helsinki 25 ended 0.47 pct lower at 3,150.55 and the OMX Helsinki was down 0.21 pct at 10,736.42 on 1.523 bln eur turnover .",negative,phrasebank,controlled_gold_split,negative,0.9858694,0.01271077,0.0014198555
phrasebank_sentences_allagree_1224,"Finland 's Technopolis is planning to bring the first section of a technopark on stream in St. Petersburg at the end of 2008 , Kari Mikkonen , vice president of Technopolis , told reporters in Helsinki .",neutral,phrasebank,controlled_gold_split,neutral,0.0004899057,0.9939552,0.0055549
phrasebank_sentences_allagree_1691,N-Viro operates processing facilities independently as well as in partnership with municipalities .,neutral,phrasebank,controlled_gold_split,neutral,0.0006216251,0.99768865,0.0016897521
phrasebank_sentences_allagree_454,"Finnish airline Finnair has won a deal with the UK public sector to be the official airline for flights from London Heathrow to Osaka in Japan , as well as flights between Manchester in the UK and Helsinki in Finland .",positive,phrasebank,controlled_gold_split,positive,0.002740228,0.004370328,0.9928894
phrasebank_sentences_allagree_957,Elcoteq SE is listed on the Nasdaq OMX Helsinki Ltd. .,neutral,phrasebank,controlled_gold_split,neutral,0.0010129127,0.99765563,0.0013314486
phrasebank_sentences_allagree_1935,"The purchase price will be paid in cash upon the closure of the transaction , scheduled for April 1 , 2009 .",neutral,phrasebank,controlled_gold_split,neutral,0.00080731127,0.9973429,0.0018497594
phrasebank_sentences_allagree_1500,The sale price was not disclosed .,neutral,phrasebank,controlled_gold_split,neutral,0.0011523392,0.9977132,0.0011344738
phrasebank_sentences_allagree_2001,"The company operates a U.S. division in Lisle , Ill. .",neutral,phrasebank,controlled_gold_split,neutral,0.0013388325,0.99732757,0.001333613
phrasebank_sentences_allagree_1883,Operating loss totaled EUR 0.3 mn compared to a profit of EUR 2.2 mn in the corresponding period in 2007 .,negative,phrasebank,controlled_gold_split,negative,0.99221754,0.0018420514,0.005940411
phrasebank_sentences_allagree_2150,"( ADPnews ) - May 4 , 2010 - Finnish cutlery and hand tools maker Fiskars Oyj Abp ( HEL : FISAS ) said today its net profit declined to EUR 12.9 million ( USD 17m ) in the first quarter of 2010 from EUR 17 million in the correspond",negative,phrasebank,controlled_gold_split,negative,0.99409086,0.004496913,0.0014122553
phrasebank_sentences_50agree_2480,"In addition , nine fixed-term employment contracts will not be extended and two people will leave the company under pension arrangements .",neutral,phrasebank,controlled_gold_split,neutral,0.42245576,0.57461596,0.0029282502
phrasebank_sentences_75agree_367,Estonia 's beer market overall grew three percent last year to 130 million liters .,positive,phrasebank,controlled_gold_split,positive,0.0013511807,0.0038491557,0.9947996
phrasebank_sentences_75agree_260,"Via the Satlan acquisition , Teleste plans to further expand its market presence as a video services partner for cable operators , broadcasters and IPTV service providers .",positive,phrasebank,controlled_gold_split,positive,0.001506241,0.0063663316,0.9921274
phrasebank_sentences_66agree_2731,"The company intends to launch housing development at the acquired land plots and to construct 50,000-60 ,000 square metres of housing per annum by 2011 .",neutral,phrasebank,controlled_gold_split,neutral,0.0004901867,0.977196,0.022313843
phrasebank_sentences_50agree_4485,"wins 98 % acceptance 23 December 2009 - Finnish industrial machinery company Metso Oyj ( HEL : MEO1V ) said today it will complete its takeover offer for textile company Tamfelt Oyj Abp ( HEL : TAFKS ) , after acquiring 98 % of its shares and votes .",neutral,phrasebank,controlled_gold_split,positive,0.0015170248,0.008963119,0.98951983
phrasebank_sentences_allagree_51,"Both operating profit and turnover for the three-month period increased , respectively from EUR0 .9 m and EUR8 .3 m , as compared to the corresponding period in 2005 .",positive,phrasebank,controlled_gold_split,positive,0.0035926644,0.0022047472,0.99420255
phrasebank_sentences_75agree_1390,Net profit in the period in 2009 was ( EURO ) 29 million .,neutral,phrasebank,controlled_gold_split,neutral,0.0024509216,0.9965274,0.0010216961
phrasebank_sentences_allagree_15,Nordea Group 's operating profit increased in 2010 by 18 percent year-on-year to 3.64 billion euros and total revenue by 3 percent to 9.33 billion euros .,positive,phrasebank,controlled_gold_split,positive,0.002783711,0.0022675656,0.99494874
phrasebank_sentences_allagree_2070,"Tallink Silja attributes the significant drop to problems with the booking system that was taken into operation in October , the sale of trailer ferry ` Sky Wind ' and the route between Stockholm and Riga , which has won passengers from the Helsinki-Stockholm route .",negative,phrasebank,controlled_gold_split,negative,0.98909307,0.0022063062,0.008700583
phrasebank_sentences_allagree_807,Return on investment was 16.6 % compared to 15.8 % in 2004 .,positive,phrasebank,controlled_gold_split,negative,0.6139342,0.34354612,0.042519636
phrasebank_sentences_allagree_1099,The output of the contracts totals 72 MWe .,neutral,phrasebank,controlled_gold_split,neutral,0.0011126379,0.997809,0.0010784057
phrasebank_sentences_75agree_677,"Estonian telecoms company Elisa 's customer numbers cross 400,000 TALLINN , Oct 22 , BNS - The Estonian telecommunications company Elisa won approximately 50,000 new clients in the nine months of this year , bringing the number to 401,800 by the end of September , the company said .",positive,phrasebank,controlled_gold_split,positive,0.0018522714,0.0043150797,0.9938327
phrasebank_sentences_66agree_2795,The full MidnightTrader extended-hours trading analysis and news service is available in real-time through COMTEX .,neutral,phrasebank,controlled_gold_split,neutral,0.0011591436,0.9977412,0.0010996006
phrasebank_sentences_allagree_5,"Finnish Talentum reports its operating profit increased to EUR 20.5 mn in 2005 from EUR 9.3 mn in 2004 , and net sales totaled EUR 103.3 mn , up from EUR 96.4 mn .",positive,phrasebank,controlled_gold_split,positive,0.0038454614,0.002309724,0.99384487
phrasebank_sentences_allagree_2032,Okmetic expects its net sales for the first half of 2009 to be less than in 2008 .,negative,phrasebank,controlled_gold_split,negative,0.9915679,0.0070773857,0.0013547058
phrasebank_sentences_50agree_2339,"According to the Act , universities can now acquire private funding .",neutral,phrasebank,controlled_gold_split,neutral,0.0004930417,0.99447364,0.005033325
phrasebank_sentences_50agree_1925,The smaller molecules improve the grip of the tyre at top-speed driving .,neutral,phrasebank,controlled_gold_split,neutral,0.002819469,0.6368094,0.36037114
phrasebank_sentences_allagree_1195,com and possibly also through photo-msn .,neutral,phrasebank,controlled_gold_split,neutral,0.0010430223,0.9976513,0.0013056904
phrasebank_sentences_allagree_441,"Savon koulutuskuntayhtyma , Finland based company has awarded contract for specialist agricultural or forestry machinery .",positive,phrasebank,controlled_gold_split,positive,0.002946176,0.0039645135,0.9930894
phrasebank_sentences_66agree_1158,"The dividend will be paid on April 15 , 2008 to each of the shareholders who on the record date of April 8 , 2008 have been entered in the list of shareholders kept by the Finnish Central Securities Depository Ltd. .",neutral,phrasebank,controlled_gold_split,neutral,0.0012844052,0.9978163,0.00089929014
phrasebank_sentences_allagree_1125,"When dialing in , the participants should quote 877417 as conference ID .",neutral,phrasebank,controlled_gold_split,neutral,0.0013339182,0.99755585,0.0011101852
phrasebank_sentences_allagree_1774,The estimated annual value of the frame agreement is about EUR 50mn .,neutral,phrasebank,controlled_gold_split,neutral,0.0010826949,0.997872,0.0010452926
phrasebank_sentences_66agree_2093,"Ixonos estimates that it will hire 20 specialists in mechanical engineering , electronics design , and R&D for its new unit in Jyvaeskylae by the end of 2009 .",positive,phrasebank,controlled_gold_split,positive,0.0030876638,0.38626218,0.6106501
phrasebank_sentences_allagree_605,The commission said the hydrogen peroxide and PBS market was worth about 470 million euros in 2000 .,neutral,phrasebank,controlled_gold_split,neutral,0.00061430305,0.99755883,0.0018268201
phrasebank_sentences_50agree_1960,"In complying with the European Water Framework Directive requirements , the pre-treatment unit will be fully renovated , including hydraulics of waste water inception , degridding , sand and grease removal and treatment and deodorization of the unit .",positive,phrasebank,controlled_gold_split,neutral,0.0010684037,0.82596827,0.17296337
phrasebank_sentences_allagree_1870,"In Finland , the city of Forssa has said it will not pay compensation to food industry companies HK Ruokatalo and Atria for the lye leak into tap water that occurred in March 2008 .",negative,phrasebank,controlled_gold_split,negative,0.9360018,0.053781413,0.010216859
phrasebank_sentences_allagree_2186,Export declined by 6 percent to 16.4 million liters .,negative,phrasebank,controlled_gold_split,negative,0.9925465,0.0050827875,0.0023706509
phrasebank_sentences_allagree_424,Cision says the sale will return its U.K. operation to profitability .,positive,phrasebank,controlled_gold_split,positive,0.0016895679,0.0046197115,0.9936907
phrasebank_sentences_66agree_1296,"In the next few years , the ICT sector 's share of electricity consumption will be raised by the increase in the popularity of smartphones .",neutral,phrasebank,controlled_gold_split,positive,0.0006273223,0.023517117,0.97585547
phrasebank_sentences_66agree_261,Sales of clothing developed best .,positive,phrasebank,controlled_gold_split,positive,0.0034950478,0.0044441177,0.9920609
phrasebank_sentences_allagree_355,"In Q2 of 2009 , profit before taxes amounted to EUR 13.6 mn , down from EUR 26.8 mn in Q2 of 2008 .",negative,phrasebank,controlled_gold_split,negative,0.9941094,0.0043842527,0.0015063052
phrasebank_sentences_66agree_3619,Finnish M-real 's Kyro mill is starting negotiations to cut staff .,negative,phrasebank,controlled_gold_split,negative,0.9907352,0.008067958,0.001196855
phrasebank_sentences_75agree_738,"He does not believe , however , that HKScan or Atria will start to use imported meat as Finnish consumers prefer domestic products .",neutral,phrasebank,controlled_gold_split,neutral,0.0009072013,0.99681205,0.0022807037
phrasebank_sentences_75agree_2026,Joint procurement will be later extended to the factories in the Baltic countries .,neutral,phrasebank,controlled_gold_split,positive,0.0017455003,0.28507268,0.71318185
phrasebank_sentences_75agree_1428,"The company 's profit totaled Ls 134,700 .",neutral,phrasebank,controlled_gold_split,neutral,0.0016679149,0.99737716,0.000955001
phrasebank_sentences_50agree_2751,"Finnish W+ñrtsil+ñ that provides power solutions for the marine and energy markets has opened a Service Centre in Murmansk , in Russia .",neutral,phrasebank,controlled_gold_split,neutral,0.00052921585,0.99496114,0.0045096492
phrasebank_sentences_66agree_1569,"These companies own a 20,000 sq. m. office and commercial building and substantial amount of building right for a new shopping center in Liljeholmen , Stockholm .",neutral,phrasebank,controlled_gold_split,neutral,0.0007267976,0.9977495,0.0015236781
phrasebank_sentences_75agree_1103,"The parties have also agreed that L+ñnnen Tehtaat has the right to sell the remaining shares in Suomen Rehu to Hankkija-Maatalous 15 months after the purchase of the majority holding , at the earliest .",neutral,phrasebank,controlled_gold_split,neutral,0.0005676364,0.99667907,0.0027533744
phrasebank_sentences_allagree_2260,"HELSINKI Thomson Financial - Shares in Cargotec fell sharply in early afternoon trade after the cargo handling group posted a surprise drop in April-June profits , which overshadowed the large number of new orders received during the three months .",negative,phrasebank,controlled_gold_split,negative,0.99360484,0.004779928,0.0016152094
phrasebank_sentences_allagree_1148,"Local government commissioner of +àm+Ñl , Kurt Svensson , says he will contact the management of Finnish company Componenta to find out if there are any alternatives to the company 's decision to close down its plant in +àm+Ñl .",neutral,phrasebank,controlled_gold_split,neutral,0.0015405599,0.99705124,0.0014081858
phrasebank_sentences_75agree_1321,"The new office , located in Shenzhen , will strengthen Vaisala 's already 10-year old presence in China .",positive,phrasebank,controlled_gold_split,positive,0.0019799776,0.0039223037,0.9940977
phrasebank_sentences_75agree_1016,"Demonstrations of the broad capabilities of the Mobility Business Suite will be organized during the 3GSM World Congress in Barcelona , from February 12th to 15th .",neutral,phrasebank,controlled_gold_split,neutral,0.00052509276,0.9949521,0.0045228386
phrasebank_sentences_allagree_105,"Digia said its consolidated net sales for January-June 2010 were EUR67 .8 m , up 9.7 % on the same period in 2009 ( EUR61 .9 m ) .",positive,phrasebank,controlled_gold_split,positive,0.0036285936,0.0019844256,0.9943869
phrasebank_sentences_66agree_2170,"Stora Enso , a global paper , packaging and wood products company , and Neste Oil , a Finnish company engaged in the refining and marketing of oil , have inaugurated the demonstration plant at Varkaus , Finland for biomass to liquids production utilizing forestry residues .",neutral,phrasebank,controlled_gold_split,neutral,0.00063373754,0.9462184,0.053147912
phrasebank_sentences_50agree_836,"Finnish financial solutions developer Basware Corporation ( OMX Helsinki BAS1V ) said on Tuesday ( 23 September ) that it will deliver a complete Invoice Automation solution to a large US engineering , construction and technical services organization .",positive,phrasebank,controlled_gold_split,neutral,0.0011334302,0.7451085,0.2537581
phrasebank_sentences_50agree_1253,"In the Homeware area , Fiskars provides leading branded products for home , kitchen , and interior design .",positive,phrasebank,controlled_gold_split,neutral,0.00088094245,0.90047693,0.09864216
phrasebank_sentences_allagree_860,"Cargotec Corporation , Press Release , August 26 , 2008 at 10 a.m. Finnish time Cargotec 's MacGREGOR business area providing marine cargo handling and offshore load handling solutions has received significant offshore crane retrofit order .",positive,phrasebank,controlled_gold_split,positive,0.00287463,0.014813996,0.98231137
phrasebank_sentences_allagree_1891,"Publishing Sweden 's operating loss was EUR 1.1 mn in Q1 of 2009 , compared to a profit of EUR 0.6 mn a year ago .",negative,phrasebank,controlled_gold_split,negative,0.9902108,0.0018892862,0.007900002
phrasebank_sentences_allagree_0,"According to Gran , the company has no plans to move all production to Russia , although that is where the company is growing .",neutral,phrasebank,controlled_gold_split,neutral,0.0005436957,0.996557,0.0028992805
phrasebank_sentences_75agree_764,"The company is in charge of all natural gas storage activities in France , Great Britain , and Germany .",neutral,phrasebank,controlled_gold_split,neutral,0.00069502677,0.99797314,0.0013318723
phrasebank_sentences_allagree_1888,Pretax loss totaled EUR 117mn compared to a loss of EUR 65mn in the corresponding period .,negative,phrasebank,controlled_gold_split,negative,0.8964036,0.009409786,0.094186604
phrasebank_sentences_50agree_1754,"Mr. Atul Chopra , Chief Operating Officer & President , Tecnotree elaborated '' I am eager to see the continued success of the former Tecnomen , bringing Lifetree product to MENA , under the Tecnotree umbrella .",neutral,phrasebank,controlled_gold_split,positive,0.0009332908,0.022457523,0.9766092
phrasebank_sentences_50agree_4329,"Most of the permanent layoffs will be in the plywood and sawn timber sectors of the Finnish company 's operations at several domestic mills , where earlier this year it temporarily laid off some 1,200 workers to save costs .",negative,phrasebank,controlled_gold_split,negative,0.99292964,0.005530234,0.0015401962
phrasebank_sentences_66agree_416,`` Residentialconstruction in particular has picked up in several markets .,positive,phrasebank,controlled_gold_split,neutral,0.0012626001,0.9799191,0.018818365
phrasebank_sentences_66agree_1183,The oil shale feeder-supply solution will deliver crushed oil shale to the shale oil refinery already in operation as well as to the novel Enefit-280 shale oil technology processing plant .,neutral,phrasebank,controlled_gold_split,neutral,0.0004264086,0.9918738,0.0076998235
phrasebank_sentences_allagree_79,"According to Finnish Metso Minerals , the value of the company 's orders has gone up to EUR 1.9 bn in 12 months .",positive,phrasebank,controlled_gold_split,positive,0.0012396566,0.008044202,0.9907162
phrasebank_sentences_allagree_1986,"The utility will also provide services related to electricity management , such as hedging trades and risk management and reporting .",neutral,phrasebank,controlled_gold_split,neutral,0.00062619953,0.99720937,0.0021644111
phrasebank_sentences_allagree_140,"In the third quarter , net sales increased by 12 % year-on-year to EUR159 .5 m , or by 6 % at comparable currency rates growth .",positive,phrasebank,controlled_gold_split,positive,0.0027996013,0.0024181255,0.99478227
phrasebank_sentences_allagree_879,"Quarterly diluted EPS on continuing operations came in at 0.21 eur , compared with last year 's 0.12 eur .",positive,phrasebank,controlled_gold_split,positive,0.052174024,0.0038577828,0.9439683
phrasebank_sentences_66agree_1282,"Finnish software and hardware developer Elektrobit Oyj HEL : EBG1V , or EB , said today it will temporarily lay off up to 200 people for a maximum of 90 day in Finland , aiming to achieve cost savings of EUR 1.7 million USD 2m in the second half of 2010 .",negative,phrasebank,controlled_gold_split,negative,0.98886687,0.0040889103,0.007044335
phrasebank_sentences_50agree_743,"` Patja has worked well for us for more than a decade , and Fujitsu 's new bid was competitive .",neutral,phrasebank,controlled_gold_split,positive,0.0019310977,0.0035796897,0.9944892
phrasebank_sentences_75agree_1167,"SysOpen Digia Plc , Press release , 7 February 2006 IBM Finland has rewarded its most distinguished partner companies for 2005 .",positive,phrasebank,controlled_gold_split,positive,0.002479389,0.0050477856,0.9924729
phrasebank_sentences_allagree_948,"Cramo , headquartered in Vantaa , Finland , rents construction machinery and equipment , as well as rents and sells modular space .",neutral,phrasebank,controlled_gold_split,neutral,0.0011039096,0.99774593,0.0011501285
phrasebank_sentences_66agree_666,"Benefon , a wireless and GPS technology company , will supply Karputer with its TWIG navigation platform , a GPS satellite navigation and voice guidance service .",positive,phrasebank,controlled_gold_split,neutral,0.0005093663,0.96704036,0.032450277
phrasebank_sentences_allagree_1584,`` These developments partly reflect the government 's higher activity in the field of dividend policy . '',neutral,phrasebank,controlled_gold_split,positive,0.002339603,0.4367991,0.5608612
phrasebank_sentences_allagree_1862,"In the third quarter of fiscal 2008 Efore swung to a net loss of EUR 400,000 versus a net profit of EUR 200,000 for the corresponding period of fiscal 2007 .",negative,phrasebank,controlled_gold_split,negative,0.984251,0.0017572603,0.013991682
phrasebank_sentences_75agree_1975,"Global Markets Direct 's Pohjola Bank plc - Financial Analysis Review is an in-depth business , financial analysis of Pohjola Bank plc. .",neutral,phrasebank,controlled_gold_split,neutral,0.0011865813,0.9976987,0.00111469
phrasebank_sentences_50agree_3715,"Panostaja Plc today acquired the entire share capital of Suomen Graafiset Palvelut Ltd , a provider of printing services .",neutral,phrasebank,controlled_gold_split,neutral,0.0010736308,0.99533314,0.003593239
phrasebank_sentences_75agree_631,"Speaking to just-drinks today , a spokesperson for Olvi said : `` We have performed very well in all four countries we operate in - namely , Finland , Estonia , Latvia and Lithuania . ''",positive,phrasebank,controlled_gold_split,positive,0.0026139442,0.0028596637,0.9945263
phrasebank_sentences_allagree_2216,Sales by Seppala diminished by 6 per cent .,negative,phrasebank,controlled_gold_split,negative,0.99303,0.0050753406,0.0018946652
phrasebank_sentences_allagree_1353,"schwalm ( at ) outotec.com Eila Paatela , Vice President - Corporate Communications tel. +358 20 529 2004 , mobile +358 400 817198 e-mail eila .",neutral,phrasebank,controlled_gold_split,neutral,0.0015544769,0.9972548,0.0011906954
phrasebank_sentences_75agree_2918,Lean System supports change management and component purchasing extremely well .,positive,phrasebank,controlled_gold_split,positive,0.0009992659,0.046928767,0.95207196
phrasebank_sentences_allagree_1834,The value of the contract is EUR 25mn .,neutral,phrasebank,controlled_gold_split,neutral,0.0011300584,0.9977198,0.0011500984
phrasebank_sentences_allagree_579,"Oka specialises in new construction , renovation work of residential and non-residential building as well as premises for industrial and logistical use .",neutral,phrasebank,controlled_gold_split,neutral,0.0018878035,0.99719393,0.0009182468
phrasebank_sentences_75agree_1141,"The company booked April-June new orders worth 949 mln eur , compared with 786 mln eur in the same period a year ago .",positive,phrasebank,controlled_gold_split,positive,0.0073985993,0.0025320395,0.99006945
phrasebank_sentences_allagree_1154,Affecto has participated in the program for the development of the Norwegian pension system since 2007 .,neutral,phrasebank,controlled_gold_split,neutral,0.00053562573,0.99528,0.004184321
phrasebank_sentences_allagree_1711,Russia 's Video International Group holds a controlling stake in Russian Media Ventures .,neutral,phrasebank,controlled_gold_split,neutral,0.00072507095,0.99732506,0.0019498882
phrasebank_sentences_allagree_2157,Net sales fell by 5 % from the previous accounting period .,negative,phrasebank,controlled_gold_split,negative,0.9935967,0.0037481159,0.0026552177
phrasebank_sentences_75agree_2243,The handset maker did not disclose any financial details .,neutral,phrasebank,controlled_gold_split,neutral,0.0020994432,0.9970073,0.0008933114
phrasebank_sentences_50agree_2203,The companies expect the first orders already in 2011 .,positive,phrasebank,controlled_gold_split,neutral,0.0006043672,0.99493426,0.0044613443
phrasebank_sentences_allagree_1973,"The gross area of the Innova 2 project will be about 10,000 sq m ( 107,600 sq ft ) .",neutral,phrasebank,controlled_gold_split,neutral,0.00092081114,0.9980276,0.0010515994
phrasebank_sentences_75agree_1534,"According to CEO Hannu Syrj+ñnen , a new common name and visual identity is required as the group has grown and internationalised .",neutral,phrasebank,controlled_gold_split,neutral,0.00051732175,0.99566394,0.0038187886
phrasebank_sentences_66agree_2337,"In Finland , Sampo Bank , now part of the Danske Bank group , will lay off staff from the administrative and support functions .",negative,phrasebank,controlled_gold_split,negative,0.9913018,0.007303652,0.0013946072
phrasebank_sentences_75agree_2093,Pohjola and cooperative banks have continued to combine their branch office network .,neutral,phrasebank,controlled_gold_split,neutral,0.0005418884,0.9971317,0.0023264326
phrasebank_sentences_66agree_3678,"So Mr. Galvan made savings adjustments of his own , buying less liquor and watching portion sizes .",neutral,phrasebank,controlled_gold_split,neutral,0.0022246304,0.9934197,0.0043556145
phrasebank_sentences_75agree_1245,"Thus , SysOpen Digia has , in accordance with Chapter 14 Section 21 of the Finnish Companies Act 29.9.1978 - 734 , obtained title to all the shares of Sentera that are to be redeemed .",neutral,phrasebank,controlled_gold_split,neutral,0.00067521,0.9963947,0.0029301157
phrasebank_sentences_75agree_1198,Finnish insurance company Fennia and Kesko Group are ending their loyal customer cooperation .,negative,phrasebank,controlled_gold_split,negative,0.9215245,0.07664719,0.0018282755
phrasebank_sentences_66agree_406,"The company also said on November 16 , 2006 its Real Estate Fund I Ky signed an agreement with Finnish window maker Fenestra Oy to build a window plant in Forssa , southern Finland .",positive,phrasebank,controlled_gold_split,positive,0.0020293484,0.008502259,0.9894684
phrasebank_sentences_allagree_1051,The company 's board of directors will propose a dividend of EUR 0.14 for 2008 at the annual general meeting .,neutral,phrasebank,controlled_gold_split,neutral,0.00075996475,0.9974522,0.0017877994
phrasebank_sentences_50agree_1258,It has several innovative small molecule and biological drug candidates at different stages of clinical development .,neutral,phrasebank,controlled_gold_split,neutral,0.00047703335,0.99079037,0.008732552
phrasebank_sentences_66agree_544,"Based on strong customer interest and feedback , using RPM mobile phone manufacturers , operators , enterprises and developer forums can significantly increase their product and service quality , user-experience and cost-efficiency '' , Tulonen continues .",positive,phrasebank,controlled_gold_split,positive,0.0018755001,0.0035521293,0.99457234
phrasebank_sentences_allagree_1880,Loss for the period totalled EUR 15.6 mn compared to a profit of EUR 6.3 mn in 2008 .,negative,phrasebank,controlled_gold_split,negative,0.9865976,0.001871395,0.011531051
phrasebank_sentences_75agree_2459,"ALEXANDRIA , Va. , Nov. 19 -- Erkki Aho , Elimaki , Finland , has developed a method and apparatus in conjunction with a shoe press .",neutral,phrasebank,controlled_gold_split,neutral,0.0009808332,0.99672526,0.0022939066
phrasebank_sentences_allagree_870,"Jarmo Honkamaa , head of the oil refining business at Neste Oil , says the situation looks promising from their viewpoint .",positive,phrasebank,controlled_gold_split,positive,0.0009589396,0.030257165,0.9687839
phrasebank_sentences_allagree_384,"Operating profit totalled EUR 0.4 mn , up from an operating loss of EUR 0.8 mn year-on-year .",positive,phrasebank,controlled_gold_split,positive,0.003809237,0.0020469176,0.9941439
phrasebank_sentences_allagree_2242,Finnish meat company Atria can no longer promise a sufficient amount of domestic beef to its customers .,negative,phrasebank,controlled_gold_split,neutral,0.059337676,0.93753517,0.0031271726
phrasebank_sentences_66agree_3267,"The area will also include some central buildings , and Honkarakenne has started negotiations on their delivery .",neutral,phrasebank,controlled_gold_split,neutral,0.0005785579,0.9962071,0.003214356
phrasebank_sentences_50agree_4584,"Operating profit for the six-month period decreased from EUR21m , while net sales increased from EUR436 .9 m , as compared to the corresponding period in 2007 .",negative,phrasebank,controlled_gold_split,negative,0.9915535,0.0071258284,0.0013207229
phrasebank_sentences_75agree_2849,"According shipping company Viking Line , the EU decision will have a significant financial impact .",neutral,phrasebank,controlled_gold_split,neutral,0.0012261884,0.957252,0.04152181
phrasebank_sentences_allagree_1871,"Acando AB ( ACANB SS ) fell 8.9 percent to 13.35 kronor , the lowest close since Dec. 11 .",negative,phrasebank,controlled_gold_split,negative,0.9667455,0.03220365,0.0010509731
phrasebank_sentences_allagree_136,"In the fourth quarter of 2009 , Orion 's net profit went up by 33.8 % year-on-year to EUR33m .",positive,phrasebank,controlled_gold_split,positive,0.0027892117,0.0022411947,0.99496955
phrasebank_sentences_66agree_501,"Following the increase , Huhtamaki Oyj 's registered share capital is EUR 358,706,290.00 and the number of shares outstanding is 105,501,850 .",neutral,phrasebank,controlled_gold_split,neutral,0.0005230743,0.99695206,0.0025248635
phrasebank_sentences_66agree_883,`` BG Crane has been a strong partner for Hiab in Australia for many years .,neutral,phrasebank,controlled_gold_split,positive,0.0008474582,0.055166673,0.9439859
phrasebank_sentences_75agree_40,The company also estimates the already carried out investments to lead to an increase in its net sales for 2010 from 2009 when they reached EUR 141.7 million .,positive,phrasebank,controlled_gold_split,positive,0.002836616,0.00291525,0.99424815
phrasebank_sentences_allagree_1606,Boomerang Boats had net sales of EUR 4.1 mn and it made an operating profit of EUR 0.4 mn in 2006 .,neutral,phrasebank,controlled_gold_split,neutral,0.0008706318,0.9966828,0.0024465208
phrasebank_sentences_allagree_1861,"With this acquisition the wireless modem unit and its approximately 1,100 employees were transferred to Renesas Electronics Corporation .",neutral,phrasebank,controlled_gold_split,neutral,0.00090615335,0.9976071,0.0014867173
phrasebank_sentences_75agree_358,- Provides summary of the medical equipment pipeline products that the company is developing .,neutral,phrasebank,controlled_gold_split,neutral,0.0008866458,0.99732924,0.001784091
phrasebank_sentences_75agree_2883,"The company 's annual loss amounted to EEK 18mn , compared to a profit of EEK 7.3 mn in 2008 .",negative,phrasebank,controlled_gold_split,negative,0.98868984,0.002240137,0.00907002
phrasebank_sentences_allagree_438,Pretax profit jumped to EUR 21.9 million from EUR 3.1 million .,positive,phrasebank,controlled_gold_split,positive,0.0040753353,0.0026107577,0.99331397
phrasebank_sentences_50agree_4186,"Cuts equivalent to the costs of about 35-45 employees are the target , the company said .",negative,phrasebank,controlled_gold_split,negative,0.9767754,0.020326842,0.0028977778
phrasebank_sentences_50agree_3786,"The companies will divest to UPM Fray Bentos pulp mill and Forestal Oriental , a company specialising in eucalyptus cultivation .",neutral,phrasebank,controlled_gold_split,neutral,0.001022776,0.99758065,0.0013966045
phrasebank_sentences_50agree_2491,It moved into the No. 2 spot in 2000 when it merged steel operations with Avesta Sheffield to form AvestaPolarit .,neutral,phrasebank,controlled_gold_split,positive,0.001011739,0.084548876,0.9144394
phrasebank_sentences_75agree_56,"On the route between Helsinki in Finland and Tallinn in Estonia , cargo volumes increased by 36 % , while cargo volumes between Finland and Sweden fell by 9 % .",neutral,phrasebank,controlled_gold_split,positive,0.00289383,0.0024226126,0.99468356
phrasebank_sentences_allagree_950,"Currently the Terminator lures are produced in a subcontract facility in Mexico but the manufacturing will be transferred to Rapala 's factory in Shenzhen , China .",neutral,phrasebank,controlled_gold_split,neutral,0.0006878603,0.9973755,0.0019367023
phrasebank_sentences_allagree_1268,Investments in product development stood at 6.0 mln euro ( $ 8.8 mln ) .,neutral,phrasebank,controlled_gold_split,neutral,0.00068658113,0.99746704,0.00184638
phrasebank_sentences_allagree_842,Rapala said it estimates it will make savings of 1-2 mln eur a year by centralising its French operations at one site .,positive,phrasebank,controlled_gold_split,positive,0.0012090781,0.00766403,0.99112695
phrasebank_sentences_75agree_1968,Fortum had intended to spend as much as ( EURO ) 2.7 bn to become the sole owner of TGK-10 .,neutral,phrasebank,controlled_gold_split,neutral,0.00058456557,0.9967699,0.002645551
phrasebank_sentences_50agree_2254,Vacon 's office will support its customers in Brazil and South America .,neutral,phrasebank,controlled_gold_split,neutral,0.00040274995,0.98564374,0.013953447
phrasebank_sentences_75agree_2906,"The poorest index figure was given to Finnish power company Fortum , 4.5 .",negative,phrasebank,controlled_gold_split,neutral,0.12882257,0.86754084,0.0036366147
phrasebank_sentences_allagree_1476,The parties have therefore agreed to leave Avena out of the deal .,neutral,phrasebank,controlled_gold_split,neutral,0.0019246659,0.9950563,0.0030190665
phrasebank_sentences_allagree_1131,"` Sanoma is a buyer not a target , ' he said .",neutral,phrasebank,controlled_gold_split,neutral,0.00091435644,0.9968555,0.0022301455
phrasebank_sentences_66agree_1650,"`` Uncommonly weak snow conditions in nearly every market have affected our first quarter result , '' Chief Executive Roger Talermo said .",negative,phrasebank,controlled_gold_split,negative,0.99331445,0.005192114,0.0014933879
phrasebank_sentences_allagree_18,"The company 's net profit rose 11.4 % on the year to 82.2 million euros in 2005 on sales of 686.5 million euros , 13.8 % up on the year , the company said earlier .",positive,phrasebank,controlled_gold_split,positive,0.0029457733,0.0021593873,0.99489486
phrasebank_sentences_66agree_1167,"The handset also features a Media Bar for quick access to favorite media and applications , including music , photos , YouTube or Ovi Share .",neutral,phrasebank,controlled_gold_split,neutral,0.0010320548,0.9968483,0.0021197079
phrasebank_sentences_50agree_1160,"After the signing , the total amount of Aspo 's revolving credit facility agreements is EUR 50 million , which replaces the formerly valid agreements of EUR 80 million .",neutral,phrasebank,controlled_gold_split,neutral,0.004204584,0.96084774,0.034947645
phrasebank_sentences_75agree_2976,"As a result , 12 people will be made redundant and a total of 67 persons are laid off temporarily .",negative,phrasebank,controlled_gold_split,negative,0.99362975,0.0047707213,0.0015995527
phrasebank_sentences_66agree_66,"Other measures included increasing synergies and economies of scale within the Grimaldi Group and personnel adjustments , divestments and redelivery of excess tonnage .",neutral,phrasebank,controlled_gold_split,positive,0.0012276724,0.00800543,0.990767
phrasebank_sentences_allagree_120,Finnish metal products company Componenta Oyj net profit rose to 26.1 mln euro ( $ 35.9 mln ) for the first quarter of 2007 from 5.3 mln euro ( $ 7.3 mln ) for the same period of 2006 .,positive,phrasebank,controlled_gold_split,positive,0.0038761778,0.002136452,0.99398744
phrasebank_sentences_66agree_778,Stockmann MasterCard has widened the scope of this cooperation to Estonia and Latvia .,positive,phrasebank,controlled_gold_split,positive,0.0013782335,0.30053622,0.69808555
phrasebank_sentences_66agree_2041,Dutch publisher De Vijver said today it has agreed to buy a 49 % stake in Belgian weekly magazine Humo from Finnish media company Sanoma HEL : SAA1V .,neutral,phrasebank,controlled_gold_split,neutral,0.00065374176,0.9953377,0.0040085665
phrasebank_sentences_66agree_3754,Metso estimates the need for personnel reductions to amount to 25 people .,negative,phrasebank,controlled_gold_split,negative,0.9903846,0.007947822,0.0016675818
phrasebank_sentences_allagree_290,"Under the rental agreement , Stockmann was committed to invest in the building of a bridge over the Gogol Street or build an underground tunnel for crossing the street by 2004 .",neutral,phrasebank,controlled_gold_split,neutral,0.00044869786,0.9881753,0.011375986
phrasebank_sentences_allagree_498,Halonen 's office acknowledged receiving the letter but declined comment .,neutral,phrasebank,controlled_gold_split,neutral,0.0034282936,0.9952173,0.0013543908
phrasebank_sentences_75agree_1221,"So far the company has awarded more than $ 350,000 worth of tools and materials .",neutral,phrasebank,controlled_gold_split,positive,0.0010613338,0.013082104,0.98585653
phrasebank_sentences_allagree_1312,Nordea was the cheapest also for a couple in their 30s with debt .,neutral,phrasebank,controlled_gold_split,neutral,0.0032106333,0.84449077,0.15229861
phrasebank_sentences_allagree_1168,"Apartments of YIT Home may be purchased in 5 regions of Russia , where YIT subsidiaries carry out their activities : Moscow and Moscow region , St. Petersburg , Ekaterinburg , Kazan and Rostov-on-Don .",neutral,phrasebank,controlled_gold_split,neutral,0.00053165783,0.9976018,0.0018665732
phrasebank_sentences_allagree_1511,The shares shall be acquired according to the Rules of NASDAQ OMX Helsinki and otherwise according to the rules related to acquisition of the company 's own shares .,neutral,phrasebank,controlled_gold_split,neutral,0.0008855047,0.997993,0.0011215713
phrasebank_sentences_allagree_654,Changes to the as-built models from the design were communicated to the subcontractors to accommodate them into the steel and GRC glass reinforced concrete fabrication process .,neutral,phrasebank,controlled_gold_split,neutral,0.00059214636,0.9882349,0.011172983
phrasebank_sentences_75agree_940,The Kyroskoski investment is to be completed in late 2011 and the +ä+ñnekoski investment in the spring of 2012 .,neutral,phrasebank,controlled_gold_split,neutral,0.0005443241,0.9977088,0.0017468344
phrasebank_sentences_66agree_1224,"Vaisala Oyj Stock exchange release 26.03.2010 klo 09.00 1 ( 1 ) The Annual General Meeting of Vaisala Oyj decided on March 25 , 2010 to approve the Company 's annual accounts for 2009 .",neutral,phrasebank,controlled_gold_split,neutral,0.00073163264,0.9946262,0.0046421587
phrasebank_sentences_allagree_592,"She will succeed Krister Kylas , who has decided to leave TeliaSonera .",neutral,phrasebank,controlled_gold_split,neutral,0.004155774,0.9942988,0.0015453353
phrasebank_sentences_75agree_673,CEO Erkki J+ñrvinen is happy with the company 's performance in 2010 .,positive,phrasebank,controlled_gold_split,positive,0.0031910937,0.0039404747,0.99286836
phrasebank_sentences_50agree_1810,"One can even receive on the spot alerts as soon as jobs are posted , putting you at the front of the queue for opportunities .",neutral,phrasebank,controlled_gold_split,neutral,0.0019534952,0.9943031,0.0037434618
phrasebank_sentences_66agree_3702,The layoff talks were first announced in August .,neutral,phrasebank,controlled_gold_split,neutral,0.0065980386,0.9922311,0.0011708952
phrasebank_sentences_75agree_2281,The orders are part of a long-term development plan of Latvijas Finieris .,neutral,phrasebank,controlled_gold_split,neutral,0.0005973282,0.9968829,0.0025197624
phrasebank_sentences_66agree_952,"The Estonian beverages maker A. Le Coq today brought to the market a new premium class beer , A. Le Coq Special , investing 6 million kroons EUR 383,000 into its development and planning to sell three million liters of the beer during the next year .",neutral,phrasebank,controlled_gold_split,neutral,0.0011102615,0.57065403,0.4282357
phrasebank_sentences_allagree_1562,"Vaisala , headquartered in Helsinki in Finland , develops and manufactures electronic measurement systems for meteorology , environmental sciences , traffic and industry .",neutral,phrasebank,controlled_gold_split,neutral,0.0015095924,0.9972523,0.0012381242
phrasebank_sentences_75agree_1339,Alma Media 's net sales in 2009 totalled MEUR 307.8 with an operating margin of 13.5 per cent .,neutral,phrasebank,controlled_gold_split,neutral,0.0014778482,0.99748343,0.0010387811
phrasebank_sentences_allagree_619,The new B shares carry the right to dividend and other shareholder rights with effect from today .,neutral,phrasebank,controlled_gold_split,neutral,0.00073825207,0.9977616,0.0015000738
phrasebank_sentences_allagree_8,"Foundries division reports its sales increased by 9.7 % to EUR 63.1 mn from EUR 57.5 mn in the corresponding period in 2006 , and sales of the Machine Shop division increased by 16.4 % to EUR 41.2 mn from EUR 35.4 mn in the corresponding period in 2006 .",positive,phrasebank,controlled_gold_split,positive,0.0034814752,0.0025027196,0.9940157
phrasebank_sentences_allagree_2062,"`` After a long , unprofitable period the Food Division posted a profitable result , which speaks of a healthier cost structure and a new approach in business operations , '' Rihko said .",positive,phrasebank,controlled_gold_split,positive,0.0031762198,0.002775764,0.994048
phrasebank_sentences_66agree_3673,"Russian officials inspected the damage and gave the vessel permission to continue to Tallinn at around 4.30 a.m. The Norwegian-registered M-T Sten Nordic was carrying 11,000 tons of gas oil and was manned by a Filipino crew .",neutral,phrasebank,controlled_gold_split,neutral,0.004531618,0.9920277,0.0034407466
phrasebank_sentences_allagree_2127,Comparable operating profit decreased to EUR 13.8 mn from EUR 17.1 mn in the corresponding period in 2005 .,negative,phrasebank,controlled_gold_split,negative,0.9936963,0.004646885,0.0016568981
phrasebank_sentences_66agree_727,"As a domestic business , Best-In is already close to Finnish dog owners .",positive,phrasebank,controlled_gold_split,neutral,0.00056906306,0.9972345,0.002196405
phrasebank_sentences_allagree_1541,Their names have not yet been released .,neutral,phrasebank,controlled_gold_split,neutral,0.022193542,0.97653586,0.0012705886
phrasebank_sentences_75agree_3210,"According to Scanfil , demand for telecommunications network products has fluctuated significantly in the third quarter of 2006 , and the situation is expected to remain unstable for the rest of the year .",negative,phrasebank,controlled_gold_split,negative,0.9876952,0.009016761,0.0032880544
phrasebank_sentences_66agree_748,"However , Simdax will remain available in the markets where it already has been approved as it has marketing authorisations or submitted applications in more than 40 countries , Orion added .",positive,phrasebank,controlled_gold_split,positive,0.0006438523,0.06396569,0.9353905
phrasebank_sentences_allagree_1217,EUR 220 million of the transaction consideration was paid in the form of four-year interest-bearing vendor notes .,neutral,phrasebank,controlled_gold_split,neutral,0.00167758,0.9972959,0.0010264859
phrasebank_sentences_66agree_1620,"The negotiations were carried out in a constructive manner , and all parties tried to find a solution to the situation .",positive,phrasebank,controlled_gold_split,positive,0.002694409,0.007578828,0.9897267
phrasebank_sentences_75agree_2397,Unilever 's Turun Sinappi that is made in Sweden holds 40 % of the market .,neutral,phrasebank,controlled_gold_split,neutral,0.00090282474,0.9978327,0.0012645132
phrasebank_sentences_75agree_1382,"Juha Jordan , chief engineer at Glaston , said one of the reasons for choosing Vacon as a global AC drives supplier is that it has service and support centres in the same countries where Glaston operates .",positive,phrasebank,controlled_gold_split,neutral,0.0005327889,0.9861492,0.013318048
phrasebank_sentences_50agree_1875,This bold spinning 360 red fabric design is set beautifully on Ercols Napoli sofa .,positive,phrasebank,controlled_gold_split,neutral,0.0010795356,0.97001565,0.028904768
phrasebank_sentences_75agree_650,"The planned facility , estimated to cost around $ 814 million , would be the largest biodiesel plant in the world , and use palm oil certified by the Roundtable on Sustainable Palm Oil ( RSPO ) .",positive,phrasebank,controlled_gold_split,neutral,0.0005033633,0.9556437,0.04385296
phrasebank_sentences_75agree_2564,"Karachi , Sept. 14 -- Ixonos , a world leader in the development and integration of solutions for handheld devices , announced that it is implementing a touch screen mobile user interface solution for the Intel Atom processor Z6xx based smartphones .",neutral,phrasebank,controlled_gold_split,positive,0.001339872,0.17764392,0.8210162
phrasebank_sentences_66agree_2408,"Beef imports fell slightly from 2006 , to 14mn kilos .",neutral,phrasebank,controlled_gold_split,negative,0.99206597,0.004698534,0.0032355655
phrasebank_sentences_75agree_2578,Marketing will use Tikkurila 's existing infra structure and local knowledge in Russia .,neutral,phrasebank,controlled_gold_split,neutral,0.0003954904,0.9947082,0.004896323
phrasebank_sentences_75agree_2948,"The effect may remain short-lived , however .",neutral,phrasebank,controlled_gold_split,neutral,0.020512138,0.96732295,0.012164913
phrasebank_sentences_75agree_53,The new plant is planned to have an electricity generation capacity of up to 350 megawatts ( MW ) and the same heat generation capacity .,neutral,phrasebank,controlled_gold_split,neutral,0.0004907014,0.99362695,0.0058824145
phrasebank_sentences_allagree_276,"ALEXANDRIA , Va. , May 16 -- Kenneth Bower of Vista , Calif. , has developed an ornamental design for a handset , the U.S. Patent & Trademark Office announced .",neutral,phrasebank,controlled_gold_split,neutral,0.0017894176,0.9944628,0.0037477212
phrasebank_sentences_75agree_986,"www.countryelements.co.uk Designed by Patricia Burt , this is just one of a selection of distinctive hooked rugs created with recycled materials and dyed natural dyes .",neutral,phrasebank,controlled_gold_split,neutral,0.0009872735,0.9974087,0.0016040688
phrasebank_sentences_allagree_1058,The company will be part of Teleste 's Video and Broadband Solutions business area .,neutral,phrasebank,controlled_gold_split,neutral,0.00065894,0.997391,0.0019500171
phrasebank_sentences_allagree_244,Return on capital employed rose by 4.8 percentage points to 19.6 % .,positive,phrasebank,controlled_gold_split,positive,0.0027451036,0.0025990119,0.99465597
phrasebank_sentences_50agree_1555,"Kaukopartio Oy has acquired specialized knowledge in Far Eastern operations , and industrial sourcing services are their core competence .",neutral,phrasebank,controlled_gold_split,neutral,0.00056877267,0.9967257,0.002705525
phrasebank_sentences_50agree_424,"Deliveries are to start later in 2010 , and the volume will increase in the years 2011-2012 .",neutral,phrasebank,controlled_gold_split,positive,0.00060729304,0.028506527,0.9708862
phrasebank_sentences_75agree_2841,"SSH COMMUNICATIONS SECURITY CORP STOCK EXCHANGE RELEASE OCTOBER 14 , 2008 AT 2:45 PM The Company updates its full year outlook and estimates its results to remain at loss for the full year .",negative,phrasebank,controlled_gold_split,negative,0.9854593,0.01285525,0.0016854188
phrasebank_sentences_50agree_62,"`` The new agreement is a continuation to theagreement signed earlier this year with the Lemminkainen Group , whereby Cramo acquired the entire construction machine fleet ofLemminkainen Talo Oy Ita - ja Pohjois Suomo , and signed asimilar agreement , '' said Tatu Hauhio , managing director ofCramo Finland .",neutral,phrasebank,controlled_gold_split,positive,0.0013460809,0.24911147,0.7495425
phrasebank_sentences_allagree_212,Cash flow from operations rose to EUR 52.7 mn from EUR 15.6 mn in 2007 .,positive,phrasebank,controlled_gold_split,positive,0.0042703594,0.0025449723,0.99318475
phrasebank_sentences_allagree_1469,The Notice in its entirety with other proposals from the Nomination Committee and the Board will be published at least four weeks before 28 April on the company 's website and in Post - och Inrikes Tidningar and Dagens Industri .,neutral,phrasebank,controlled_gold_split,neutral,0.0010597571,0.99794275,0.0009974958
phrasebank_sentences_66agree_3502,He said : `` It is for sale again and we will be actively marketing it .,neutral,phrasebank,controlled_gold_split,positive,0.00107289,0.017786887,0.98114026
phrasebank_sentences_75agree_976,"They re in a race with Google to get lots of users onto their service as social networking creates new business models , said Martin Garner , a London-based analyst with CCS Insight .",neutral,phrasebank,controlled_gold_split,neutral,0.015653014,0.7476047,0.23674226
phrasebank_sentences_allagree_1518,"The total restructuring costs are expected to be about EUR 30mn , of which EUR 13.5 mn was booked in December 2008 .",neutral,phrasebank,controlled_gold_split,neutral,0.007007821,0.9919409,0.001051328
phrasebank_sentences_allagree_1679,Mr Jortikka is president of the base metal division of Outotec Oyj in Finland and is on the executive committee of Outotec .,neutral,phrasebank,controlled_gold_split,neutral,0.0019321276,0.9969649,0.0011030454
phrasebank_sentences_50agree_309,Vacon will supply drives to Ruselprom in the power range from 200 kW up to 2 MW .,neutral,phrasebank,controlled_gold_split,neutral,0.00054589275,0.9947383,0.0047157933
phrasebank_sentences_allagree_1253,"In addition , the contract includes modification of the effluent treatment plant at Follum .",neutral,phrasebank,controlled_gold_split,neutral,0.00074794836,0.99714005,0.0021120617
phrasebank_sentences_66agree_69,"The 718,430 new Series A shares will become subject to trading on the Helsinki Stock Exchange 's Main List , together with the old Series A shares , on July 3 , 2006 .",neutral,phrasebank,controlled_gold_split,neutral,0.0009189815,0.9979918,0.001089188
phrasebank_sentences_75agree_1000,A CUT ABOVE Bring the outdoors in with these birch-branch coasters .,neutral,phrasebank,controlled_gold_split,neutral,0.00096713705,0.96004057,0.038992226
phrasebank_sentences_allagree_722,"UPM-Kymmene www.upm-kymmene.com produces magazine papers and newsprint , as well as fine and specialty papers , converting materials and wood products .",neutral,phrasebank,controlled_gold_split,neutral,0.0015917876,0.9975351,0.0008730798
phrasebank_sentences_allagree_2078,He wore a black beanie-type cap and a black jacket .,neutral,phrasebank,controlled_gold_split,neutral,0.016971875,0.9811118,0.0019163172
phrasebank_sentences_75agree_1252,"In a release , the Company said that Vocollect T2 customers in North America can now take advantage of its Voice Directed Warehousing solution and increase warehouse efficiency and productivity gains at a discounted price .",positive,phrasebank,controlled_gold_split,positive,0.0019370958,0.004373847,0.99368894
phrasebank_sentences_allagree_1207,"Deliveries of Nokia 1112 , Nokia 2310 and Nokia 2610 are expected to start in the second quarter of 2006 .",neutral,phrasebank,controlled_gold_split,neutral,0.0006357965,0.996795,0.0025692335
phrasebank_sentences_75agree_1532,Finnish property investment company Citycon plans to issue directed subordinated convertible bonds to institutional investors .,neutral,phrasebank,controlled_gold_split,neutral,0.0006423072,0.99721634,0.0021413
phrasebank_sentences_allagree_1746,"The Company operates through four principal divisions : Consumer Packaging ; Office Papers ; Speciality Papers , as well as Market Pulp and Energy .",neutral,phrasebank,controlled_gold_split,neutral,0.0021242388,0.9970299,0.00084578944
phrasebank_sentences_allagree_1698,"Panostaja owns a 68.77 pct of share capital and the voting rights of Suomen Helasto shares following an exchange of shares which was carried out on May 30 , 2007 .",neutral,phrasebank,controlled_gold_split,neutral,0.00058034813,0.9973399,0.0020797343
phrasebank_sentences_allagree_1962,"The authorisation is in force until the end of the next Annual General Meeting and repeals the authorisation to acquire own shares given by the General Meeting held on April 4 , 2007 .",neutral,phrasebank,controlled_gold_split,neutral,0.006188475,0.9911447,0.0026668336
phrasebank_sentences_allagree_110,Diluted EPS rose to EUR3 .68 from EUR0 .50 .,positive,phrasebank,controlled_gold_split,positive,0.004026269,0.0030510824,0.99292254
phrasebank_sentences_allagree_1436,The financial statements release will be available after publishing on the Company 's internet pages at www.cargotec.com .,neutral,phrasebank,controlled_gold_split,neutral,0.0008716783,0.9978809,0.0012474027
phrasebank_sentences_allagree_430,Finnish handling systems company Cargotec Oyj ( HEL : CGCBV ) said today that it won a EUR 13 million ( USD 16.6 m ) contract to deliver MacGregor hatch covers for ships ordered by Norwegian shipowner Grieg Shipping .,positive,phrasebank,controlled_gold_split,positive,0.0038846484,0.0038393913,0.992276
phrasebank_sentences_allagree_1007,"Paychex has more than 100 offices serving approximately 554,000 payroll clients nationwide as of May 31 , 2009 .",neutral,phrasebank,controlled_gold_split,neutral,0.00059722806,0.9967158,0.0026870663
phrasebank_sentences_75agree_458,"By combining its existing solutions into a single platform , Comptel said that it has reduced the cost of deployment .",positive,phrasebank,controlled_gold_split,positive,0.00073003425,0.010685951,0.98858404
phrasebank_sentences_allagree_1462,The name of the newspaper publishing and printing division Sanoma will be changed to Sanoma News .,neutral,phrasebank,controlled_gold_split,neutral,0.0008814157,0.99727255,0.0018460199
phrasebank_sentences_50agree_462,"Vaisala Oyj Press Release September 30 , 2010 Vaisala has signed a contract to sell its oxygen measurement technology and business to SICK Maihak GmbH .",positive,phrasebank,controlled_gold_split,positive,0.0024708514,0.008473848,0.9890554
phrasebank_sentences_66agree_1742,Delhaize Le Lion has selected the Aldata G.O.L.D. Vocal PDA solution on the Motorola WT4090 PDA terminal .,neutral,phrasebank,controlled_gold_split,neutral,0.0004769063,0.99440336,0.005119721
phrasebank_sentences_75agree_2066,No financial detail were available .,neutral,phrasebank,controlled_gold_split,neutral,0.0018730749,0.9971739,0.0009529434
phrasebank_sentences_50agree_2134,It appears from statistics of the Technical Surveillance Authority that customers who switch service providers mostly transfer their numbers to Elisa 's network .,neutral,phrasebank,controlled_gold_split,neutral,0.004503759,0.9946325,0.0008637648
phrasebank_sentences_allagree_1471,"The objective is that trading in the shares will commence on May 2 , 2007 .",neutral,phrasebank,controlled_gold_split,neutral,0.00083514146,0.99803,0.001134834
phrasebank_sentences_allagree_1423,"The deal includes the entire personnel of PlanMill Oy , who will transfer to the new company as so-called old employees .",neutral,phrasebank,controlled_gold_split,neutral,0.0013290354,0.9977943,0.0008767247
phrasebank_sentences_allagree_1718,"That address also happens to house Italian megamart Eataly , meaning that `` Come on , kids , we 're going to the Toy Building ! ''",neutral,phrasebank,controlled_gold_split,neutral,0.0013092345,0.9964593,0.0022314372
phrasebank_sentences_allagree_545,"CapMan has four investment areas ( CapMan Buyout , CapMan Technology , CapMan Life Science and CapMan Real Estate ) , and each of them has a dedicated team .",neutral,phrasebank,controlled_gold_split,neutral,0.0006949661,0.997886,0.001419032
phrasebank_sentences_allagree_1744,The company has an annual turnover of EUR32 .8 m.,neutral,phrasebank,controlled_gold_split,neutral,0.0013762384,0.9975393,0.0010844498
phrasebank_sentences_allagree_840,"Pretax profit totalled EUR 2.0 mn , compared to a loss of EUR 159.2 mn in the fourth quarter of 2008 .",positive,phrasebank,controlled_gold_split,positive,0.008544854,0.0018733927,0.9895817
phrasebank_sentences_allagree_1959,Short-term licenses for the games cost as little as $ 3 while purchasing a game outright can cost as much as $ 10 or $ 15 .,neutral,phrasebank,controlled_gold_split,neutral,0.003304403,0.99551845,0.0011770711
phrasebank_sentences_allagree_1269,"ISMS does not disclose its financial results , the daily said .",neutral,phrasebank,controlled_gold_split,neutral,0.0018158302,0.9973847,0.0007994992
phrasebank_sentences_75agree_568,The objective of the planned measures is to achieve significant savings in the next few years .,positive,phrasebank,controlled_gold_split,positive,0.0008025975,0.011543398,0.98765403
phrasebank_sentences_50agree_186,"Editor 's note : Grimaldi generated a 1.7 bln euro ( $ 2.182 bln ) turnover in 2005 , ANSA reported on May 29 , 2006 .",neutral,phrasebank,controlled_gold_split,neutral,0.001811368,0.99687886,0.0013097858
phrasebank_sentences_50agree_139,"A structures BIM ( building information modeling ) software from Tekla , a model-based software provider , has been adopted for the construction management and delivery of a university project in Abu Dhabi .",neutral,phrasebank,controlled_gold_split,neutral,0.00085238897,0.831391,0.16775663
phrasebank_sentences_allagree_1610,"Cargotec 's sales totalled EUR 3.4 billion in 2008 and it employs approximately 11,000 people .",neutral,phrasebank,controlled_gold_split,neutral,0.00088371447,0.9979225,0.001193822
phrasebank_sentences_75agree_1814,"Swedbank Hypotek - Is to issue a benchmark , fixed rate covered deal in Euros , maturing January 2010 .",neutral,phrasebank,controlled_gold_split,neutral,0.0006177429,0.9972843,0.0020979766
phrasebank_sentences_75agree_870,LSC 's 30 employees will move to Ixonos with their existing status and benefits .,neutral,phrasebank,controlled_gold_split,neutral,0.00070064183,0.99625885,0.0030404786
phrasebank_sentences_50agree_713,Both loans will be used to finance strategic investments such as shopping center redevelopment projects and refinancing of maturing debt .,positive,phrasebank,controlled_gold_split,neutral,0.00058840046,0.98390317,0.015508387
phrasebank_sentences_allagree_176,Orders received grew by 55 % year-on-year to EUR732m .,positive,phrasebank,controlled_gold_split,positive,0.0030926713,0.002175966,0.9947313
phrasebank_sentences_66agree_404,The companies ' aim is to finalize the negotiations and sign the contracts at the start of October 2008 .,neutral,phrasebank,controlled_gold_split,neutral,0.0005465704,0.9901545,0.009298864
phrasebank_sentences_66agree_3089,Earnings per share EPS in 2005 amounted to a loss of EUR1 .26 .,neutral,phrasebank,controlled_gold_split,negative,0.95165277,0.04719528,0.0011518892
phrasebank_sentences_75agree_1344,CORPORATE IT UPDATE - ( C ) 1995-2009 M2 COMMUNICATIONS LTD Finnish technology group Teleste Corporation ( OMX Helsinki : TLT1V ) reported on Wednesday ( 4 February ) an operating profit of EUR5 .6 m on net sales of EUR108 .7 m for the year 2008 .,neutral,phrasebank,controlled_gold_split,neutral,0.00147596,0.99523664,0.0032873766
phrasebank_sentences_66agree_367,YIT Construction and the town of Riihim+ñki have signed a lease contract whereby the town will occupy the Travel Centre office facilities .,positive,phrasebank,controlled_gold_split,positive,0.0018431298,0.013084469,0.9850723
phrasebank_sentences_50agree_2420,Benefon 's target is to lay off temporarily of permanently up to 20 % of the Salo plant 's staff .,negative,phrasebank,controlled_gold_split,negative,0.9920609,0.006212369,0.001726798
phrasebank_sentences_allagree_1044,"The business area has operations in Finland , Sweden , Denmark , Estonia , Latvia and Lithuania .",neutral,phrasebank,controlled_gold_split,neutral,0.0012644033,0.99774605,0.0009895383
phrasebank_sentences_75agree_2230,The Finnish paints company acquired the remaining 49 pct that it did not own from Ukraine 's LGU for an undisclosed sum .,neutral,phrasebank,controlled_gold_split,neutral,0.0012290366,0.9976968,0.0010740806
phrasebank_sentences_50agree_995,The world 's biggest magazine paper maker said the program to improve efficiency will include closing several of its least competitive mills and would cover all the company 's operations resulting in annual savings of some euro200 million US$ 240 million .,positive,phrasebank,controlled_gold_split,positive,0.0030398068,0.0038351782,0.99312496
phrasebank_sentences_50agree_500,One of the challenges in the oil production in the North Sea is scale formation that can plug pipelines and halt production .,negative,phrasebank,controlled_gold_split,negative,0.6112914,0.3844088,0.004299688
phrasebank_sentences_75agree_1055,Pharmaceuticals - Netherlands This brand-new market analysis gives a clear overview of the actual situation and future outlook of the pharmaceutical market in Netherlands .,neutral,phrasebank,controlled_gold_split,neutral,0.0010084913,0.9971884,0.0018031046
phrasebank_sentences_allagree_2198,"In September alone , the market declined by 10.2 percent year-on-year to 19.28 million liters .",negative,phrasebank,controlled_gold_split,negative,0.9933123,0.005351689,0.0013360493
phrasebank_sentences_75agree_936,"The important thing now is to keep the bank 's existing 15,000 customers .",neutral,phrasebank,controlled_gold_split,neutral,0.0005303511,0.9912702,0.008199435
phrasebank_sentences_75agree_1349,Elektrobit ( EB ) has renewed its IT infrastructure contract with ICT services provider Fujitsu Services for EB 's Patja service .,positive,phrasebank,controlled_gold_split,positive,0.0026102252,0.004278392,0.9931114
phrasebank_sentences_allagree_1252,"In addition , MIDs are always online and enable full Internet browsing .",neutral,phrasebank,controlled_gold_split,neutral,0.0007998182,0.99778265,0.0014175001
phrasebank_sentences_allagree_697,The deal was worth about EUR 1.2 mn .,neutral,phrasebank,controlled_gold_split,neutral,0.0010636537,0.99770725,0.0012290495
phrasebank_sentences_allagree_1523,"The transaction is subject to a final agreement between the parties , approvals of their decision-making bodies and approval by the Finnish Competition Authority .",neutral,phrasebank,controlled_gold_split,neutral,0.0005821249,0.99649316,0.0029246872
phrasebank_sentences_75agree_2498,"Economic development in China is no longer taking place only on the East coast and in the Shanghai area , Vauramo says .",neutral,phrasebank,controlled_gold_split,neutral,0.00059869816,0.9952739,0.0041274773
phrasebank_sentences_allagree_1785,The final outcome of the rights offering is to be reported around 23 October 2009 .,neutral,phrasebank,controlled_gold_split,neutral,0.0007813952,0.9979164,0.0013022167
phrasebank_sentences_75agree_2400,"Upon completion of these transactions , Metso 's stake will amount to more than 60 % .",neutral,phrasebank,controlled_gold_split,neutral,0.0005430027,0.9972325,0.0022244623
phrasebank_sentences_75agree_2278,The order is a follow-on to an 11 mln euro ( $ 16.1 mln ) deal made in July 2007 .,neutral,phrasebank,controlled_gold_split,neutral,0.00063160394,0.990222,0.009146386
phrasebank_sentences_75agree_2120,"SAN FRANCISCO ( MarketWatch ) -- Nokia Corp , the world 's largest cell-phone maker , is using the Consumer Electronics Show in Las Vegas to introduce a high-end , thin folding phone , according to a media report Monday .",neutral,phrasebank,controlled_gold_split,neutral,0.0010716526,0.9780964,0.020831935
phrasebank_sentences_allagree_930,All YIT Capital Markets Day materials will be available on the company 's Internet site at www.yitgroup.com/investors at 10:30 on September 26 .,neutral,phrasebank,controlled_gold_split,neutral,0.0011061656,0.99783415,0.0010596417
phrasebank_sentences_allagree_1945,Atria said its offer would give the Swedish company continued ownership and control of its slaughtering and cutting operations .,neutral,phrasebank,controlled_gold_split,neutral,0.0004604784,0.9886947,0.01084485
phrasebank_sentences_allagree_1041,The Board of Directors was authorized to decide on other terms of the share issue .,neutral,phrasebank,controlled_gold_split,neutral,0.0008137673,0.9974952,0.0016910752
phrasebank_sentences_allagree_593,Shuweihat 2 got under way in July 2008 when the project was awarded to desalination and power contractors .,neutral,phrasebank,controlled_gold_split,positive,0.0013459676,0.46354803,0.53510594
phrasebank_sentences_75agree_1436,"The Group 's revenue amounts to over EUR 80 million , about half of which is accounted for by exports .",neutral,phrasebank,controlled_gold_split,neutral,0.0006746979,0.99758554,0.0017398092
phrasebank_sentences_66agree_2880,The sale of the food potato business is part of Raisio 's plan to streamline and clarify its business operations .,neutral,phrasebank,controlled_gold_split,neutral,0.0008838857,0.9105716,0.08854458
phrasebank_sentences_66agree_1432,"Via the plant , the Belgian company will feed 8.4 MW of electricity into the distribution grid and will be able to deliver up to 14 MW of heat .",neutral,phrasebank,controlled_gold_split,positive,0.00094747264,0.036228336,0.9628242
phrasebank_sentences_75agree_3041,"`` Soon after , the collisions started . ''",neutral,phrasebank,controlled_gold_split,neutral,0.027764939,0.9293786,0.042856447
phrasebank_sentences_66agree_1765,"However , he expects banks to provide alternative financing .",positive,phrasebank,controlled_gold_split,positive,0.0011828121,0.344036,0.65478116
phrasebank_sentences_75agree_2330,The shares subscribed will be eligible for trade on the following day from the registration .,neutral,phrasebank,controlled_gold_split,neutral,0.000666265,0.99672925,0.0026044294
phrasebank_sentences_66agree_1666,Both companies ' existing investment plans will be coordinated .,neutral,phrasebank,controlled_gold_split,positive,0.0012828454,0.19557345,0.80314374
phrasebank_sentences_allagree_114,"EUR928 ,000 in Q1 2010 6 May 2010 - Finnish textile and clothing design company Marimekko Oyj ( HEL : MMO1V ) said today its net profit rose to EUR928 ,000 in the first quarter of 2010 from EUR13 ,000 in the corresponding period a year earlier .",positive,phrasebank,controlled_gold_split,positive,0.0041797184,0.0026054038,0.99321485
phrasebank_sentences_50agree_3172,"The business goals for 2009 will realize with the temporary lay-offs carried out in the summer of 2009 , and with other savings measures .",neutral,phrasebank,controlled_gold_split,neutral,0.0022185298,0.6929691,0.30481234
phrasebank_sentences_allagree_449,"The original name Componenta +àm+Ñl , as a subsidiary of the Finnish Componenta Group , has been changed to +àm+Ñl Components and the company has seen a 63 % growth in Q1 2010 , in comparison to Q1 2009 .",positive,phrasebank,controlled_gold_split,positive,0.0019391879,0.0032986698,0.9947621
phrasebank_sentences_66agree_1103,One attractive factor about the tablets for media companies is that they provide a new way of making money .,positive,phrasebank,controlled_gold_split,neutral,0.0007715637,0.91487634,0.08435211
phrasebank_sentences_66agree_1321,"One of the opportunities would be to bring all Baltic meat processing to Rakvere , like processing was concentrated at the Vantaa meat-packing unit in Finland , the paper wrote .",neutral,phrasebank,controlled_gold_split,neutral,0.00054573244,0.98863643,0.010817767
phrasebank_sentences_allagree_1078,"The fish content of the nuggets is 85 % , and the fish comes from Canada and Finland .",neutral,phrasebank,controlled_gold_split,neutral,0.0008817291,0.9976272,0.0014911093
phrasebank_sentences_66agree_451,The company plans to spend the proceeds from the rights offering for strengthening its balance sheet .,neutral,phrasebank,controlled_gold_split,positive,0.00232707,0.004156561,0.99351645
phrasebank_sentences_allagree_607,The company is studying the feasibility of focusing most of its processed meat production in the Vantaa facilities and the processing of fresh meat in the Forssa facilities .,neutral,phrasebank,controlled_gold_split,neutral,0.00051366485,0.99249506,0.006991224
phrasebank_sentences_allagree_984,"Iso Omena is based in the Matinkyla district of the southern part of the city of Espoo , southern Finland .",neutral,phrasebank,controlled_gold_split,neutral,0.0017004994,0.99719405,0.0011054559
phrasebank_sentences_75agree_2941,"It would be premature to talk about dates , volume and the investment procedure , '' he said .",neutral,phrasebank,controlled_gold_split,neutral,0.034585547,0.963982,0.0014324036
phrasebank_sentences_75agree_1290,"For 2009 , Incap expects revenue of some EUR 70 million .",neutral,phrasebank,controlled_gold_split,neutral,0.00061744027,0.9967957,0.0025868586
phrasebank_sentences_allagree_2156,Net sales fell by 33 % from the third quarter of 2008 to EUR 130.5 mn .,negative,phrasebank,controlled_gold_split,negative,0.9938957,0.004513627,0.0015906333
phrasebank_sentences_allagree_31,"The company 's order book stood at 1.5 bln euro $ 2.2 bln on September 30 , 2007 , up by 24.2 pct on the year , with international orders amounting to 365 mln euro $ 534.3 mln .",positive,phrasebank,controlled_gold_split,positive,0.0030445517,0.002280264,0.99467516
phrasebank_sentences_75agree_1128,"Wayne Greensmith , Fiskars Brands UK senior brand manager , said : `` We have launched this as we want to give something back to the community .",neutral,phrasebank,controlled_gold_split,neutral,0.00058702944,0.94955325,0.049859762
phrasebank_sentences_allagree_565,"It is a member of the OneWorld alliance , which includes American Airlines and British Airways .",neutral,phrasebank,controlled_gold_split,neutral,0.00051775115,0.99454594,0.0049363305
phrasebank_sentences_allagree_2151,Market share decreased on the route between Helsinki in Finland and Tallinn in Estonia by 0.1 percentage points to 24.8 % .,negative,phrasebank,controlled_gold_split,negative,0.9919037,0.0066508404,0.0014453854
phrasebank_sentences_75agree_1087,"The contracts awarded to date , in connection with the system , amount to a total EUR 36 million .",neutral,phrasebank,controlled_gold_split,neutral,0.000847593,0.9779187,0.021233764
phrasebank_sentences_allagree_1027,"SSH Communications Security Corporation is headquartered in Helsinki , Finland .",neutral,phrasebank,controlled_gold_split,neutral,0.0017645741,0.99707246,0.0011629004
phrasebank_sentences_allagree_1915,EBIT excluding non-recurring items was estimated to increase from 2009 .,positive,phrasebank,controlled_gold_split,positive,0.002718203,0.0027076057,0.99457425
phrasebank_sentences_50agree_1911,"Sami Sepp+ñnen , CEO for Elisa Eesti , says the novel network allows fast mobile broadband for sparsely populated areas .",neutral,phrasebank,controlled_gold_split,neutral,0.000641756,0.932345,0.06701325
phrasebank_sentences_75agree_2307,The proposed consolidation activities will impact approximately 30 positions .,neutral,phrasebank,controlled_gold_split,neutral,0.0019606776,0.99698466,0.0010546119
phrasebank_sentences_75agree_3148,Ramirent made 18 million kroons EUR 1.15 mln loss last year ; the year before the company was 7.3 million kroons in the black .,negative,phrasebank,controlled_gold_split,negative,0.9909368,0.007529043,0.0015341057
phrasebank_sentences_66agree_2683,"Talvivaara Mining Company PLC ( Talvivaara Mining ) ( LSE : TALV ) , a Finland-based nickel mining business , has installed its second production line at its metals recovery plant on June 9 , 2010 .",neutral,phrasebank,controlled_gold_split,neutral,0.0010907539,0.95926374,0.039645538
phrasebank_sentences_75agree_2816,"Under Finnish law , Parliament grants licences to build nuclear power plants .",neutral,phrasebank,controlled_gold_split,neutral,0.0005531137,0.99227047,0.0071763904
phrasebank_sentences_50agree_2392,After that the two companies sat down and sewed up the present deal .,neutral,phrasebank,controlled_gold_split,neutral,0.0011923969,0.99673116,0.002076436
phrasebank_sentences_66agree_3841,The maritime administration said the ships had ignored warnings about the icy conditions .,negative,phrasebank,controlled_gold_split,negative,0.7539829,0.2244605,0.021556605
phrasebank_sentences_75agree_2782,"The total value of the agreement is USD4 .0 m , the company said .",neutral,phrasebank,controlled_gold_split,neutral,0.0009370112,0.99789006,0.0011729822
phrasebank_sentences_50agree_3914,The through service of FESCO is a telling example of strengthening the relationship between logistics companies and operators at the international level .,positive,phrasebank,controlled_gold_split,positive,0.001311174,0.004643978,0.99404484
phrasebank_sentences_allagree_706,"The record date for dividend distribution is March 14 , 2008 .",neutral,phrasebank,controlled_gold_split,neutral,0.001431293,0.99770063,0.00086812314
phrasebank_sentences_66agree_1456,Mr Lee said he hoped that Neste 's move will ` pave the way for more collaboration projects between our two countries ' .,positive,phrasebank,controlled_gold_split,positive,0.0021134065,0.00497174,0.9929148
phrasebank_sentences_allagree_862,"Finnish broadband data communication systems provider Teleste Oyj HEL : TLT1V said yesterday it returned to a net profit of EUR 2.7 million USD 3.8 m for the first nine months of 2010 versus a net loss of EUR 579,000 for the same period of 2009 .",positive,phrasebank,controlled_gold_split,positive,0.012626928,0.001770015,0.985603
phrasebank_sentences_allagree_1407,"The Company serves approximately 3,000 customers in over 100 countries .",neutral,phrasebank,controlled_gold_split,neutral,0.00044592322,0.9955835,0.003970591
phrasebank_sentences_50agree_3152,"Thanks to the development of a system that enables it to trace the origin of all the palm oil that it uses , it knows exactly where and how its palm oil has been produced .",neutral,phrasebank,controlled_gold_split,neutral,0.00050046184,0.9802956,0.01920393
phrasebank_sentences_allagree_183,"Pre-tax profit totaled EUR 397.4 mn , up from EUR 164.7 mn .",positive,phrasebank,controlled_gold_split,positive,0.0037063172,0.0021959203,0.9940978
phrasebank_sentences_66agree_4183,The winner does not have to be present to win .,neutral,phrasebank,controlled_gold_split,neutral,0.0014192985,0.99709916,0.0014816131
phrasebank_sentences_allagree_2246,"Qualcomm estimated a first-quarter profit between 46 and 50 cents a share , excluding certain items , below the analyst estimate of 61 cents a share .",negative,phrasebank,controlled_gold_split,negative,0.9932886,0.0052123,0.0014991937
phrasebank_sentences_66agree_2582,"Metso Oyj said it has sold its spreader roll manufacturing business and related assets in the town of Nokia , southern Finland , to a group of Finnish investors , who will operate the business under the name of Finbow Oy .",neutral,phrasebank,controlled_gold_split,neutral,0.0010678453,0.99773383,0.0011982679
phrasebank_sentences_75agree_3426,"Because expenditures must be justified to pass budget approval hurdles , we believe our RoP model can help make it easier for IT and IT security practitioners to make the business case for acquiring enabling security technologies and related control activities .",neutral,phrasebank,controlled_gold_split,positive,0.0012228054,0.008075567,0.99070156
phrasebank_sentences_66agree_1747,European traffic grew nearly 30 % .,positive,phrasebank,controlled_gold_split,positive,0.0016148802,0.003040656,0.99534446
phrasebank_sentences_50agree_1702,Finnish plumbing and heating systems supplier Uponor announced a company-wide cost reduction program in August 2008 .,neutral,phrasebank,controlled_gold_split,negative,0.5364199,0.038199693,0.42538035
phrasebank_sentences_allagree_329,"26 January 2011 - Finnish metal products company Componenta Oyj ( HEL : CTH1V ) said yesterday its net loss narrowed to EUR500 ,000 in the last quarter of 2010 from EUR5 .3 m for the same period a year earlier .",positive,phrasebank,controlled_gold_split,positive,0.008545526,0.0027608129,0.98869365
phrasebank_sentences_50agree_3976,"We bring a new , committed leadership and business and strategic know-how to the company that we buy .",neutral,phrasebank,controlled_gold_split,positive,0.0012548259,0.44762233,0.55112284
phrasebank_sentences_75agree_3047,And Ogden reportedly will shell out $ 4.2 million .,neutral,phrasebank,controlled_gold_split,neutral,0.0011907922,0.99733585,0.0014733069
phrasebank_sentences_50agree_1892,Being successful requires providing a level of quality that satisfies our customers and partners .,neutral,phrasebank,controlled_gold_split,neutral,0.0006294313,0.9772257,0.022144923
phrasebank_sentences_50agree_1162,"Aho is proud of the company 's new product , Lordi-Cola .",neutral,phrasebank,controlled_gold_split,positive,0.0010462063,0.011845267,0.9871085
phrasebank_sentences_allagree_356,"ADPnews - Feb 5 , 2010 - Finnish real estate investor Sponda Oyj HEL : SDA1V said today that it slipped to a net loss of EUR 81.5 million USD 11.8 m in 2009 from a profit of EUR 29.3 million in 2008 .",negative,phrasebank,controlled_gold_split,negative,0.9936668,0.0049755056,0.0013575733
phrasebank_sentences_66agree_2849,"The permanent magnet generators and power converters are today the preferred solution in new wind turbine designs , the company said .",neutral,phrasebank,controlled_gold_split,neutral,0.00043694492,0.98703754,0.012525477
phrasebank_sentences_75agree_2127,Solidium now holds 5.0 per cent of the shares Solidium Oy has acquired 5.0 per cent of the shares in Tieto Corporation for approximately EUR 58 million .,neutral,phrasebank,controlled_gold_split,neutral,0.0008330574,0.99748576,0.0016811796
phrasebank_sentences_allagree_1603,"Based on the 2005 calendar year the combined company had EUR15 .8 bn in pro forma annual revenues and is expected to start operations with 60,000 employees .",neutral,phrasebank,controlled_gold_split,neutral,0.0005881059,0.99694794,0.0024639575
phrasebank_sentences_allagree_1994,Filmiteollisuus Fine Ab will be transferred to Talentum Oyj in the form of a subsidiary .,neutral,phrasebank,controlled_gold_split,neutral,0.0009098707,0.9977944,0.0012957152
phrasebank_sentences_allagree_2091,"As part of the transaction , M-real and Sappi have also signed a long-term agreement on the supply of pulp and BCTMP and other smaller services and supplies .",positive,phrasebank,controlled_gold_split,positive,0.0021214886,0.008923083,0.98895544
phrasebank_sentences_allagree_1400,The company reiterates its outlook for 2009 .,neutral,phrasebank,controlled_gold_split,neutral,0.0009847822,0.9968368,0.0021784431
phrasebank_sentences_75agree_312,"The airline has ordered nine Airbus A350-900 aircraft with deliveries from 2011 , and in doing so becomes the lead airline for the latest variant of Rolls-Royce Trent series engines , called the 1700 .",positive,phrasebank,controlled_gold_split,positive,0.0011399728,0.0137796365,0.9850803
phrasebank_sentences_allagree_2022,"Finnair 's passenger load factor , which measures the number of sold seats as a share of all available seats , dropped by 1.3 percentage points to 76.7 % in September .",negative,phrasebank,controlled_gold_split,negative,0.9935276,0.004931276,0.0015411237
phrasebank_sentences_allagree_766,The Moscow Metro ( www.mosmetro.ru ) was the first metro system in Europe to implement smart cards together with a new type of magnetic card in 1998 .,neutral,phrasebank,controlled_gold_split,neutral,0.000491011,0.9845916,0.01491742
phrasebank_sentences_75agree_916,"The company designs and manufactures high-quality clothing , interior decoration textiles , bags , and other accessories .",neutral,phrasebank,controlled_gold_split,neutral,0.0010125962,0.99734384,0.0016436058
phrasebank_sentences_allagree_1479,The plant is expected to start production in the first half of 2007 .,neutral,phrasebank,controlled_gold_split,neutral,0.0007493449,0.99705255,0.0021981497
phrasebank_sentences_66agree_721,"According to Schmardin , Nordea will most likely try to win customers over from other pension fund providers .",positive,phrasebank,controlled_gold_split,positive,0.0012981503,0.044810582,0.95389134
phrasebank_sentences_allagree_1991,"After the split , the company would have 26,885,540 Series A shares and 9,540,000 Series K shares .",neutral,phrasebank,controlled_gold_split,neutral,0.0007783995,0.99798137,0.0012402401
phrasebank_sentences_75agree_8,"A purchase agreement for 7,200 tons of gasoline with delivery at the Hamina terminal , Finland , was signed with Neste Oil OYj at the average Platts index for this September plus eight US dollars per month .",positive,phrasebank,controlled_gold_split,positive,0.0017772076,0.018231818,0.97999096
phrasebank_sentences_75agree_578,"Finnish construction group YIT has been awarded a contract to install heating , air conditioning and cooling systems to the new head office of the automobile association ADAC in Munich in Germany .",positive,phrasebank,controlled_gold_split,positive,0.0040632957,0.0036210355,0.99231565
phrasebank_sentences_allagree_991,"L&T is operative in Finland , Sweden , Latvia , Russia and Norway .",neutral,phrasebank,controlled_gold_split,neutral,0.0009407006,0.9979134,0.0011458369
phrasebank_sentences_allagree_209,"`` BasWare 's product sales grew strongly in the financial period , by 24 percent .",positive,phrasebank,controlled_gold_split,positive,0.00247658,0.0022949397,0.9952284
phrasebank_sentences_allagree_1757,The customer is local company Etera Mutual Pension Insurance Co and the principal tenant of the unit will be media company Alma Media Corp HEL : ALN1V .,neutral,phrasebank,controlled_gold_split,neutral,0.0012006129,0.99773574,0.0010636841
phrasebank_sentences_66agree_247,"Press release 9 October 2009 Ruukki has signed a contract to deliver and install the steel structures for a bridge over the Kyronsalmi strait in Savonlinna , Finland .",positive,phrasebank,controlled_gold_split,positive,0.0036827528,0.0046736565,0.9916435
phrasebank_sentences_66agree_3787,Border Guard Service has banned the mooring of the company car-shipping ferry on its test travel at the railroad-car terminal of the Russian port as the border checkpoint is not yet ready .,negative,phrasebank,controlled_gold_split,negative,0.94108367,0.05695973,0.0019566831
phrasebank_sentences_allagree_1712,"Since the registration of the shares subscribed in a directed share issue , the new number of Panostaja shares and voting rights is 41,733,110 .",neutral,phrasebank,controlled_gold_split,neutral,0.0008252507,0.9978352,0.001339514
phrasebank_sentences_75agree_1314,The company 's net sales in 2010 totalled MEUR 311.4 with an operating margin of 13.9 per cent .,neutral,phrasebank,controlled_gold_split,neutral,0.0012705469,0.99771047,0.0010189211
phrasebank_sentences_allagree_1652,"In addition to verification of an identity and digital signatures , new state-approved Mobile ID enables to cast votes in elections as well .",neutral,phrasebank,controlled_gold_split,neutral,0.00051219825,0.99159604,0.007891765
phrasebank_sentences_50agree_1855,L&T has also made a commitment to redeem the remaining shares by the end of 2011 .,neutral,phrasebank,controlled_gold_split,neutral,0.00054003677,0.9937245,0.0057355
phrasebank_sentences_75agree_71,An individual promotion also generated slightly higher-than-expected revenues .,positive,phrasebank,controlled_gold_split,positive,0.0030212074,0.002188882,0.99478996
phrasebank_sentences_allagree_256,The group 's 12-month operating profit grew 31 percent to 337.8 million euros .,positive,phrasebank,controlled_gold_split,positive,0.0024909733,0.0023446279,0.9951644
phrasebank_sentences_50agree_1873,The winners included the Honda Odyssey for minivan and the Nissan Armada for large SUV .,neutral,phrasebank,controlled_gold_split,neutral,0.0010923224,0.9568979,0.04200981
phrasebank_sentences_allagree_2138,"Finnish financial software solutions developer BasWare Oyj said its net profit fell to 884,000 euro ( $ 1.2 mln ) for the first quarter of 2007 from 2.0 mln euro ( $ 2.7 mln ) a year earlier .",negative,phrasebank,controlled_gold_split,negative,0.9939038,0.004795395,0.0013007858
phrasebank_sentences_allagree_925,"According to the Finnish-Russian Chamber of Commerce , all the major construction companies of Finland are operating in Russia .",neutral,phrasebank,controlled_gold_split,neutral,0.0011936955,0.9978167,0.0009896084
phrasebank_sentences_allagree_666,"It operates under three distinct brands : United Supermarkets , Market Street and United Supermercado .",neutral,phrasebank,controlled_gold_split,neutral,0.0012980668,0.9976548,0.0010471082
phrasebank_sentences_allagree_1813,"The remaining amount will be funded through debt , the Danish bank said .",neutral,phrasebank,controlled_gold_split,neutral,0.00075877685,0.99784017,0.0014010665
phrasebank_sentences_allagree_234,"October-December sales were 302 mln eur , or a 25.3 pct increase year on year .",positive,phrasebank,controlled_gold_split,positive,0.0042458284,0.0024717376,0.99328244
phrasebank_sentences_75agree_887,Production at the plant will be based on Neste Oil 's proprietary technology that can use a flexible input of any vegetable oil or animal fat .,neutral,phrasebank,controlled_gold_split,neutral,0.00045065026,0.9963595,0.0031898299
phrasebank_sentences_75agree_344,"As earlier reported , Nokian Tyres is building a plant in the town of Vsevolozhsk in Russia 's Leningrad Region with an annual production capacity of 4 million tires .",neutral,phrasebank,controlled_gold_split,neutral,0.00066404534,0.9953507,0.0039851996
phrasebank_sentences_50agree_1850,In his turn Fradkov said Russia is interested in adopting Finnish experience in forming technology parks in the framework of implementing the law on special economic zone .,neutral,phrasebank,controlled_gold_split,neutral,0.00048765133,0.9778546,0.021657752
phrasebank_sentences_75agree_1313,"The company reported net sales of EUR550m in 2005 and had some 3,200 employees .",neutral,phrasebank,controlled_gold_split,neutral,0.0011959575,0.9977569,0.0010472154
phrasebank_sentences_75agree_2605,One of the largest projects of the magazine division of SanomaWSOY - Sanoma Magazines International in 2006 became launch of the Russian magazine Gloriya .,neutral,phrasebank,controlled_gold_split,neutral,0.0007439683,0.99766254,0.0015935464
phrasebank_sentences_allagree_1255,"In the fourth quarter of 2006 , OKO Banks expects the operating environment for Banking and Investment Services to remain similar to that in January-September 2006 .",neutral,phrasebank,controlled_gold_split,neutral,0.0007484833,0.9633818,0.035869665
phrasebank_sentences_75agree_2351,The use of validation rule base enables verifying that processing rule bases managed by different administrators fulfil some set requirements .,neutral,phrasebank,controlled_gold_split,neutral,0.0007182771,0.9976757,0.0016060659
phrasebank_sentences_allagree_617,"The Lemminkainen Group , headquartered in Helsinki , Finland operates in all sectors of the construction industry : civil engineering , building contracting , technical building services and the building materials industry .",neutral,phrasebank,controlled_gold_split,neutral,0.0017409613,0.99727184,0.000987138
phrasebank_sentences_allagree_1474,The order is included in Metso 's fourth quarter 2007 order backlog .,neutral,phrasebank,controlled_gold_split,neutral,0.006199609,0.99292797,0.00087244884
phrasebank_sentences_allagree_1182,"Berling Capital , Umo Capital and Veikko Laine are the biggest shareholders in Amanda Capital .",neutral,phrasebank,controlled_gold_split,neutral,0.00072248135,0.9976526,0.0016249601
phrasebank_sentences_50agree_270,Previously the company has estimated its operating profit to reach the level of 2005 only .,positive,phrasebank,controlled_gold_split,neutral,0.0013027148,0.9837812,0.014916063
phrasebank_sentences_75agree_1541,"According to the report , Elisa 's and DNA 's joint market share of Finland 's telecom market is 59 % .",neutral,phrasebank,controlled_gold_split,neutral,0.00050595566,0.99493575,0.0045582373
phrasebank_sentences_allagree_961,"Ethanol would be made from barley , and production could start in 2008 .",neutral,phrasebank,controlled_gold_split,neutral,0.0005588735,0.99674606,0.002695032
phrasebank_sentences_allagree_658,From Merisatama to the far corners of the world Asfaltti Osakeyhti+Â Lemmink+ñinen was established in 1910 by a group of master builders in Helsinki as a specialist business and subcontractor .,neutral,phrasebank,controlled_gold_split,neutral,0.00072942267,0.9974492,0.0018212757
phrasebank_sentences_allagree_1637,"For 2009 , net profit was EUR 3 million and the company paid a dividend of EUR 1.30 apiece .",neutral,phrasebank,controlled_gold_split,neutral,0.0011433276,0.99767476,0.0011819269
phrasebank_sentences_50agree_4581,"Operating profit for the 12-month period decreased from EUR5 .4 m while net sales increased from EUR62 .0 m , as compared to the financial year 2004 .",negative,phrasebank,controlled_gold_split,negative,0.9914358,0.007326071,0.0012381364
phrasebank_sentences_66agree_494,Lemcon signed an investment cooperation agreement with the Kaluga regional administration last November .,positive,phrasebank,controlled_gold_split,positive,0.0027295193,0.006327757,0.9909428
phrasebank_sentences_75agree_1234,"Luxembourg-registered investment fund Amber Trust II has won the final approval of Lithuania 's Competition Council to acquire 29.6 percent of Sanitas , the country 's largest pharmaceutical producer .",positive,phrasebank,controlled_gold_split,positive,0.0021162215,0.0055864016,0.99229735
phrasebank_sentences_66agree_2864,The prices of stainless steel also rose in Europe .,neutral,phrasebank,controlled_gold_split,positive,0.0017929138,0.007622525,0.99058455
phrasebank_sentences_50agree_1128,"`` Installation of the automatic varnishing line is an important part of the company 's strategy in the region of central and eastern Europe , '' said Jozef Misurec , the director of Ruukki Slovakia .",positive,phrasebank,controlled_gold_split,positive,0.0010247981,0.24447306,0.7545022
phrasebank_sentences_75agree_704,"The launch of the plant in June went well , and it has been producing the advanced fuel for a couple of weeks .",positive,phrasebank,controlled_gold_split,positive,0.0014746941,0.00801897,0.99050635
phrasebank_sentences_allagree_1781,"The facility will have a lettable area of some 19,000 sq m. The plot for the plant , located in the Ratasmaki business park , will be purchased from the City of Forssa .",neutral,phrasebank,controlled_gold_split,neutral,0.0006722167,0.99780697,0.0015207927
phrasebank_sentences_75agree_1365,"In 2007 , Huhtamaki will continue to invest in organic growth .",neutral,phrasebank,controlled_gold_split,neutral,0.0004832533,0.9823751,0.017141651
phrasebank_sentences_50agree_1806,It helps our stakeholders get a better understanding of our operations and the challenges in stainless steel business .,neutral,phrasebank,controlled_gold_split,positive,0.0006508084,0.050152306,0.9491969
phrasebank_sentences_66agree_2389,"As a result , the company has decided it will implement fixed-term temporary lay-offs .",negative,phrasebank,controlled_gold_split,negative,0.98934174,0.008215513,0.0024427723
phrasebank_sentences_allagree_241,Production capacity will increase from 36 000 to 85 000 tonnes per year and the raw material will continue to be recycled paper and board .,positive,phrasebank,controlled_gold_split,positive,0.0016893368,0.006694519,0.9916161
phrasebank_sentences_50agree_4296,`` The rest of this week 's tapings of Jimmy Kimmel Live have been canceled until he is back on his feet .,neutral,phrasebank,controlled_gold_split,neutral,0.23375106,0.7634522,0.002796799
phrasebank_sentences_allagree_1930,"Initial estimated total value of the contract was 250 000 Euros , excluding VAT .",neutral,phrasebank,controlled_gold_split,neutral,0.001217279,0.99784946,0.0009333202
phrasebank_sentences_allagree_233,"Nevertheless , its market share rose to 49.14 percent from 48.51 percent a year earlier .",positive,phrasebank,controlled_gold_split,positive,0.0033344815,0.002818905,0.9938466
phrasebank_sentences_75agree_1707,The category was marked by maturity and the recession .,neutral,phrasebank,controlled_gold_split,neutral,0.010605402,0.9878622,0.0015323359
phrasebank_sentences_66agree_3041,"ALEXANDRIA , Va. , Nov. 5 -- Risto Kontturi of Rajamaki , Finland , and Jari Ylinen of Hyvinkaa , Finland , have developed an automated transportation system with a user-controlled transport selection .",neutral,phrasebank,controlled_gold_split,neutral,0.0006028822,0.9963741,0.003023065
phrasebank_sentences_50agree_324,Componenta 's objective with this agreement is to increase business on its existing production lines .,positive,phrasebank,controlled_gold_split,positive,0.00076250714,0.015886627,0.9833508
phrasebank_sentences_75agree_1062,RusHydro has an agreement to transfer its stakes in OESK and the five ERCs into the trust management of Inter RAO .,neutral,phrasebank,controlled_gold_split,neutral,0.0005008189,0.990622,0.008877227
phrasebank_sentences_75agree_1429,"The company targets sales of Ls 27.1 mn ( Ls 23.498 mn ) and a profit of Ls 300,000 ( Ls 371,500 ) in 2007 .",neutral,phrasebank,controlled_gold_split,neutral,0.00071648305,0.9835896,0.015693856
phrasebank_sentences_allagree_809,"The price of raw material aluminium went up at the end of 2005 , but the company considers its outlook for 2006 favourable .",positive,phrasebank,controlled_gold_split,positive,0.0016398641,0.0032868374,0.9950734
phrasebank_sentences_66agree_1466,"`` I 'm pleased to receive the Nomination Committee 's request and confidence , '' says Jon Risfelt .",positive,phrasebank,controlled_gold_split,positive,0.0035456514,0.0056328326,0.9908215
phrasebank_sentences_66agree_397,"KAUKO-TELKO LTD PRESS RELEASE 19.06.2007 AT 14.00 1 ( 1 ) Telko Group ( Kauko-Telko ) is expanding its strategic partnership with BP Industrial Lubricants & Services ( BP ILS ) by acquiring total ownership of BP 's Swedish retail company , Molub-Alloy AB .",positive,phrasebank,controlled_gold_split,positive,0.0010341327,0.025152802,0.97381306
phrasebank_sentences_75agree_3060,"In the spring 2006 , a total of 386,530 Stock Options 2002 B were annulled .",neutral,phrasebank,controlled_gold_split,neutral,0.07499045,0.9229866,0.0020229723
phrasebank_sentences_66agree_425,"Baltic Pearl CJSC , a subsidiary of Shanghai Foreign Joint Investment Company , is developing a project in St Petersburg , comprising about a million square meters of residential space , two hospitals and several schools and nurseries .",neutral,phrasebank,controlled_gold_split,neutral,0.0004944666,0.9954016,0.00410389
phrasebank_sentences_66agree_1922,"Tectia Corporation HEL : TEC1V , a provider of real-time security solutions , today announced that it has appointed LAN2LAN , a provider of IT services in the UK , to distribute its data security and manage file transfer software .",positive,phrasebank,controlled_gold_split,neutral,0.0005376541,0.99321234,0.006250023
phrasebank_sentences_75agree_767,The first phase will be completed by the end of 2012 .,neutral,phrasebank,controlled_gold_split,neutral,0.0005740363,0.9961738,0.0032521372
phrasebank_sentences_allagree_894,Comptel Corporation will publish its financial statements for 2008 on 12 February 2009 .,neutral,phrasebank,controlled_gold_split,neutral,0.0015610637,0.99757606,0.00086294353
phrasebank_sentences_allagree_2016,"Raute reported a loss per share of EUR0 .86 for the first half of 2009 , against EPS of EUR0 .74 in the corresponding period of 2008 .",negative,phrasebank,controlled_gold_split,negative,0.98380315,0.0031992302,0.012997612
phrasebank_sentences_66agree_1648,The SeaWind that was en route from the Finnish port of Turku to Stockholm got stuck in ice already around 4 p.m. on Wednesday and the Regal Star 's journey from the Swedish port of Kapellskar to Paldiski in northwestern Estonia was cut short at 2 a.m. on Thursday .,negative,phrasebank,controlled_gold_split,negative,0.9898177,0.009009702,0.0011726187
phrasebank_sentences_allagree_1491,The properties were purchased from Swedish private equity real estate firm Niam and Goldman Sachs ' Whitehall Street Real Estate Funds .,neutral,phrasebank,controlled_gold_split,neutral,0.0007766251,0.99765307,0.0015703586
phrasebank_sentences_50agree_2456,Finnish food company Raisio Oyj HEL : RAIVV said today it will buy British snacks and confectionery company Big Bear Group plc for an enterprise value of EUR 95.3 million USD 129.9 m .,positive,phrasebank,controlled_gold_split,neutral,0.0009344379,0.9970951,0.0019704928
phrasebank_sentences_75agree_1194,"Neste Oil Corporation is a refining and marketing company concentrating on clean , high-quality traffic fuels .",neutral,phrasebank,controlled_gold_split,neutral,0.0005341655,0.9964514,0.003014455
phrasebank_sentences_66agree_145,"Besides we have increased the share of meat in various sausages and are offering a number of new tastes in the grill products and shish kebabs segment , '' Paavel said .",positive,phrasebank,controlled_gold_split,positive,0.001170739,0.006730561,0.9920987
phrasebank_sentences_75agree_2516,"Following the acquisitions , Panostaja will establish a new business unit which will focus on heat treatment of metals .",neutral,phrasebank,controlled_gold_split,neutral,0.00055801374,0.9971583,0.0022837252
phrasebank_sentences_allagree_788,Mr Skogster currently serves as the manager responsible for ABB Oy 's system modules for low voltage drives .,neutral,phrasebank,controlled_gold_split,neutral,0.000933309,0.9978375,0.00122921
phrasebank_sentences_allagree_446,"The Australian company Mirabela Nickel has awarded Outokumpu Technology a contract for grinding technology for its nickel sulfide project in Bahia State , Brazil .",positive,phrasebank,controlled_gold_split,positive,0.003686056,0.0037808458,0.99253297
phrasebank_sentences_allagree_316,The robust growth was the result of the inclusion of clothing chain Lindex in the Group in December 2007 .,positive,phrasebank,controlled_gold_split,positive,0.0021416377,0.0034023332,0.994456
phrasebank_sentences_75agree_3229,"In Asia earlier , Japan 's Nikkei index fell 0.62 percent and Hong Kong 's Hang Seng Index rose 0.56 percent .",neutral,phrasebank,controlled_gold_split,negative,0.8893323,0.10549199,0.005175762
phrasebank_sentences_allagree_1662,It is estimated that the consolidated turnover of Kausta Guder will reach Lt 53mn US$ 22.53 mn EUR 15.35 mn in 2007 .,neutral,phrasebank,controlled_gold_split,neutral,0.0009894323,0.9956927,0.0033179168
phrasebank_sentences_allagree_1841,The value of this kind of order amounts usually between Euro 2 and 3 million .,neutral,phrasebank,controlled_gold_split,neutral,0.001856864,0.9972703,0.00087284803
phrasebank_sentences_allagree_601,The agreement is valid for four years .,neutral,phrasebank,controlled_gold_split,neutral,0.0005486908,0.9939957,0.005455666
phrasebank_sentences_75agree_1056,Pharmaceuticals - Poland This brand-new market analysis gives a clear overview of the actual situation and future outlook of the pharmaceutical market in Poland .,neutral,phrasebank,controlled_gold_split,neutral,0.00096043816,0.9971955,0.0018440755
phrasebank_sentences_66agree_1947,The carrier said its Area travel agency is to sell most of its outlets to sister chain Suomen Matkatoimisto (SMT)and use its remaining bricks-and-mortar presence to primarily target business customers going forward .,neutral,phrasebank,controlled_gold_split,neutral,0.0006420966,0.99494416,0.0044137198
phrasebank_sentences_50agree_895,The companies have agreed on long-term cooperation to mechanise harvesting in Stora Enso 's eucalyptus plantations in Southern China .,positive,phrasebank,controlled_gold_split,positive,0.0028719096,0.006115561,0.9910125
phrasebank_sentences_75agree_1397,Net sales of the Lehdentekijat unit was approximately EUR 14 million in 2007 and it had 70 employees .,neutral,phrasebank,controlled_gold_split,neutral,0.00092771585,0.9976864,0.0013858828
phrasebank_sentences_allagree_30,The agreement strengthens our long-term partnership with Nokia Siemens Networks .,positive,phrasebank,controlled_gold_split,positive,0.0024647363,0.003189606,0.9943456
phrasebank_sentences_75agree_1283,Aspo 's net sales in 2006 totaled EUR 225.9 million .,neutral,phrasebank,controlled_gold_split,neutral,0.0020015505,0.9971085,0.00088991906
phrasebank_sentences_allagree_559,"Goodwill and other intangible assets account for some 2.0 mln euro ( $ 2.6 mln ) of the purchase price , 20 pct of which payable in Aspo shares .",neutral,phrasebank,controlled_gold_split,neutral,0.0013939826,0.9976545,0.00095154234
phrasebank_sentences_allagree_717,"Thus the group 's balance sheet will have about EUR 25.8 million of goodwill , the company added .",neutral,phrasebank,controlled_gold_split,neutral,0.00060460315,0.99726856,0.0021268234
phrasebank_sentences_allagree_1232,"Founded in 1985 , Quatrocon 's clientele consists of public sector builders , central trading companies and major construction firms .",neutral,phrasebank,controlled_gold_split,neutral,0.0012680761,0.997717,0.0010149555
phrasebank_sentences_50agree_3495,A profit is still on target .,positive,phrasebank,controlled_gold_split,positive,0.0018742009,0.03670055,0.9614252
phrasebank_sentences_allagree_282,"The broad-based WIG index ended Thursday 's session 0.1 pct up at 65,003.34 pts , while the blue-chip WIG20 was 1.13 down at 3,687.15 pts .",neutral,phrasebank,controlled_gold_split,positive,0.01868367,0.008886078,0.9724302
phrasebank_sentences_66agree_3650,"In addition , the production at the Varpaisj+â rvi factory will be stopped at the beginning of April 2009 .",negative,phrasebank,controlled_gold_split,neutral,0.1819798,0.8155769,0.0024432982
phrasebank_sentences_66agree_4008,"Capacity will ease at its Seikku sawmill in Pori and Alholma sawmill in Pietarsaari and result in 60 people being laid off for around six weeks starting mid-May , it said .",negative,phrasebank,controlled_gold_split,negative,0.9941603,0.0033682673,0.002471507
phrasebank_sentences_66agree_3847,"`` We cut our frequency to New York last year , which explains the fall , '' he said .",negative,phrasebank,controlled_gold_split,negative,0.9826932,0.013329825,0.003977014
phrasebank_sentences_allagree_963,Exel is headquartered in Mantyharju in Finland .,neutral,phrasebank,controlled_gold_split,neutral,0.0019512327,0.9970385,0.001010311
phrasebank_sentences_75agree_1272,"It 's even a little bit higher than Yara 's multiples on itself , ' an analyst in Helsinki said .",neutral,phrasebank,controlled_gold_split,positive,0.0016498729,0.0069326703,0.99141747
phrasebank_sentences_66agree_3050,Around 50 percent of the world 's ro-ro fleet is over 25 years old and needs to be scrapped for environmental reasons .,neutral,phrasebank,controlled_gold_split,neutral,0.014005256,0.9842443,0.0017503975
phrasebank_sentences_allagree_502,"It is necessary to strengthen the company 's operations , however .",neutral,phrasebank,controlled_gold_split,positive,0.00094798475,0.010934202,0.98811775
phrasebank_sentences_allagree_1619,"Currently , the company uses eight similar reach stackers and four empty container handlers by Konecranes .",neutral,phrasebank,controlled_gold_split,neutral,0.0006933054,0.9974477,0.0018590089
phrasebank_sentences_allagree_1238,"Helsinki 19 May 2010 - Finnish company Lemminkainen Oyj ( HEL : LEM1S ) said today that it will construct an office building at Toolonlahti in downtown Helsinki , without disclosing financial details .",neutral,phrasebank,controlled_gold_split,neutral,0.000934858,0.99754333,0.0015218763
phrasebank_sentences_66agree_4098,The company said that the fall in turnover had been planned .,negative,phrasebank,controlled_gold_split,negative,0.99245983,0.005982619,0.0015576142
phrasebank_sentences_75agree_331,"At the same time , the market for automated liquid handling devices is already larger than that for pipettes , according to Biohit .",neutral,phrasebank,controlled_gold_split,positive,0.0023604543,0.42174506,0.5758945
phrasebank_sentences_allagree_358,"Profit before taxes amounted to EUR 56.5 mn , down from EUR 232.9 mn a year ago .",negative,phrasebank,controlled_gold_split,negative,0.99418795,0.0043547284,0.0014572274
phrasebank_sentences_50agree_1814,Technopolis said before the protocol was signed that the techno-park would be built at a site covering more than six hectares in the Neudorf special economic zone and that it planned to invest 200 million euros in the project until 2009 inclusive .,neutral,phrasebank,controlled_gold_split,neutral,0.00044716566,0.9944652,0.005087642
phrasebank_sentences_75agree_266,"Finnish Larox has signed a contract with the Talvivaara Project for the delivery of filters to the Talvivaara nickel mine in Sotkamo , in Finland .",positive,phrasebank,controlled_gold_split,positive,0.0038346297,0.0051199025,0.9910454
phrasebank_sentences_75agree_1358,"For Telenor , the three and a half year contract is worth an estimated 12.6 m. YIT has chosen Telenor and Elisa as its principal suppliers of ICT solutions in Norway , Sweden , Denmark and Finland .",positive,phrasebank,controlled_gold_split,positive,0.0008475873,0.13951251,0.85963994
phrasebank_sentences_allagree_2054,"YIT lodged counter claims against Neste Oil totaling some EUR25m , primarily based on work carried out under the contract and additional costs incurred due to prolongation of the project .",negative,phrasebank,controlled_gold_split,negative,0.9851913,0.011041102,0.0037675677
phrasebank_sentences_allagree_1278,"Janis Arbidans , CEO of YIT Celtnieciba , said the company was focusing on housing and real estate development market .",neutral,phrasebank,controlled_gold_split,neutral,0.0007455796,0.99787235,0.0013820863
phrasebank_sentences_allagree_2248,"Operating margin , however , slipped to 14.4 % from 15.1 % , dragged down by a poor performance in enterprise solutions .",negative,phrasebank,controlled_gold_split,negative,0.99410653,0.0042868634,0.0016065837
phrasebank_sentences_allagree_1730,"The business transfer will take effect from 1 January 2007 , and in connection with this 47 employees will transfer from Elisa to Daxtum as continuing employees .",neutral,phrasebank,controlled_gold_split,neutral,0.00057917944,0.9972773,0.0021435232
phrasebank_sentences_allagree_2171,Revenue in the quarter fell 8 percent to ( EURO ) 2.4 billion compared to a year earlier .,negative,phrasebank,controlled_gold_split,negative,0.9941111,0.0040468657,0.0018419658
phrasebank_sentences_allagree_1042,The bridge will be 1.2 km long and is located between Anasmotet by the road E20 and the new traffic junction in Marieholm by the road E45 .,neutral,phrasebank,controlled_gold_split,neutral,0.00062479865,0.9949785,0.0043966644
phrasebank_sentences_allagree_2219,The company said that sales in the three months to the end of March slid to EUR86 .4 m US$ 113.4 m from EUR91 .2 m last year .,negative,phrasebank,controlled_gold_split,negative,0.99350584,0.0052338447,0.0012602601
phrasebank_sentences_66agree_1066,"In Finland , 71 % of paper and paperboard is reclaimed .",neutral,phrasebank,controlled_gold_split,neutral,0.0008156269,0.99782383,0.0013605928
phrasebank_sentences_75agree_1392,Net profit in the same period in 2006 was (  x20ac ) 172 million .,neutral,phrasebank,controlled_gold_split,neutral,0.0027898587,0.9961727,0.0010374162
phrasebank_sentences_75agree_455,"The Vuokatti unit will be developed to focus especially on the manufacture of prototypes , the ramp-up of new products and the demanding testing and after-sales services .",neutral,phrasebank,controlled_gold_split,neutral,0.00047869293,0.9942373,0.005283936
phrasebank_sentences_allagree_207,Total operating revenue grew by 27.6 % year-on-year to EUR61m .,positive,phrasebank,controlled_gold_split,positive,0.002682491,0.0022989418,0.9950186
phrasebank_sentences_75agree_3111,"In Q1 of 2009 , the company 's result before taxes from continuing operations , excluding non-recurring items , totalled EUR -0.4 mn , compared to EUR -0.1 mn in the corresponding period in 2008 .",negative,phrasebank,controlled_gold_split,negative,0.82794106,0.005812191,0.16624677
phrasebank_sentences_allagree_195,That would be an increase from estimated sales of 117 million last year .,positive,phrasebank,controlled_gold_split,positive,0.0023019612,0.0033167847,0.99438137
phrasebank_sentences_75agree_3447,The company said that its comparable operating profit for the January-June period fell short of last year 's corresponding performance .,negative,phrasebank,controlled_gold_split,negative,0.99352854,0.004728493,0.0017429162
phrasebank_sentences_allagree_2076,BioTie North-American licensing partner Somaxon Pharmaceuticals started a phase II-III clinical study in patients suffering from pathological gambling and a pilot phase II study in nicotine addiction smoking cessation .,neutral,phrasebank,controlled_gold_split,neutral,0.0014314188,0.72149277,0.2770758
phrasebank_sentences_allagree_1840,The value of the three-year contract is estimated at EUR40m .,neutral,phrasebank,controlled_gold_split,neutral,0.0012194942,0.99771476,0.0010657412
phrasebank_sentences_75agree_436,"This truly takes efficiency to new heights , '' Mr. Metso adds .",positive,phrasebank,controlled_gold_split,positive,0.0017510607,0.0039692656,0.99427974
phrasebank_sentences_allagree_1821,"The tanks will be delivered to a company which is currently building a chemical tank farm in Antwerp , northern Belgium .",neutral,phrasebank,controlled_gold_split,neutral,0.0009534703,0.9977253,0.0013211794
phrasebank_sentences_50agree_1447,"Upgrades include a five megapixel camera , voice control , and what looks to be an optical mouse instead a D-pad -- an upgrade click-happy S60 has needed forever .",positive,phrasebank,controlled_gold_split,positive,0.0025492688,0.276668,0.72078276
phrasebank_sentences_50agree_21,"( Filippova ) A trilateral agreement on investment in the construction of a technology park in St Petersburg was to have been signed in the course of the forum , Days of the Russian Economy , that opened in Helsinki today .",positive,phrasebank,controlled_gold_split,positive,0.0012033108,0.05388406,0.9449126
phrasebank_sentences_allagree_33,"The world 's second largest stainless steel maker said net profit in the three-month period until Dec. 31 surged to euro603 million US$ 781 million , or euro3 .33 US$ 4.31 per share , from euro172 million , or euro0 .94 per share , the previous year .",positive,phrasebank,controlled_gold_split,positive,0.0049368083,0.002361777,0.9927014
phrasebank_sentences_allagree_1010,"Poyry is a global consulting and engineering firm focusing on the energy , forest industry and infrastructure & environment sectors .",neutral,phrasebank,controlled_gold_split,neutral,0.0011231034,0.9974063,0.001470536
phrasebank_sentences_allagree_1069,The deal means that ten persons in three countries will transfer to Tieto .,neutral,phrasebank,controlled_gold_split,neutral,0.00049405586,0.99069715,0.008808813
phrasebank_sentences_66agree_796,"The move is aimed at boosting sales , cost-efficiency and market share in Finland .",positive,phrasebank,controlled_gold_split,positive,0.002362098,0.002860386,0.99477744
phrasebank_sentences_allagree_674,"Nokia Siemens Networks provides mobile and fixed network infrastructure , communications and networks service platforms , as well as professional services , to operators and service providers .",neutral,phrasebank,controlled_gold_split,neutral,0.0008140388,0.99782795,0.0013579436
phrasebank_sentences_50agree_1300,"O'Leary 's Material Handling Services , located in Perth , is the leading company in Western Australia that supplies , installs and provides service for tail lifts .",positive,phrasebank,controlled_gold_split,positive,0.0009320334,0.16972902,0.82933897
phrasebank_sentences_allagree_1332,"POYRY PLCCompany Announcement 10 December 2010 at 4.10 p.m. Pursuant to Poyry PLC 's stock option program 2004 , 63 792 new shares of the company have been subscribed since 27 October 2010 with stock options 2004B .",neutral,phrasebank,controlled_gold_split,neutral,0.0009205709,0.9977672,0.0013122339
phrasebank_sentences_75agree_1441,"The recovery of demand that started toward the end of 2009 , continued in January-March 2010 .",positive,phrasebank,controlled_gold_split,positive,0.003221437,0.00420976,0.9925688
phrasebank_sentences_50agree_3614,"In 2006 , the company intends to invest significantly in expanding its distribution and maintenance network .",positive,phrasebank,controlled_gold_split,positive,0.0020360043,0.0052501406,0.99271375
phrasebank_sentences_allagree_1421,"The contracts between Raute Corporation and Muling Kemian Wood Products Co. , Ltd. , which were announced on 3 November 2010 , have taken effect .",neutral,phrasebank,controlled_gold_split,neutral,0.00088627095,0.97762567,0.021488113
phrasebank_sentences_66agree_68,TELECOMWORLDWIRE-7 April 2006-TJ Group Plc sells stake in Morning Digital Design Oy Finnish IT company TJ Group Plc said on Friday 7 April that it had signed an agreement on selling its shares of Morning Digital Design Oy to Edita Oyj .,positive,phrasebank,controlled_gold_split,positive,0.0029872837,0.2027833,0.7942294
phrasebank_sentences_66agree_537,"The 250 sq m 2,691 sq ft store in Copenhagen 's premier shopping district was inaugurated today , further strengthening the company 's presence in Nordic capitals .",positive,phrasebank,controlled_gold_split,positive,0.0024988104,0.0030976958,0.99440336
phrasebank_sentences_allagree_1498,The report will be emailed within 2 business days of an order .,neutral,phrasebank,controlled_gold_split,neutral,0.0012755803,0.99775785,0.0009666271
phrasebank_sentences_66agree_1373,The GeoSolutions team further provides an intriguing new technology combining GPS and Mobile-based technologies together with Internet-based social networking .,neutral,phrasebank,controlled_gold_split,positive,0.00093365123,0.1906966,0.80836976
phrasebank_sentences_75agree_780,The service also enables users to watch e-mails in HTML format en is enhanced with 23 addition languages to choose from .,neutral,phrasebank,controlled_gold_split,neutral,0.00049137505,0.99111193,0.008396638
phrasebank_sentences_allagree_162,Operating profit rose to EUR 13.5 mn from EUR 9.7 mn in the corresponding period in 2006 .,positive,phrasebank,controlled_gold_split,positive,0.0041967905,0.0024194466,0.9933837
phrasebank_sentences_allagree_1266,Investment management and investment advisory services are the company 's sole line of business .,neutral,phrasebank,controlled_gold_split,neutral,0.0014021125,0.99761045,0.0009874732
phrasebank_sentences_75agree_1305,Operating profit for the quarter April-June 2006 amounted to EUR42 .9 m on net sales of EUR156 .3 m.,neutral,phrasebank,controlled_gold_split,neutral,0.0016953165,0.9970716,0.0012330738
phrasebank_sentences_66agree_1839,"The agreement , which will cover monitoring , maintenance , server capacity service and backups , has a one-year extension option .",neutral,phrasebank,controlled_gold_split,neutral,0.0006554682,0.99601907,0.003325493
phrasebank_sentences_allagree_756,And that 's exactly what happened on a recent weekday when an East Haven baker was brought in to remind residents about the Easter tradition of making wheat and rice pies .,neutral,phrasebank,controlled_gold_split,neutral,0.0026679672,0.9944753,0.0028567258
phrasebank_sentences_allagree_2105,"Finnair 's Tallinn-based subsidiary , Aero AS , carried 23,335 passengers , a decline of 60.8 % , on routes between Helsinki and the Baltic capitals and within Southern Finland .",negative,phrasebank,controlled_gold_split,negative,0.9930651,0.0052983626,0.0016365545
phrasebank_sentences_allagree_214,"Earnings per share for January-June 2010 were EUR0 .30 , an increase of 20 % year-on-year EUR0 .25 .",positive,phrasebank,controlled_gold_split,positive,0.0024189793,0.0024474934,0.9951336
phrasebank_sentences_allagree_1292,"Maggie Ramsey 's wait - and those of thousands of Oregon and Washington guides , anglers and others who flock to his frequent seminars - is nearly over .",neutral,phrasebank,controlled_gold_split,neutral,0.003773384,0.9944511,0.0017754714
phrasebank_sentences_75agree_3396,"According to the company , its operating profit , excluding non-recurring items , in the fourth quarter of 2009 was significantly better than expected , and also better than the figures for the fourth quarter of 2008 .",positive,phrasebank,controlled_gold_split,positive,0.0047462923,0.0018732524,0.9933804
phrasebank_sentences_allagree_133,"In January-September 2009 , the Group 's net interest income increased to EUR 112.4 mn from EUR 74.3 mn in January-September 2008 .",positive,phrasebank,controlled_gold_split,positive,0.0042264825,0.0031469958,0.9926265
phrasebank_sentences_75agree_1031,"In addition to supplying a new headbox and a modern sizing and coating unit , Vaahto Group will provide erection supervision , training and start-up services .",neutral,phrasebank,controlled_gold_split,neutral,0.00041437743,0.98482054,0.014765069
phrasebank_sentences_75agree_264,"`` The transaction strengthens our position ... in design and branded goods , '' said Fiskars president and CEO Heikki Allonen , pointing out that the two groups have relatively few overlapping operations .",positive,phrasebank,controlled_gold_split,positive,0.0027177893,0.0028593664,0.99442285
phrasebank_sentences_66agree_725,"And the broker repeated its ` buy ' rating , based on expectations that current restructuring will lead to a clear improvement in performance in Europe in 2007 .",positive,phrasebank,controlled_gold_split,positive,0.0023164784,0.0028772787,0.99480635
phrasebank_sentences_75agree_2518,"Following the divestment , Fiskars 's Outdoor unit will comprise the brands Gerber , Silva and Buster , and will focus on multi-tools , knives , compasses , mobile lighting , pedometers , and aluminium boats .",neutral,phrasebank,controlled_gold_split,neutral,0.0006731815,0.9972894,0.0020374146
phrasebank_sentences_allagree_2206,"Operating profit totaled EUR 3.8 mn , down from EUR 4.5 mn in the corresponding period in 2005 .",negative,phrasebank,controlled_gold_split,negative,0.9942175,0.0043251896,0.0014572708
phrasebank_sentences_allagree_1623,"Customers wave cards in front of the reader to make payments , similar to `` touch and go '' cards used in transport systems .",neutral,phrasebank,controlled_gold_split,neutral,0.0019280957,0.99682945,0.0012424431
phrasebank_sentences_66agree_1788,It will combine and renew the contents and functionality of the current systems for funding and online service as well as their maintenance .,positive,phrasebank,controlled_gold_split,positive,0.0011456226,0.44839513,0.55045927
phrasebank_sentences_75agree_2345,"The total value of the order , placed by Aspo ' marine transportation subsidiary ESL Shipping Oy , is EUR 60 million ( USD 77.5 m ) .",neutral,phrasebank,controlled_gold_split,neutral,0.001354976,0.9975938,0.0010511423
phrasebank_sentences_allagree_571,"Jun. 25 , 2008 ( Boy Genius Report delivered by Newstex ) -- The Nokia ( NYSE : NOK ) N78 , huh ?",neutral,phrasebank,controlled_gold_split,neutral,0.0021795412,0.99636567,0.0014547259
phrasebank_sentences_allagree_1869,"Finnish shipping company Finnlines ' pretax loss totalled EUR 6.5 mn in the third quarter of 2009 , compared to a profit of EUR 0.3 mn in the third quarter of 2008 .",negative,phrasebank,controlled_gold_split,negative,0.9930541,0.0033678066,0.0035780163
phrasebank_sentences_75agree_1240,"The method utilises waterborne Ultra products , giving protection to wooden surfaces in an industrial painting process whereby two layers of top coat are applied on exterior wooden panels and boards without a separate primer .",neutral,phrasebank,controlled_gold_split,neutral,0.0009455084,0.99715376,0.0019006762
phrasebank_sentences_allagree_1209,"Den Bosch-based TomTom is Europe 's largest maker of automotive navigation devices , while Cayman Islands-based Garmin is larger in the U.S. and overall .",neutral,phrasebank,controlled_gold_split,neutral,0.0006899267,0.9771981,0.022111885
phrasebank_sentences_allagree_2236,The hull of the vessel was built one block at a time and Ruukki delivered the plate material for each block as construction progressed .,neutral,phrasebank,controlled_gold_split,neutral,0.0011634323,0.9975285,0.001308082
phrasebank_sentences_50agree_616,"QPR has an established international customer base , spread over 70 countries in 2009 , and a variety of organizations including banks , manufacturing companies , service companies and government authorities .",neutral,phrasebank,controlled_gold_split,neutral,0.00041612628,0.9889769,0.010607006
phrasebank_sentences_50agree_4479,"According to Rautaruukki , the company wants to promote the use of emission-free energy sources .",neutral,phrasebank,controlled_gold_split,neutral,0.00044743466,0.991184,0.0083685955
phrasebank_sentences_allagree_92,"Both operating profit and net sales for the nine-month period increased , respectively by 26.6 % and 3.4 % , as compared to the corresponding period in 2006 .",positive,phrasebank,controlled_gold_split,positive,0.0033628142,0.0021459009,0.9944912
phrasebank_sentences_75agree_1645,"No price was given for the transaction , which merges two London companies that have worked together on a number of projects including delivery of timetables for Britain 's National Express East Coast rail networks .",neutral,phrasebank,controlled_gold_split,neutral,0.00051863556,0.99624485,0.003236527
phrasebank_sentences_allagree_319,"Bilfinger investors cheered the agreement , pushing shares up 7 % , or & euro ; 3.30 , to & euro ; 50.29 , in afternoon trade .",positive,phrasebank,controlled_gold_split,positive,0.0033463985,0.0031436505,0.99350995
phrasebank_sentences_allagree_724,"Yara Suomi Ltd also provides nitrogen chemicals and technical nitrates to various sectors of industry , as well as products used in environmental protection .",neutral,phrasebank,controlled_gold_split,neutral,0.0008463199,0.99765515,0.0014984497
phrasebank_sentences_66agree_3971,"In the first half of 2008 , the Bank 's operating profit fell to EUR 11.8 mn from EUR 18.9 mn , while net interest income increased to EUR 20.9 mn from EUR 18.8 mn in the first half of 2007 .",negative,phrasebank,controlled_gold_split,negative,0.99367213,0.004615116,0.0017127942
phrasebank_sentences_allagree_1288,"Like all other mechanical pipettors from Biohit , also Proline Plus is CE-IVD marked and comes with a 3-year warranty .",neutral,phrasebank,controlled_gold_split,neutral,0.00046060167,0.9928301,0.0067092637
phrasebank_sentences_allagree_271,It has80 branches in Finland with annual revenue in Finland of ?,neutral,phrasebank,controlled_gold_split,neutral,0.00063892157,0.9958424,0.0035186633
phrasebank_sentences_66agree_1913,"Order intake , on the other hand , is expected to be stronger than in 2007 .",positive,phrasebank,controlled_gold_split,positive,0.0042218748,0.0022953933,0.99348277
phrasebank_sentences_allagree_869,It therefore seems that Finnish shipping company Viking Line will get the subsidy it needs to order its new LNG-fuelled vessel .,positive,phrasebank,controlled_gold_split,positive,0.0014368313,0.006735299,0.99182796
phrasebank_sentences_66agree_839,Incap and Lankapaja aim to enter into actual agreement to transfer the sheet-metal production to the buyer in February in order to complete the transfer on 1 March 2011 .,positive,phrasebank,controlled_gold_split,neutral,0.0011435555,0.9121303,0.08672615
phrasebank_sentences_75agree_2642,"Technopolis has set aside a plot of land measuring 4.6 hectares to build the park , Mikkonen said .",neutral,phrasebank,controlled_gold_split,neutral,0.00066808617,0.99750346,0.0018285033
phrasebank_sentences_66agree_1470,"`` We are proud to welcome another distribution facility to north Mississippi and the region known as the logistics center of the United States , '' said Gray Swoope , executive director of MDA .",positive,phrasebank,controlled_gold_split,positive,0.003631584,0.005041955,0.9913265
phrasebank_sentences_allagree_410,The aim is an annual improvement in Ruukki Construction 's operating profit of more than EUR 3 million USD 4.1 m starting in 2009 .,positive,phrasebank,controlled_gold_split,positive,0.0019242368,0.0032414275,0.9948344
phrasebank_sentences_allagree_1219,Feed companies Suomen Rehu and Raisio do no import GMO feed .,neutral,phrasebank,controlled_gold_split,neutral,0.0013841117,0.99738485,0.0012310544
phrasebank_sentences_allagree_913,"128,538 shares can still be subscribed for with Series E share options , max .",neutral,phrasebank,controlled_gold_split,neutral,0.0007182241,0.99760205,0.0016797344
phrasebank_sentences_50agree_4021,Finnish home decoration and arts and crafts retailer Tiimari Plc ( OMX Helsinki : TII1V ) reported on Monday ( 18 August ) an operating loss of EUR3 .3 m on net sales of EUR33 .9 m for the period January-June 2008 .,neutral,phrasebank,controlled_gold_split,neutral,0.22335131,0.77350605,0.0031426745
phrasebank_sentences_allagree_1940,Finnish publishing and printing group Ilkka-Yhtym+ñ will introduced a staff smoking ban as of the beginning of 2007 at the company 's three newspapers .,neutral,phrasebank,controlled_gold_split,neutral,0.19627863,0.79937655,0.0043448373
phrasebank_sentences_allagree_802,"Full-year net sales are expected to increase by approximately 10 % , the company said .",positive,phrasebank,controlled_gold_split,positive,0.0026843157,0.003563093,0.99375266
phrasebank_sentences_75agree_2107,Radiation and today is a full service house expert in radiation and nuclear safety issues .,neutral,phrasebank,controlled_gold_split,neutral,0.0006515332,0.99391454,0.005433953
phrasebank_sentences_50agree_1246,"In addition , YIT has reserved EPI Russia the right to expand the logistics center by about 100,000 m2 .",neutral,phrasebank,controlled_gold_split,neutral,0.00056107604,0.9717829,0.027656047
phrasebank_sentences_66agree_667,"Biohit and VWR have been in close cooperation for a number of years in the US , where Biohit is one of VWR 's focus suppliers .",positive,phrasebank,controlled_gold_split,positive,0.0017509776,0.013678678,0.98457044
phrasebank_sentences_allagree_2163,Operating profit fell to EUR 6.2 mn from EUR 8.5 mn in the third quarter of 2007 .,negative,phrasebank,controlled_gold_split,negative,0.9940043,0.004527365,0.0014683853
phrasebank_sentences_allagree_2210,"Operating profit totalled EUR 30.2 mn , down from EUR 43.8 mn a year earlier .",negative,phrasebank,controlled_gold_split,negative,0.99430144,0.004180207,0.0015184125
phrasebank_sentences_allagree_1590,"A total of 15,000 new Citycon shares with a nominal value of EUR 1.35 per share were subscribed between 17 and 23 March 2006 exercising the A-B-C options based on the company 's stock option plan 1999 .",neutral,phrasebank,controlled_gold_split,neutral,0.0008870863,0.9978248,0.0012881847
phrasebank_sentences_75agree_2060,Neither of the companies use genetically engineered soy at the moment .,neutral,phrasebank,controlled_gold_split,neutral,0.00070584926,0.9977998,0.001494283
phrasebank_sentences_75agree_1169,The concept enables a commercially affordable way to manufacture high-quality TCO coated glass for the solar industry .,positive,phrasebank,controlled_gold_split,positive,0.00086514885,0.016436135,0.9826987
phrasebank_sentences_allagree_1987,"`` I 'm trying to deal with slavery from a different perspective to balance the story , '' says DeRamus , formerly a writer at the Detroit Free Press and the Detroit News .",neutral,phrasebank,controlled_gold_split,neutral,0.0015440498,0.99347174,0.004984254
phrasebank_sentences_allagree_2043,"Therefore , the company 's 2005 result will remain weaker than that of 2004 .",negative,phrasebank,controlled_gold_split,negative,0.9906831,0.005816504,0.0035004336
phrasebank_sentences_allagree_1723,The bank 's leasing arm Nordea Liising ended the year with a profit of 4.4 million euros .,neutral,phrasebank,controlled_gold_split,neutral,0.0011531512,0.9887135,0.010133413
phrasebank_sentences_50agree_3496,A spokeswoman for the Italian fashion house declined comment on the settlement .,neutral,phrasebank,controlled_gold_split,neutral,0.011142711,0.9874843,0.0013730513
phrasebank_sentences_allagree_960,"Erkki Jarvinen , President of Rautakirja and the head of the Sanoma Trade division , will leave his current tasks in spring 2009 for a similar position outside the Sanoma Group .",neutral,phrasebank,controlled_gold_split,neutral,0.0027362022,0.9962835,0.0009803984
phrasebank_sentences_allagree_148,"( ADP News ) - Nov 5 , 2008 - Finnish electronic measurement products and solutions maker Vaisala Oyj ( OMX : VAIAS ) said today that its net profit rose to EUR 18 million ( USD 23.1 m ) for the first nine months of 2008 from EUR 1",positive,phrasebank,controlled_gold_split,positive,0.0035908245,0.0027157958,0.9936935
phrasebank_sentences_allagree_367,"Finnish Sampo Bank , of Danish Danske Bank group , reports profit before taxes of EUR 152.3 mn in 2010 , up from EUR 32.7 mn in 2009 .",positive,phrasebank,controlled_gold_split,positive,0.0040380936,0.0020664884,0.9938955
phrasebank_sentences_allagree_1508,"The share capital of Biotie Therapies Corp. constitutes 90,211,860 shares in the aggregate and the number of voting rights attached to the shares amounts to 90,211,860 .",neutral,phrasebank,controlled_gold_split,neutral,0.0011259753,0.9980057,0.00086838857
phrasebank_sentences_allagree_177,Orion Pharma 's operating profit increased by 42.5 % from 2004 .,positive,phrasebank,controlled_gold_split,positive,0.0026509413,0.0024421613,0.99490684
phrasebank_sentences_75agree_1413,Scanfil expects net sales in 2008 to remain at the 2007 level .,neutral,phrasebank,controlled_gold_split,neutral,0.001703658,0.99612373,0.0021726373
phrasebank_sentences_66agree_647,"At the moment , Valio is not worried , but if the ban continues for long , it may become quite a problem .",negative,phrasebank,controlled_gold_split,negative,0.94545734,0.051198702,0.0033438993
phrasebank_sentences_66agree_3701,"The largest restructuring is planned for Italy , where negotiations on about 40 job cuts are to be initiated today , the company noted .",negative,phrasebank,controlled_gold_split,negative,0.97857225,0.017044058,0.004383693
phrasebank_sentences_50agree_1847,"Higher bit rates for outgoing traffic improves the end-user experience of mobile broadband services such as video conferencing , file sharing and sending e-mails with attachments .",positive,phrasebank,controlled_gold_split,positive,0.0020961,0.0034558843,0.99444795
phrasebank_sentences_66agree_995,Finnish Raisio ( Diagnostics ) is launching new DNA-based quick tests to ensure the safety of food .,positive,phrasebank,controlled_gold_split,neutral,0.00063216797,0.9531375,0.046230335
phrasebank_sentences_50agree_1817,"The company 's objective is to offer the best people flow experience by developing and delivering solutions that enable people to move smoothly , safely , comfortably and without waiting in buildings in an increasingly urbanizing environment .",neutral,phrasebank,controlled_gold_split,positive,0.00096628716,0.238763,0.7602707
phrasebank_sentences_allagree_1316,Odell has not contacted the State of Finland in this issue .,neutral,phrasebank,controlled_gold_split,neutral,0.0019194059,0.99719405,0.0008865256
phrasebank_sentences_75agree_64,"`` The change will optimize the operational efficiencies of our growing business , '' said Julia Prohaska , director of marketing communications for Fiskars .",positive,phrasebank,controlled_gold_split,positive,0.0016555176,0.0054761525,0.99286836
phrasebank_sentences_66agree_195,"In addition , Kone signed a two-year maintenance contract for the escalators .",positive,phrasebank,controlled_gold_split,positive,0.0031072665,0.005244505,0.9916482
phrasebank_sentences_allagree_1838,The value of the deal was not disclosed .,neutral,phrasebank,controlled_gold_split,neutral,0.0011148658,0.9978561,0.0010290705
phrasebank_sentences_66agree_847,Outokumpu 's chief executive Juha Rantanen expressed his confidence in China market .,positive,phrasebank,controlled_gold_split,positive,0.0012779246,0.008844605,0.9898774
phrasebank_sentences_allagree_1304,"Neste Oil will publish its third quarter 2008 results on Friday , 24 October 2008 at approximately 9 am ( EET ) .",neutral,phrasebank,controlled_gold_split,neutral,0.0015189224,0.9975535,0.00092759234
phrasebank_sentences_66agree_1424,"We can choose the most efficient , best overall value option for our customers already at the bidding stage .",positive,phrasebank,controlled_gold_split,neutral,0.0010271438,0.6318531,0.3671198
phrasebank_sentences_66agree_4145,The company 's previous estimate was for a lower revenue than the year-ago EUR 93.9 million .,negative,phrasebank,controlled_gold_split,negative,0.99209917,0.006466402,0.00143442
phrasebank_sentences_66agree_3066,"CapMan , the Stockholm-headquartered private equity firm , has held a first close on its second private equity real estate fund as it continues its push into the property sector .",neutral,phrasebank,controlled_gold_split,neutral,0.001016015,0.94745433,0.051529665
phrasebank_sentences_allagree_302,Sales rose 10 pct to 566 mln eur on the back of strong volume and favourable currency effects .,positive,phrasebank,controlled_gold_split,positive,0.0027769958,0.0027339426,0.9944891
phrasebank_sentences_66agree_1360,"The company said production volumes so far indicate the circuit is capable of the targeted output rate of 60,000 tonnes per day , or 22 million tonnes a year .",neutral,phrasebank,controlled_gold_split,positive,0.0010112664,0.02792613,0.9710626
phrasebank_sentences_66agree_974,Wellness services will be important in the future .,neutral,phrasebank,controlled_gold_split,neutral,0.0005635164,0.9836646,0.015771875
phrasebank_sentences_allagree_504,"Lemminkainen Infra Oy 's subsidiary Lemminkainen Sverige AB will perform the construction work , which is expected to start in early 2011 and to be completed in the summer of 2013 .",neutral,phrasebank,controlled_gold_split,neutral,0.00088297715,0.99708986,0.0020270848
phrasebank_sentences_50agree_1851,"It combines a perfect price performance with sophisticated management facilities , the company said .",positive,phrasebank,controlled_gold_split,positive,0.0009276553,0.00921473,0.9898577
phrasebank_sentences_50agree_472,Finnish house manufacturers are targeting the strongly growing one-family house market in Russia .,neutral,phrasebank,controlled_gold_split,positive,0.0018767305,0.4893156,0.5088077
phrasebank_sentences_allagree_776,"Managing Director 's comments : `` Net sales for the first quarter were notably lower than a year before , especially in Finland , Russia and the Baltic countries .",negative,phrasebank,controlled_gold_split,negative,0.9935266,0.00461444,0.0018589481
phrasebank_sentences_66agree_3663,"More than 14,000 customers were left powerless .",negative,phrasebank,controlled_gold_split,negative,0.9844044,0.013973378,0.0016222817
phrasebank_sentences_66agree_3558,"`` This transaction supports Huhtamaki 's strategic review of rigid plastic consumer goods operations '' , says Huhtam+ñki Oyj 's CEO Jukka Moisio .",neutral,phrasebank,controlled_gold_split,positive,0.00075077376,0.04043919,0.9588099
phrasebank_sentences_75agree_1170,The purpose of this action is to ensure company 's cost effectiveness this year and in the near future .,positive,phrasebank,controlled_gold_split,neutral,0.0005365809,0.9796816,0.01978179
phrasebank_sentences_50agree_1538,"In Finland , the corresponding service is Alma Media 's Etuovi.com , Finland 's most popular and best known nationwide online service for home and property sales .",neutral,phrasebank,controlled_gold_split,neutral,0.00055665436,0.9966738,0.0027695403
phrasebank_sentences_allagree_1559,Union and company officials did not return calls yesterday .,neutral,phrasebank,controlled_gold_split,neutral,0.47411242,0.52274865,0.0031388812
phrasebank_sentences_allagree_1593,"After non-recurring items of EUR 177mn , profit amounted to EUR 20mn .",neutral,phrasebank,controlled_gold_split,neutral,0.004275678,0.99345124,0.0022730143
phrasebank_sentences_66agree_2779,The Estonian parliament was set to vote on amendments to the excise duty law on Wednesday that would add 0.42 kroons to the price of a liter of diesel and 0.45 kroons to the price of a liter of gasoline from the start of 2010 .,neutral,phrasebank,controlled_gold_split,neutral,0.0011794338,0.9801354,0.018685162
phrasebank_sentences_allagree_1152,"Additionally , information on business segments , competitors and future outlook are provided .",neutral,phrasebank,controlled_gold_split,neutral,0.0011976102,0.9971861,0.0016162889
phrasebank_sentences_allagree_942,"CapMan said the deal 's effect on its cash flow for 2009 totals EUR3 .4 m , but the transaction would not affect its financial results for 2009 as it was executed at fair value .",neutral,phrasebank,controlled_gold_split,neutral,0.0085185105,0.9903921,0.0010893715
phrasebank_sentences_50agree_1333,Shareholders of Rakvere Lihakombinaat decided in favor of the buyout of minority shares in mid-July .,positive,phrasebank,controlled_gold_split,positive,0.0015657844,0.029573051,0.96886116
phrasebank_sentences_allagree_1644,"In 2007 , the Group 's net sales stood at EUR 42 million and it had about 1,445 employees .",neutral,phrasebank,controlled_gold_split,neutral,0.0011752244,0.9978467,0.0009781084
phrasebank_sentences_75agree_3405,Our superior customer centricity and expertise in digital services set us apart from our competitors .,positive,phrasebank,controlled_gold_split,positive,0.0080307815,0.05645688,0.9355123
phrasebank_sentences_66agree_1029,Chief Financial Officer Jim Heindlmeyer said Beyond Oblivion is in advanced talks with the four major recording companies about its service .,neutral,phrasebank,controlled_gold_split,neutral,0.0007680864,0.98283756,0.01639437
phrasebank_sentences_75agree_338,"` This order is included in Wartsila 's order book in the second quarter , ' the company added .",neutral,phrasebank,controlled_gold_split,neutral,0.0007278759,0.99728,0.0019921437
phrasebank_sentences_50agree_74,"Finnish real estate investor Sponda Plc said on Wednesday 12 March that it has signed agreements with Danske Bank A-S , Helsinki Branch for a 7-year EUR150m credit facility and with Ilmarinen Mutual Pension Insurance Company for a 7-year EUR50m credit facility .",neutral,phrasebank,controlled_gold_split,positive,0.002039913,0.00915119,0.9888088
phrasebank_sentences_allagree_481,Uponor improved its performance in spite of the decrease in residential construction in the US .,positive,phrasebank,controlled_gold_split,positive,0.0038835295,0.0021869887,0.9939295
phrasebank_sentences_66agree_3679,SWOT analysis is just one method of categorization and has its own weaknesses .,neutral,phrasebank,controlled_gold_split,neutral,0.14058976,0.85702175,0.0023884645
phrasebank_sentences_allagree_1109,"The sale will be finalized in September or October , the company said .",neutral,phrasebank,controlled_gold_split,neutral,0.0008855047,0.997993,0.0011215713
phrasebank_sentences_75agree_1336,"According to M-real 's CEO , Mikko Helander , this transaction will enable the company to proceed swiftly with its restructuring program .",positive,phrasebank,controlled_gold_split,positive,0.001342958,0.015687786,0.9829692
phrasebank_sentences_66agree_944,The aim of the bridge solutions chosen is to minimize construction times while ensuring that traffic beneath the bridge on the Saimaa canal continues undisturbed .,neutral,phrasebank,controlled_gold_split,neutral,0.0005325923,0.98194194,0.017525436
phrasebank_sentences_allagree_1388,The combined value of the orders is EUR 45mn .,neutral,phrasebank,controlled_gold_split,neutral,0.0010250537,0.9978514,0.0011236045
phrasebank_sentences_50agree_1172,Altimo and TeliaSonera said yesterday that Usmanov would be welcome to join the new company .,positive,phrasebank,controlled_gold_split,neutral,0.00060982275,0.99028337,0.009106845
phrasebank_sentences_allagree_676,"Outotec 's scope of delivery covers the engineering , supply of special equipment and services for a calcination plant with two circulating fluid bed calciners .",neutral,phrasebank,controlled_gold_split,neutral,0.0009353173,0.99803346,0.0010312656
phrasebank_sentences_allagree_1472,The online ice chart shows no ice in the area of Estonia 's sea ports on the coast of the Gulf of Finland .,neutral,phrasebank,controlled_gold_split,neutral,0.0031377238,0.995518,0.0013442568
phrasebank_sentences_75agree_2289,The personnel s expertise and high level of technology play a major role in Exel Composites operations .,neutral,phrasebank,controlled_gold_split,neutral,0.0005265295,0.9557136,0.04375991
phrasebank_sentences_50agree_1597,"Stora Enso Oyj said Friday it will sell its North American unit to NewPage , in a deal valued at euro1 .82 billion US$ 2.52 million .",neutral,phrasebank,controlled_gold_split,neutral,0.0007334196,0.99705553,0.0022110739
phrasebank_sentences_allagree_1544,"These include software development for internet and mobile telephone content , communications , value-added software , financial services , security applications , systems integration and electronics .",neutral,phrasebank,controlled_gold_split,neutral,0.0021198604,0.99692,0.0009601728
phrasebank_sentences_75agree_401,"Kalnapilio-Tauro Grupe ( Kalnapilis-Tauras Group ) , which is owned by Denmark 's Royal Unibrew , raised its market share to 25.2 percent from 23.91 percent , as beer sales for the nine months jumped by 11.4 percent to 52.99 million liters .",positive,phrasebank,controlled_gold_split,positive,0.0030435817,0.002598234,0.99435824
phrasebank_sentences_allagree_1229,"Foodservice and consumer goods markets are served by approximately 13,000 people in 54 manufacturing units and several sales offices in 33 countries .",neutral,phrasebank,controlled_gold_split,neutral,0.0011838772,0.9973712,0.0014448616
phrasebank_sentences_allagree_288,Tielinja generated net sales of 7.5 mln euro $ 9.6 mln in 2005 .,neutral,phrasebank,controlled_gold_split,neutral,0.0013892823,0.9972078,0.001402916
phrasebank_sentences_allagree_1025,"SRV will also build an aqua park with wellness area , a restaurant and a multifunctional ice arena .",neutral,phrasebank,controlled_gold_split,neutral,0.00056039705,0.983968,0.01547159
phrasebank_sentences_allagree_1097,"The order comprises four ball mills , which will be organized in two different streams for treating ore in the Pilanesberg platinum mine .",neutral,phrasebank,controlled_gold_split,neutral,0.0012680761,0.997717,0.0010149555
phrasebank_sentences_75agree_3252,"When this information was released on 5 September 2008 , Nokia 's American Depositary shares fell by 8 % .",negative,phrasebank,controlled_gold_split,negative,0.99017185,0.0083071515,0.0015209921
phrasebank_sentences_allagree_2207,"Operating profit totaled EUR 6.7 mn , down from EUR 7.2 mn in the corresponding period in 2005 .",negative,phrasebank,controlled_gold_split,negative,0.9942266,0.004371942,0.0014014564
phrasebank_sentences_allagree_675,"Of these shares 29,659,239 are held by the Company or its group companies and the number of outstanding shares and voting rights attached to the shares thus amounts to 322,705,218 .",neutral,phrasebank,controlled_gold_split,neutral,0.0011458369,0.9979134,0.0009407006
phrasebank_sentences_50agree_1403,"The operator is one of 6 operators to have been granted a WiMAX license in Taiwan , and hopes to be the first to launch commercial services in early 2009 .",neutral,phrasebank,controlled_gold_split,positive,0.0006448292,0.032808036,0.9665472
phrasebank_sentences_allagree_1021,"says Brian Burton , Head of IT Security , Vodafone UK .",neutral,phrasebank,controlled_gold_split,neutral,0.0016452711,0.9925217,0.0058329925
phrasebank_sentences_75agree_2576,Margin call of Zanadvorov has given the chance to make such purchase under the credit of Deutsche Bank for USD 560 million .,neutral,phrasebank,controlled_gold_split,neutral,0.0011430721,0.69226545,0.30659154
phrasebank_sentences_allagree_1750,"The company said that 80 % of the shares of the holding company will be sold to Meadville Holdings Limited , a Hong Kong listed parent company of the Meadville Group .",neutral,phrasebank,controlled_gold_split,neutral,0.0006905533,0.99737656,0.0019329255
phrasebank_sentences_allagree_1322,"One price category is for calls on the preferred operator 's network , and another for calls on other operators ' networks .",neutral,phrasebank,controlled_gold_split,neutral,0.0012054279,0.99783164,0.00096292974
phrasebank_sentences_allagree_17,"Operating profit for the three-month period increased from EUR1 .2 m , while revenue increased from EUR20 .2 m , as compared to the corresponding period in 2005 .",positive,phrasebank,controlled_gold_split,positive,0.0028377294,0.0025239289,0.9946384
phrasebank_sentences_66agree_2458,Etteplan targets to employ at least 20 people in Borl+ñnge .,positive,phrasebank,controlled_gold_split,neutral,0.0005032833,0.9935541,0.005942607
phrasebank_sentences_75agree_1082,"The company said Offshore segment represented 43 % of the total marine engines orders for the July-September 2010 period , Merchant 33 % , Special vessels 18 % , and Cruise and Ferry , and Ship Design -- 2 % and 3 % , respectively .",neutral,phrasebank,controlled_gold_split,neutral,0.0011188593,0.9975262,0.0013548841
phrasebank_sentences_66agree_377,"The new facility , to be known as Technopolis Pulkovo , will introduce to the Russian market an entirely new concept of creating , operating and growing a commercially-funded science and technology park to support the growth of knowledge-intensive companies .",neutral,phrasebank,controlled_gold_split,positive,0.0010411371,0.35473397,0.6442249
phrasebank_sentences_75agree_1217,He said things will be different when new Finnish nuclear power stations go into operation and the large hydro powered stations of northern Europe have a good year .,neutral,phrasebank,controlled_gold_split,neutral,0.0009195569,0.99472344,0.004357074
phrasebank_sentences_allagree_1254,"In his current position , Manty has worked since 1996 .",neutral,phrasebank,controlled_gold_split,neutral,0.0015363803,0.99726355,0.0012000446
phrasebank_sentences_66agree_1299,"It also has strong assets in electronic media , employing 18,500 an increase of 9 percent on last year .",positive,phrasebank,controlled_gold_split,positive,0.000952052,0.004750673,0.9942973
phrasebank_sentences_75agree_2555,"It grew in Finland , Norway , Denmark and the Baltic countries .",neutral,phrasebank,controlled_gold_split,neutral,0.0010445092,0.99712414,0.0018313815
phrasebank_sentences_allagree_2259,"Operating result for the 12-month period decreased from the profit of EUR0 .4 m while turnover decreased from EUR5 .6 m , as compared to 2004 .",negative,phrasebank,controlled_gold_split,negative,0.9925687,0.006080466,0.0013507862
phrasebank_sentences_allagree_341,"ADP News - Nov 13 , 2008 - Finnish printed circuit board PCB maker Aspocomp Group Oyj OMX : ACG1V said today that its net loss narrowed to EUR 2 million USD 2.5 m in the first nine months of 2008 from EUR 57",positive,phrasebank,controlled_gold_split,positive,0.010238252,0.0029390429,0.9868226
phrasebank_sentences_66agree_3967,Sales were down 14 per cent in Finland and up 27 per cent abroad where sales were lifted by the strong growth in sales in Russia and Lithuania .,neutral,phrasebank,controlled_gold_split,negative,0.9848546,0.009249091,0.0058963285
phrasebank_sentences_allagree_909,"` Nordea 's definitely too big for Sampo to acquire , ' said an analyst ` But Sampo would appear to have an agenda for Nordea ahead of the privatisation .",neutral,phrasebank,controlled_gold_split,neutral,0.0019702187,0.99695647,0.0010732836
phrasebank_sentences_50agree_1799,`` We are proud to contribute to the creation of a world-class airport facility with KONE 's innovative People Flow TM solutions .,positive,phrasebank,controlled_gold_split,positive,0.0022531843,0.0052388106,0.992508
phrasebank_sentences_66agree_949,"The Daily Graphic newspaper , in October , reported an initiative being embarked upon by the Fidelity Bank to partner Ghana Post , which has offices across the country , to offer financial services to the unbanked and under-banked in the country .",neutral,phrasebank,controlled_gold_split,positive,0.0009461956,0.02619307,0.9728607
phrasebank_sentences_66agree_3630,"Antti Orkola , president of Kemira GrowHow 's Industrial Solutions unit , told Thomson Financial News the company has put off opening the mine as prices of phosphate have been ` quite depressed for a long time ' . '",negative,phrasebank,controlled_gold_split,negative,0.90505606,0.092592835,0.002351073
phrasebank_sentences_allagree_2145,"Insurer Axa ( PAR : CS ) slid by 5.35 % to EUR 14.15 , after Citigroup and ING slashed their targets on the stock .",negative,phrasebank,controlled_gold_split,negative,0.9930661,0.0051504206,0.0017834177
phrasebank_sentences_50agree_1164,"ALEXANDRIA , Va. , Aug. 27 -- Timo Vataja of Tampere , Finland , Virve Inget of Oulu , Finland , have developed a computer program product with activating the right of use .",neutral,phrasebank,controlled_gold_split,neutral,0.0008572198,0.9967828,0.0023599358
phrasebank_sentences_75agree_835,"Employees are also better prepared to answer calls , since they already have detailed information about the caller before they answer the phone . ''",positive,phrasebank,controlled_gold_split,neutral,0.0015131087,0.99276537,0.0057215765
phrasebank_sentences_allagree_1505,The sellers were the founders of the company .,neutral,phrasebank,controlled_gold_split,neutral,0.0014008868,0.99771214,0.0008869862
phrasebank_sentences_66agree_420,"After the transaction , Alma Media raised its stake in Talentum to 30.65 % of the shares and some 31.12 % of voting rights .",positive,phrasebank,controlled_gold_split,neutral,0.0005325207,0.976074,0.023393525
phrasebank_sentences_allagree_2018,The situation of coated magazine printing paper will continue to be weak .,negative,phrasebank,controlled_gold_split,neutral,0.1860475,0.8026478,0.011304725
phrasebank_sentences_allagree_435,"( ADP News ) - Oct 31 , 2008 - Finnish food company Raisio Oyj ( OMX : RAIVV ) said today that its net profit jumped to EUR 16.4 million ( USD 20.9 m ) for the first nine months of 2008 from EUR 1.1 million for the same period of 2",positive,phrasebank,controlled_gold_split,positive,0.004935075,0.002712132,0.9923529
phrasebank_sentences_50agree_392,The Finnish company Stockmann has signed the contract with the company Technopolis .,neutral,phrasebank,controlled_gold_split,positive,0.0016298257,0.009388162,0.988982
phrasebank_sentences_allagree_673,"New Delhi , July 17 -- Sahlberg Teppo , Kallio Timo and Mustonen Tuomas of M Real OYJ , Espoo , Finland have developed novel markings and methods of producing the same .",neutral,phrasebank,controlled_gold_split,neutral,0.0006869548,0.9921793,0.007133808
phrasebank_sentences_allagree_443,Sports equipment sales also progressed well owing to the prolonged winter season .,positive,phrasebank,controlled_gold_split,positive,0.0038595588,0.002541067,0.9935994
phrasebank_sentences_allagree_124,Finnish software developer Done Solutions Oyj said its net profit increased to 3.5 mln euro ( $ 4.6 mln ) in 2006 from 2.3 mln euro ( $ 3.0 mln ) in 2005 .,positive,phrasebank,controlled_gold_split,positive,0.0037779633,0.0025068545,0.9937152
phrasebank_sentences_allagree_2031,"Nordic banks have already had to write off sizable loans in Latvia , with Swedbank , Nordea , DnB NOR and SEB reporting combined losses in excess of $ 1.35 billion in the period 2007 to 2010 against a backdrop of near economic meltdown in Latvia .",negative,phrasebank,controlled_gold_split,negative,0.99311733,0.00444017,0.0024425345
phrasebank_sentences_allagree_670,M. and a Master of Business Administration MBA .,neutral,phrasebank,controlled_gold_split,neutral,0.0028902837,0.9799745,0.017135285
phrasebank_sentences_50agree_4799,In February the Elcoteq group sold its St Petersburg facility ; according to unconfirmed information the reason could have been supply problems because of the Russian customs service .,negative,phrasebank,controlled_gold_split,negative,0.91946656,0.0782896,0.002243795
phrasebank_sentences_allagree_453,Finlan 's listed food industry company HKScan Group controlled companies in the Baltics improved revenues by EUR 3.5 mn to EUR 160.4 mn in 2010 from EUR 156.9 mn in the year before .,positive,phrasebank,controlled_gold_split,positive,0.005747316,0.0018786789,0.992374
phrasebank_sentences_allagree_1371,"The 19,200-square metre technology center is located near University of Tampere in central Tampere .",neutral,phrasebank,controlled_gold_split,neutral,0.0013157679,0.99752766,0.0011566342
phrasebank_sentences_allagree_2191,"However , the company saw its net profit for the third quarter down to EUR 1.4 million from EUR 1.5 million for the corresponding period of 2009 .",negative,phrasebank,controlled_gold_split,negative,0.9935383,0.0044944133,0.0019673023
phrasebank_sentences_75agree_1792,The transaction will take place without payment of merger consideration .,neutral,phrasebank,controlled_gold_split,neutral,0.0011614985,0.9978175,0.0010210228
phrasebank_sentences_allagree_1661,"It is being developed by Symbian , the software licensing consortium led by Nokia .",neutral,phrasebank,controlled_gold_split,neutral,0.00060822524,0.99738187,0.002009935
phrasebank_sentences_50agree_1184,Atria Group is a leading Scandinavian meat products group .,positive,phrasebank,controlled_gold_split,neutral,0.0006550865,0.9573044,0.04204049
phrasebank_sentences_allagree_1461,The MET is located in the Central Business District ( CBD ) of Bangkok .,neutral,phrasebank,controlled_gold_split,neutral,0.0009130656,0.9973943,0.0016925562
phrasebank_sentences_75agree_588,"According to CEO Kai Telanne , the company 's newspapers achieved the best financial result ever .",positive,phrasebank,controlled_gold_split,positive,0.0032768548,0.0027325724,0.99399066
phrasebank_sentences_50agree_1008,"The Group brand portfolio includes the leading brand in the industry , Rapala , and other global brands like VMC , Storm , Blue Fox , Luhr Jensen , Williamson , Marttiini and Sufix .",neutral,phrasebank,controlled_gold_split,neutral,0.00055300334,0.96531314,0.034133848
phrasebank_sentences_allagree_1762,"The devices would be launched in the Chinese market in late 2006 , the company said .",neutral,phrasebank,controlled_gold_split,neutral,0.00047564585,0.99565685,0.0038675508
phrasebank_sentences_allagree_19,"The Lithuanian beer market made up 14.41 million liters in January , a rise of 0.8 percent from the year-earlier figure , the Lithuanian Brewers ' Association reporting citing the results from its members .",positive,phrasebank,controlled_gold_split,positive,0.0025381378,0.0030675642,0.9943943
phrasebank_sentences_allagree_628,The share of the share capital of both above mentioned shareholders remains below 5 % .,neutral,phrasebank,controlled_gold_split,neutral,0.0025660312,0.9965252,0.0009087134
phrasebank_sentences_50agree_1375,The effect of the savings will be noticeable as of the beginning of 2010 .,positive,phrasebank,controlled_gold_split,positive,0.0013923828,0.47348395,0.5251236
phrasebank_sentences_allagree_298,"Uponor made an operating profit of EUR 151.0 mn , up from EUR 143.7 mn , which made 2007 a record year .",positive,phrasebank,controlled_gold_split,positive,0.0037791578,0.0021914847,0.9940294
phrasebank_sentences_75agree_2772,"The Swedish buyout firm has sold its remaining 22.4 percent stake , almost eighteen months after taking the company public in Finland .",neutral,phrasebank,controlled_gold_split,neutral,0.0016259217,0.99726856,0.0011055386
phrasebank_sentences_allagree_1115,They both will report to Oriola-KD 's chief executive officer Eero Hautaniemi .,neutral,phrasebank,controlled_gold_split,neutral,0.0010617272,0.9978471,0.0010911592
phrasebank_sentences_75agree_2071,Nordea 's chairman of the board Hans Dalborg has informed the nomination committee that he will not be up for re-election at the Annual General Meeting in 2011 .,neutral,phrasebank,controlled_gold_split,neutral,0.19847035,0.7988857,0.0026439668
phrasebank_sentences_allagree_739,Raute said it has won an order worth around 15 mln eur to supply several plywood production lines to mills operated by Russian wood products company Sveza Group .,positive,phrasebank,controlled_gold_split,positive,0.0034356695,0.004064052,0.99250036
phrasebank_sentences_75agree_2983,"Finland-based international machinery rental company Ramirent Plc ( OMX Helsinki : RMR1V ) said on Friday ( 9 May ) that its president and CEO , Kari Kallio , has informed the board of his intention to retire in year 2009 .",neutral,phrasebank,controlled_gold_split,neutral,0.0055844393,0.993403,0.0010125426
phrasebank_sentences_75agree_3086,"This one was at one time targeted for June 5 , but if we had to guess , it 's been pushed back -- maybe we 're crazy , but we feel like it has n't leaked enough to meet that date at this point .",neutral,phrasebank,controlled_gold_split,neutral,0.05404667,0.9428024,0.0031508896
phrasebank_sentences_75agree_1391,Net profit in the same period in 2006 was 36.6 million euros .,neutral,phrasebank,controlled_gold_split,neutral,0.0026700827,0.99623626,0.0010936615
phrasebank_sentences_75agree_1001,"A downloadable instruction sheet , instructional video , and project ideas for the award-winning Everywhere Punch TM Window System can be found at www.fiskars.com .",neutral,phrasebank,controlled_gold_split,neutral,0.00075006095,0.996058,0.0031919798
phrasebank_sentences_allagree_764,"Supported Nokia phones include : N96 , N95-8GB , N95 , N93-N931 , N92 , N85 , N82 , N81 , N80 , N79 , N78 , N77 , N76 , N75 , N73 , N72 , N71 , E90 , E71 , E70 , E66 , E65 , E62 , E61-E61i , E60 , E51 , E50 , Touch Xpress 5800 , 6220 Classic , 6210 Navigator , 6120 Classic , 6110 Navigator , 5700 , 5500 , 5320XM .",neutral,phrasebank,controlled_gold_split,neutral,0.0012188697,0.9972038,0.0015773346
phrasebank_sentences_66agree_1127,Sponda plans to renovate old real estate and develop new property .,neutral,phrasebank,controlled_gold_split,neutral,0.00044670588,0.9953849,0.0041684466
phrasebank_sentences_75agree_1145,"`` Following last year 's good profit development , we have entered the current year in a good position .",positive,phrasebank,controlled_gold_split,positive,0.003328479,0.002674508,0.993997
phrasebank_sentences_50agree_2119,"In 2007 , Marimekko has also opened concept stores in Yokohama and Nagoya , central Japan , in Silver Spring in metropolitan Washington DC , USA , in Graz , central Austria , and in Aalborg , northern Denmark .",positive,phrasebank,controlled_gold_split,neutral,0.0008455026,0.98700583,0.012148613
phrasebank_sentences_75agree_2786,"The total value of the project is estimated to be over 3.0 mln euro $ 4.4 mln , of which the services will be over 2.0 mln euro $ 2.9 mln and third-party licences more than 1.0 mln euro $ 1.5 mln .",neutral,phrasebank,controlled_gold_split,neutral,0.0008667529,0.99807334,0.0010598957
phrasebank_sentences_75agree_809,Also the traditional grapevine carries a lot of weight .,neutral,phrasebank,controlled_gold_split,neutral,0.0012778492,0.9956357,0.0030864275
phrasebank_sentences_allagree_2160,Operating profit fell to EUR 15.1 mn from EUR 24.6 mn in 2006 .,negative,phrasebank,controlled_gold_split,negative,0.9940479,0.004379702,0.0015723426
phrasebank_sentences_75agree_1219,"I am looking forward to contribute to SRV 's success with my competence '' , says Taneli Hassinen .",positive,phrasebank,controlled_gold_split,neutral,0.0014513979,0.6023553,0.3961933
phrasebank_sentences_allagree_1589,A filter is used to pre-process packets to determine if they need to be further processed by the processor of the network device .,neutral,phrasebank,controlled_gold_split,neutral,0.001966833,0.99718887,0.00084427366
phrasebank_sentences_50agree_3013,"( ADP News ) - Dec 11 , 2008 - Finnish power-supply solutions provider Efore Oyj ( OMX : EFO1V ) said yesterday it opened a technology research and development ( R&D ) laboratory at Helsinki University of Technology .",neutral,phrasebank,controlled_gold_split,neutral,0.0006400526,0.99565864,0.003701277
phrasebank_sentences_allagree_2098,Below are unaudited consolidated results for Aspocomp Group under IFRS reporting standards .,neutral,phrasebank,controlled_gold_split,neutral,0.0018548394,0.99715626,0.0009889533
phrasebank_sentences_allagree_598,Symphony Services provides development services for Aldata GOLD .,neutral,phrasebank,controlled_gold_split,neutral,0.0009294961,0.99765044,0.0014200832
phrasebank_sentences_allagree_425,"Citigroup , Inc ( NYSE : C ) has announced that its Global Transaction Services ( GTS ) business has been awarded a new mandate by Finland-based Pohjola Bank Group .",positive,phrasebank,controlled_gold_split,positive,0.0026009518,0.0039428077,0.9934562
phrasebank_sentences_allagree_1442,The full-function PC weighs 1.25 kilograms and measures slightly more than two centimeters thin .,neutral,phrasebank,controlled_gold_split,neutral,0.0024910215,0.9961559,0.0013530229
phrasebank_sentences_50agree_1894,CDLI highlights the companies that provided the most comprehensive response to the Carbon Disclosure Project CDP information request .,positive,phrasebank,controlled_gold_split,neutral,0.0006702064,0.9548452,0.044484593
phrasebank_sentences_allagree_501,"In the method the smelt spouts 2 are separated from the working area 6 by a shielding wall 8 , 10 arranged movable in relation to the smelt spouts .",neutral,phrasebank,controlled_gold_split,neutral,0.0031516072,0.9960246,0.00082375325
phrasebank_sentences_allagree_362,"The company 's profit before taxes fell to EUR 21.1 mn in the third quarter of 2008 , compared to EUR 35.8 mn in the corresponding period in 2007 .",negative,phrasebank,controlled_gold_split,negative,0.99408877,0.0043841614,0.001527009
phrasebank_sentences_75agree_1434,"The Group 's consolidated net sales for 2008 totaled 3.4 billion euros and it employs approximately 13,000 persons .",neutral,phrasebank,controlled_gold_split,neutral,0.001163801,0.9978446,0.0009915706
phrasebank_sentences_66agree_1883,- Moody 's said it gave P A1 long-term senior unsecured and P P-1 short-term debt ratings to Finnish lender Aktia Bank 's EUR1bn USD1 .4 bn euro medium-term note EMTN program of 25 March 2011 .,neutral,phrasebank,controlled_gold_split,positive,0.0017588417,0.32709196,0.67114913
phrasebank_sentences_allagree_1742,The company had net sales of EUR 19.8 mn and a pre-tax profit of EUR 1.8 mn in 2005 .,neutral,phrasebank,controlled_gold_split,neutral,0.001327464,0.9966145,0.0020580252
phrasebank_sentences_allagree_141,Its market share widened to 48.51 percent from 48.31 percent a year earlier .,positive,phrasebank,controlled_gold_split,positive,0.004041572,0.00314758,0.9928108
phrasebank_sentences_50agree_428,"Finnish silicon wafers manufacturer Okmetic Oyj said on June 29 , 2007 it signed an agreement with Nordea Bank Finland Plc , the local subsidiary of Swedish commercial bank Nordea Bank AB , which will refinance Okmetic 's syndicated bank facility which amounts to some 20 mln euro ( $ 26.9 mln ) .",positive,phrasebank,controlled_gold_split,positive,0.0031880203,0.0068352665,0.9899767
phrasebank_sentences_allagree_294,"However , the growth margin slowed down due to the financial crisis .",negative,phrasebank,controlled_gold_split,negative,0.9876436,0.008893859,0.0034625372
phrasebank_sentences_allagree_113,"Equity ratio was 60.9 % compared to 54.2 % In the third quarter of 2007 , net sales of the Frozen Foods Business totaled EUR 11.0 , up by about 5 % from the third quarter of 2006 .",positive,phrasebank,controlled_gold_split,positive,0.0030929293,0.0020927805,0.9948143
phrasebank_sentences_allagree_946,"Construction work on the Helsinki Music Centre is to start this autumn , with the total cost of the project estimated at 140 million euros .",neutral,phrasebank,controlled_gold_split,neutral,0.0010823273,0.9975333,0.0013843178
phrasebank_sentences_allagree_1561,Vacon recently announced plans to build its North American headquarters at 5 Business Park in Chambersburg .,neutral,phrasebank,controlled_gold_split,neutral,0.0005205574,0.99409467,0.0053847493
phrasebank_sentences_75agree_889,QPR product family is fully compatible with Microsoft 's Windows 7 operating system .,neutral,phrasebank,controlled_gold_split,neutral,0.0006939375,0.9233293,0.075976744
phrasebank_sentences_75agree_608,"Furthermore , efficiency improvement measures initiated earlier are now bearing fruit , '' CEO Jan Lang said .",positive,phrasebank,controlled_gold_split,positive,0.0018912537,0.002987005,0.99512166
phrasebank_sentences_50agree_2,"The international electronic industry company Elcoteq has laid off tens of employees from its Tallinn facility ; contrary to earlier layoffs the company contracted the ranks of its office workers , the daily Postimees reported .",negative,phrasebank,controlled_gold_split,negative,0.99392635,0.004232017,0.0018416235
phrasebank_sentences_75agree_2780,"The total investment in the company will be EUR58m , of which Wartsila 's share will be EUR29m .",neutral,phrasebank,controlled_gold_split,neutral,0.0006788725,0.99789375,0.0014273822
phrasebank_sentences_allagree_595,Stock Exchange Release 10/3/2011 12:00 Sanoma has published its Annual Report and Financial Statements for 2010 and its first Corporate Responsibility Report .,neutral,phrasebank,controlled_gold_split,neutral,0.002531103,0.9964921,0.0009767805
phrasebank_sentences_66agree_3268,"The bank also expects additional costs , related to the Dash 8 - Q400 jets , which the group shelved in October 2007 .",neutral,phrasebank,controlled_gold_split,neutral,0.02022829,0.97322696,0.0065447567
phrasebank_sentences_allagree_216,"Elisa said mobile subscriptions grew 7 percent during 2007 , mainly because of customers adopting so-called third generation mobile technology .",positive,phrasebank,controlled_gold_split,positive,0.0007550667,0.008221447,0.99102354
phrasebank_sentences_75agree_2807,These share transactions are part of the company 's strategy of relinquishing assets that are not part of its core business .,neutral,phrasebank,controlled_gold_split,neutral,0.0006935047,0.9977344,0.0015720212
phrasebank_sentences_50agree_1627,"The deal , already approved by shareholders , will be carried out in the first half of 2011 .",neutral,phrasebank,controlled_gold_split,neutral,0.00047888342,0.9888221,0.010698969
phrasebank_sentences_75agree_987,You are warmly welcome !,neutral,phrasebank,controlled_gold_split,positive,0.0015746512,0.04478773,0.95363766
phrasebank_sentences_75agree_1794,"The wireless industry is bracing itself for the iPhone , which will launch on June 29 .",neutral,phrasebank,controlled_gold_split,neutral,0.005230893,0.9890744,0.0056947405
phrasebank_sentences_allagree_2152,Net profit fell by almost half to +é 5.5 million from +é 9.4 million at the end of 2007 .,negative,phrasebank,controlled_gold_split,negative,0.99387217,0.0046567945,0.0014710604
phrasebank_sentences_allagree_1633,Finnish silicon wafer technology company Okmetic Oyj OMX Helsinki : OKM1V said on Wednesday 17 September that it will invest EUR6m in its sensor wafer business during 2009 .,neutral,phrasebank,controlled_gold_split,neutral,0.0006187539,0.99696726,0.0024139888
phrasebank_sentences_allagree_1070,The deal will have no significant effect on the acquiring company 's equity ratio .,neutral,phrasebank,controlled_gold_split,neutral,0.0010739324,0.9975592,0.0013668899
phrasebank_sentences_66agree_976,- Tikkurila inspires you to color your life .,neutral,phrasebank,controlled_gold_split,neutral,0.00087952835,0.9645199,0.034600623
phrasebank_sentences_allagree_2239,"The steelmaker said that the drop in profit was explained by the continuing economic uncertainty , mixed with the current drought in bank lending , resulting in a decline in demand for its products as customers find it increasingly difficult to fund operations .",negative,phrasebank,controlled_gold_split,negative,0.9935889,0.004738025,0.0016729772
phrasebank_sentences_allagree_1412,The company will propose a dividend of EUR0 .12 per share for 2008 .,neutral,phrasebank,controlled_gold_split,neutral,0.00092379557,0.99735874,0.0017174707
phrasebank_sentences_66agree_1645,"Key reasons to read this report : - Report contains only relevant information , leaving out excessive data .",neutral,phrasebank,controlled_gold_split,neutral,0.0029297261,0.99626225,0.00080801314
phrasebank_sentences_75agree_2619,Pharmaceutical market in Netherlands Global Research & Data Services published recently a market analysis about the pharmaceutical markets in Netherlands .,neutral,phrasebank,controlled_gold_split,neutral,0.0010466493,0.99721754,0.0017357738
phrasebank_sentences_66agree_1214,The veneer and plywood industry in Sweden is quite small despite the raw material resources .,neutral,phrasebank,controlled_gold_split,neutral,0.008636082,0.98994374,0.001420165
phrasebank_sentences_allagree_1975,"The mill 's raw material need will increase by 100,000 m3 of wood .",neutral,phrasebank,controlled_gold_split,positive,0.0009826439,0.019765865,0.9792515
phrasebank_sentences_50agree_2250,"Under the agreement , TietoEnator will provide Blyk with extended application and business process management services and an IT infrastructure .",positive,phrasebank,controlled_gold_split,neutral,0.00076989556,0.84925455,0.14997555
phrasebank_sentences_75agree_1363,"In 2007 , Alma Media 's operating profit was about EUR 53mn .",neutral,phrasebank,controlled_gold_split,neutral,0.0019245248,0.9969285,0.0011469439
phrasebank_sentences_66agree_2491,"GENEVA , Feb. 10 -- Tero Aaltonen , Finland has developed a radio resource control method .",neutral,phrasebank,controlled_gold_split,neutral,0.0007912692,0.9968046,0.0024041852
phrasebank_sentences_50agree_4126,Possible personnel reductions concern approximately 104 people .,negative,phrasebank,controlled_gold_split,negative,0.9895544,0.009252478,0.001193096
phrasebank_sentences_allagree_655,Customers in a wide range of industries use our stainless steel and services worldwide .,neutral,phrasebank,controlled_gold_split,neutral,0.00049045274,0.99506503,0.004444535
phrasebank_sentences_66agree_2055,facades in Riga 8 March 2010 - Finnish construction company YIT Oyj HEL : YTY1V said today that it will build the frame and the facades in a tower construction project in Riga .,neutral,phrasebank,controlled_gold_split,neutral,0.00094077364,0.9902244,0.008834754
phrasebank_sentences_allagree_169,Operating profit rose to EUR2 .4 m from EUR1 .6 m year earlier .,positive,phrasebank,controlled_gold_split,positive,0.0038007442,0.0023324415,0.99386674
phrasebank_sentences_allagree_180,Pretax profit rose to EUR 0.6 mn from EUR 0.4 mn in the corresponding period in 2005 .,positive,phrasebank,controlled_gold_split,positive,0.0042795297,0.0023449888,0.9933755
phrasebank_sentences_75agree_619,"Meanwhile , Electrowatt-Ekono Philippines , Inc. was also awarded a three-year operation and maintenance ( O&M ) contract by FR Cement Corporation .",positive,phrasebank,controlled_gold_split,positive,0.0034802768,0.0028460727,0.99367356
phrasebank_sentences_allagree_1494,The reductions will be concluded by autumn 2010 .,neutral,phrasebank,controlled_gold_split,neutral,0.0035819262,0.9951106,0.0013074625
phrasebank_sentences_50agree_2784,"ALEXANDRIA , Va. , Dec. 17 -- Reijo Salovaara , Nastola , Finland , has developed a veneer cutter .",neutral,phrasebank,controlled_gold_split,neutral,0.0015220518,0.9966845,0.0017934153
phrasebank_sentences_allagree_2129,Consolidated pretax profit decreased by 69.2 % to EUR 41.0 mn from EUR 133.1 mn in 2007 .,negative,phrasebank,controlled_gold_split,negative,0.9938693,0.0044175712,0.001713134
phrasebank_sentences_75agree_3178,"Dirk Jones , head of Financial Institutions Client Sales Management , GTS , Citigroup , Inc , said , ` Citi is extremely pleased to be providing global custody services to Pohjola Group Bank .",positive,phrasebank,controlled_gold_split,positive,0.002033189,0.008560046,0.98940676
phrasebank_sentences_75agree_3027,The production is to be liquidated before June 2009 and 325 employees loose their jobs .,negative,phrasebank,controlled_gold_split,negative,0.9879038,0.010304669,0.0017915574
phrasebank_sentences_50agree_1811,One of my colleagues summed up the E7 quite aptly when he remarked : `` Fantastic hardware .,positive,phrasebank,controlled_gold_split,positive,0.0015342496,0.02660419,0.9718615
phrasebank_sentences_allagree_529,`` They want my credit card info and my personal details .,neutral,phrasebank,controlled_gold_split,neutral,0.0072646732,0.9913215,0.001413833
phrasebank_sentences_75agree_2284,"The other two sellers were the Finnish National Fund for R&D ( Sitra ) and Oras Invest Oy , which also sold half of their shareholdings , leaving them with 3.8 pct and 3.2 pct of the company respectively .",neutral,phrasebank,controlled_gold_split,neutral,0.002521167,0.9964651,0.0010136819
phrasebank_sentences_50agree_710,"Finnish industrial investor Panostaja Oyj OMX Helsinki : PNAAS OMX Helsinki : PNABS said on Friday 11 July that it has signed a deal to acquire the entire share capital of Kospa Oy , the manufacturer of waste disposal equipment .",positive,phrasebank,controlled_gold_split,positive,0.0016794095,0.027814882,0.9705057
phrasebank_sentences_66agree_1252,6 October 2010 - Finnish paints and coatings company Tikkurila Oyj HEL : TIK1V announced today the launch of Tikkurila ProHouse method for protection of wooden surfaces via treatment with Ultra Pro waterborne products .,neutral,phrasebank,controlled_gold_split,neutral,0.000572513,0.9857985,0.013629029
phrasebank_sentences_allagree_1362,Sunrise Resources operates in Russian near-shore development markets through its wholly-owned Russian subsidiary and has 80 % of its personnel in Russia .,neutral,phrasebank,controlled_gold_split,neutral,0.00068515947,0.9973477,0.0019671463
phrasebank_sentences_75agree_2886,Finnish Bank of +àland +àlandsbanken has issued a profit warning .,negative,phrasebank,controlled_gold_split,negative,0.99335325,0.005289559,0.0013571449
phrasebank_sentences_allagree_1574,- Cash flow from operating activities before investments was EUR 7.6 million EUR 2.5 million .,neutral,phrasebank,controlled_gold_split,neutral,0.0075776097,0.9915023,0.00092016655
phrasebank_sentences_75agree_2965,"Finnish Konecranes is again trying to acquire Italian Fantuzzi , a manufacturer of gantry cranes and reach stackers .",neutral,phrasebank,controlled_gold_split,neutral,0.000933167,0.995739,0.003327806
phrasebank_sentences_75agree_789,Raffles Equities Ltd became a substantial holder in Archer Exploration Ltd on January 12 with 11.7 million shares ( 18.2 pc ) .,neutral,phrasebank,controlled_gold_split,neutral,0.00088832574,0.9972692,0.0018424118
phrasebank_sentences_allagree_1982,The share subscription period will expire on 30 September 2007 .,neutral,phrasebank,controlled_gold_split,neutral,0.0010111553,0.99787176,0.001117063
phrasebank_sentences_66agree_64,"As a result of the share issue , the number of the company 's shares increases by 391,630 shares and the share capital by a total of EUR 15,665.20 .",neutral,phrasebank,controlled_gold_split,positive,0.0011082579,0.111455925,0.88743585
phrasebank_sentences_allagree_2114,"Finnish electronics contract manufacturer Scanfil reports net sales of EUR 241.2 mn in 2006 , down from EUR 321.6 mn in 2005 .",negative,phrasebank,controlled_gold_split,negative,0.99392974,0.004531448,0.0015387392
phrasebank_sentences_allagree_197,The company expects its net sales in 2008 to increase 5-10 % from 2007 .,positive,phrasebank,controlled_gold_split,positive,0.0028652826,0.0025986985,0.99453604
phrasebank_sentences_allagree_1605,BM4 middle layer headbox will be equipped with a dilution control system .,neutral,phrasebank,controlled_gold_split,neutral,0.00066073274,0.99620545,0.0031337638
phrasebank_sentences_66agree_1473,"Also , it is bringing in `` the right kind of people '' to upgrade its human resources .",positive,phrasebank,controlled_gold_split,positive,0.0014299257,0.0037673528,0.9948027
phrasebank_sentences_75agree_1338,Acquisitions have been made and businesses have been well integrated .,positive,phrasebank,controlled_gold_split,positive,0.0009938183,0.008618882,0.99038726
phrasebank_sentences_allagree_1872,"According to CEO Matti Perkonoja of the parent company HKScan , the company 's performance in the first quarter of 2010 has remained clearly below the level of the corresponding period in 2009 .",negative,phrasebank,controlled_gold_split,negative,0.9936527,0.0048649274,0.0014822708
phrasebank_sentences_allagree_903,"Raute , headquartered in Nastola , Finland , is a technology company serving the wood products industry worldwide .",neutral,phrasebank,controlled_gold_split,neutral,0.0009910328,0.99730325,0.0017056753
phrasebank_sentences_75agree_1604,He is a member of the Board of numerous com-panies and a shareholder of the Boardman Ltd board specialist net-work .,neutral,phrasebank,controlled_gold_split,neutral,0.0011587912,0.99743795,0.0014032398
phrasebank_sentences_75agree_857,It is planned to set up the A class business center in the two top storeys of the complex .,neutral,phrasebank,controlled_gold_split,neutral,0.000597009,0.9963503,0.0030526589
phrasebank_sentences_75agree_2399,"UPM is talking to Myllykoski+ó s creditor banks -- Nordea ( STO : NDA ) , Nordic Investment Bank and Danske Bank+ó s ( CPH : DANSKE ) Sampo Bank -- over a deal , the paper said .",neutral,phrasebank,controlled_gold_split,neutral,0.0005598338,0.99456596,0.0048741563
phrasebank_sentences_75agree_1882,"As a condition to the deal , Savcor Alfa has to have bought Photonium and Akseli Lahtinen Inc. 's business operations prior to the deal .",neutral,phrasebank,controlled_gold_split,neutral,0.0020093927,0.99711275,0.0008778387
phrasebank_sentences_allagree_369,"Profit before taxes was EUR 5.4 mn , up from EUR 3.6 mn a year earlier .",positive,phrasebank,controlled_gold_split,positive,0.0034558135,0.0021166264,0.99442756
phrasebank_sentences_75agree_924,"The cooperation will involve Arena Partners buying a 35 % share of the new joint venture company , operating in Alma Media 's home sales , vehicle and consumer advertising marketplace businesses .",neutral,phrasebank,controlled_gold_split,neutral,0.00040171444,0.99275726,0.0068410905
phrasebank_sentences_allagree_1377,"The approximately 20,000 dwt vessel has been ordered from India .",neutral,phrasebank,controlled_gold_split,neutral,0.00062609895,0.9951036,0.004270261
phrasebank_sentences_75agree_659,"`` Last year , Finnair recorded a 32.6-percent growth on the Asian sector , carrying more than 1.10 million passengers between the two continents . ''",positive,phrasebank,controlled_gold_split,positive,0.0017736044,0.002878844,0.99534756
phrasebank_sentences_allagree_1009,"PCS Digital Guatemala has been using Tecnomen 's prepaid system in Telgua fixed networks as well as code division multiple access , or CDMA , and global system for mobile communication , or GSM , since 2003 .",neutral,phrasebank,controlled_gold_split,neutral,0.00052009587,0.99710065,0.0023792037
phrasebank_sentences_allagree_1626,Elcoteq expects its net sales for the last quarter of 2010 to be on the level of the third quarter .,neutral,phrasebank,controlled_gold_split,neutral,0.0013227675,0.9969754,0.0017017876
phrasebank_sentences_allagree_1853,"Under the transaction agreement , Metsaliitto will purchase 24.7 % of Metsa-Botnia 's shares from UPM and 3 % from M-real .",neutral,phrasebank,controlled_gold_split,neutral,0.00057530357,0.996425,0.0029996927
phrasebank_sentences_allagree_1279,"Jeder Beta-Tester erh+ñlt kostenlos sechs Monate lang Updates und hat laut eigener Aussage die M+Âglichkeit , die finale Version zu beeinflussen .",neutral,phrasebank,controlled_gold_split,neutral,0.0015123405,0.98453957,0.013948029
phrasebank_sentences_66agree_4156,`` Low energy consumption and flexible loading are just a few of the advantages of the CHF Pro . '',neutral,phrasebank,controlled_gold_split,neutral,0.0007848915,0.9108979,0.088317186
phrasebank_sentences_50agree_517,"The decision to sell a share in Lenenergo was reached in line with Fortum 's strategic plans to invest mainly in generating assets in Russia , while Lenenergo is a grid company , the press release said .",positive,phrasebank,controlled_gold_split,neutral,0.0012275194,0.5271554,0.471617
phrasebank_sentences_allagree_1582,"`` Over the years , the color orange has become synonymous with quality .",neutral,phrasebank,controlled_gold_split,neutral,0.00082429335,0.98506606,0.014109652
phrasebank_sentences_allagree_2020,"During the strike , Finnair estimates to incur a net loss of between EUR2m and EUR2 .5 m per day .",negative,phrasebank,controlled_gold_split,negative,0.9802644,0.017971711,0.0017638693
phrasebank_sentences_50agree_1515,Delivery will start immediately in June 2008 and will be completed in 2008 .,neutral,phrasebank,controlled_gold_split,neutral,0.00064445165,0.9966449,0.0027105946
phrasebank_sentences_75agree_3251,"The podcast , sees Harple provide the low-down on GyPSii 's platform , which takes someone 's location and demographic information to produce a contextual index of the world around them .",neutral,phrasebank,controlled_gold_split,neutral,0.0011365577,0.9975955,0.0012679216
phrasebank_sentences_allagree_557,"Following the registration , the number of issued and outstanding shares of Basware is 12,890,829 .",neutral,phrasebank,controlled_gold_split,neutral,0.0011660061,0.9977847,0.0010492919
phrasebank_sentences_allagree_1613,Combined net sales in 2006 were $ 27 million and EBITDA was $ 13.7 million .,neutral,phrasebank,controlled_gold_split,neutral,0.0012051498,0.99760145,0.001193438
phrasebank_sentences_75agree_1121,To raise consumer awareness and encourage people to recycle their old mobile devices Nokia runs regular recycling campaigns around the world .,neutral,phrasebank,controlled_gold_split,neutral,0.001008401,0.9185709,0.08042075
phrasebank_sentences_allagree_447,The company also said that in Poland a profitability program has been launched at the Oborniki steel frame and sandwich panel plant .,positive,phrasebank,controlled_gold_split,positive,0.0007631094,0.0112577,0.9879793
phrasebank_sentences_allagree_1289,( A spokesperson told WWD to expect a 50-50 mix of clothing and home decor . ),neutral,phrasebank,controlled_gold_split,neutral,0.000727435,0.99667585,0.002596671
phrasebank_sentences_75agree_1407,Profit of the accounting period was EUR 0.3 mn .,neutral,phrasebank,controlled_gold_split,neutral,0.009283218,0.98945427,0.0012624963
phrasebank_sentences_50agree_1958,"`` We will continue to make it easier for users to explore services on their handsets and will work towards bringing Internet to a wider range of devices including mid and low-end devices , '' said Kallasvuo .",neutral,phrasebank,controlled_gold_split,positive,0.00071710284,0.026311422,0.9729714
phrasebank_sentences_66agree_889,"According to Pietinalho , doctors should motivate their patients who smoke every time they visit their doctors .",neutral,phrasebank,controlled_gold_split,neutral,0.0011444113,0.8642339,0.13462168
phrasebank_sentences_50agree_4139,The Symbian Foundation plans to revise its procedures for testing and signing software after digitally signing a trojan for its Symbian mobile phone operating system by mistake .,neutral,phrasebank,controlled_gold_split,neutral,0.013420256,0.98502165,0.0015580653
phrasebank_sentences_75agree_2865,Net loss in the same period in 2009 was euro18 .6 million .,neutral,phrasebank,controlled_gold_split,neutral,0.04327665,0.9551338,0.0015894911
phrasebank_sentences_allagree_1831,"The unit 's clients are mainly in the field of specialist convenience goods , as well as in the textile , shoe and furniture businesses .",neutral,phrasebank,controlled_gold_split,neutral,0.0015217547,0.9974636,0.0010146976
phrasebank_sentences_66agree_489,"The tower it chose to add , due to go into operation in the summer , will increase total capacity to 80 broadsheet or 160 tabloid pages , with the ability to run 32 - and 48-page products side by side .",positive,phrasebank,controlled_gold_split,positive,0.0013677076,0.00921067,0.98942155
phrasebank_sentences_50agree_1078,TeliaSonera is the leading telecommunications company in the Nordic and Baltic regions .,positive,phrasebank,controlled_gold_split,positive,0.00069787673,0.052416764,0.9468852
phrasebank_sentences_75agree_3262,"The OMX Nordic 40 OMXN40 index , comprising the 40 most traded Nordic stocks on the Nasdaq OMX exchange , closed down 0.87 % at 1,064.14 points on Thursday .",negative,phrasebank,controlled_gold_split,negative,0.99107176,0.0076486496,0.0012794666
phrasebank_sentences_allagree_1146,A total 30 % of the order value was booked in the fourth quarter of 2009 and the remainder will be booked in the second quarter of 2010 .,neutral,phrasebank,controlled_gold_split,neutral,0.0009332818,0.9978084,0.0012583231
phrasebank_sentences_allagree_365,The plan is estimated to generate some EUR 5 million ( USD 6.5 m ) in cost savings on an annual basis .,positive,phrasebank,controlled_gold_split,positive,0.0026479987,0.00354938,0.99380255
phrasebank_sentences_50agree_4209,"Jul. 18 -- Police are looking for a man who they say terrorized three males at gunpoint on East Maple Avenue this afternoon , shooting one of them and kidnapping another .",negative,phrasebank,controlled_gold_split,negative,0.9808121,0.016261032,0.0029268528
phrasebank_sentences_allagree_1049,"The company operates its business through two reportable segments , including Banking and Investment Services , and Non-Life Insurance .",neutral,phrasebank,controlled_gold_split,neutral,0.0010473733,0.9979073,0.0010453295
phrasebank_sentences_66agree_1978,A. Le Coq had a market share of 41.3 percent and rival beverage group Saku 32.1 percent .,neutral,phrasebank,controlled_gold_split,neutral,0.0006556864,0.99635065,0.002993616
phrasebank_sentences_allagree_846,"Systeemitiimi 's sales and project resources will also be strengthened , director Paul Skogberg said .",positive,phrasebank,controlled_gold_split,positive,0.002755733,0.002629539,0.99461466
phrasebank_sentences_75agree_3179,The company said it estimates to make a slight profit thanks to cost-cutting measures .,positive,phrasebank,controlled_gold_split,positive,0.0035970462,0.0029300952,0.9934729
phrasebank_sentences_50agree_2045,The Finnish company claims to have over a quarter of a million contented Tulikivi fireplace business and homeowners worldwide .,neutral,phrasebank,controlled_gold_split,neutral,0.0005314367,0.99718696,0.0022815617
phrasebank_sentences_50agree_1176,"Anttila 's online department store - NetAnttila - has an established position as the best-known , most visited and most shopped online store in Finland  .",neutral,phrasebank,controlled_gold_split,positive,0.000975342,0.011743667,0.987281
phrasebank_sentences_66agree_747,"HELSINKI ( AFX ) - Metso said it will upgrade one of UPM-Kymmene 's four paper machines at the latter 's mill in Jaemsaenkoski with a new coating color supply system , machine and process controls and quality measurements .",positive,phrasebank,controlled_gold_split,positive,0.0010031898,0.012845447,0.9861513
phrasebank_sentences_allagree_47,"Finnish financial group Aktia reports operating profit of EUR 44.4 mn in January-September 2009 , up from EUR 37.3 mn in the corresponding period in 2008 .",positive,phrasebank,controlled_gold_split,positive,0.0039446936,0.0021238504,0.9939314
phrasebank_sentences_75agree_1438,The Group 's revenue in 2009 amounted to EUR 70 million and the company currently employs approximately 780 people .,neutral,phrasebank,controlled_gold_split,neutral,0.0011841278,0.9975822,0.0012337052
phrasebank_sentences_allagree_1031,Suomen Paikallissanomat Oy is part of Alma Media Group and it currently publishes 15 local newspapers across Finland .,neutral,phrasebank,controlled_gold_split,neutral,0.00088666275,0.9973483,0.0017650623
phrasebank_sentences_66agree_1790,"Kai Tulonen , Chief Technology Officer , SysOpen Digia says : `` Mobility Business Suite represents a significant milestone in the company 's offering to the telecommunications industry .",positive,phrasebank,controlled_gold_split,positive,0.0015643449,0.005573231,0.9928624
phrasebank_sentences_66agree_1377,"The most loyal customers were found in the Bank of +àland , with an index of 8.0 .",positive,phrasebank,controlled_gold_split,positive,0.0014151392,0.4883234,0.5102614
phrasebank_sentences_66agree_637,"Okmetic 's products are based on high-tech expertise that generates added value for customers , innovative product development and an extremely efficient production process .",positive,phrasebank,controlled_gold_split,positive,0.0007328081,0.07068408,0.9285831
phrasebank_sentences_allagree_608,The company specialises in temporary electrification and heating at construction sites .,neutral,phrasebank,controlled_gold_split,neutral,0.0012098833,0.9976152,0.0011749517
phrasebank_sentences_allagree_877,"Profit after taxes was EUR 0.1 mn , compared to EUR -0.4 mn the previous year .",positive,phrasebank,controlled_gold_split,negative,0.62780315,0.004569369,0.3676276
phrasebank_sentences_75agree_591,"According to Ringman , Finnish paper companies have acquired know-how and capacity in paper recycling , which has turned out to be a successful strategy .",positive,phrasebank,controlled_gold_split,positive,0.0026571627,0.0039888737,0.99335396
phrasebank_sentences_66agree_3298,The company plans to increase the unit 's specialist staff to several dozen -- depending on the market situation during 2010 .,neutral,phrasebank,controlled_gold_split,neutral,0.0011628796,0.8265873,0.17224987
phrasebank_sentences_75agree_1129,"VDW combined with LXE devices enhances productivity , enabling workers to use a single device to perform voice , scanning and keyboard functions .",positive,phrasebank,controlled_gold_split,positive,0.0019654075,0.005453226,0.99258137
phrasebank_sentences_75agree_387,The revenues of the business reached NOK 12 million for 2008 .,neutral,phrasebank,controlled_gold_split,neutral,0.0006790847,0.9865762,0.012744751
phrasebank_sentences_allagree_161,Operating profit rose to EUR 103.4 mn from EUR 23.2 in the corresponding period in 2006 .,positive,phrasebank,controlled_gold_split,positive,0.004013022,0.0024579067,0.993529
phrasebank_sentences_66agree_3889,At the same time I am delighted by the fact that we were able to accomplish the organization with our own team members .,positive,phrasebank,controlled_gold_split,positive,0.0019239358,0.005338159,0.99273795
phrasebank_sentences_75agree_398,"Significance : Teleste has emphasised that with its large size and growing economy , as well as the rapid development of its TV services distribution industry , Poland is viewed as an attractive market .",positive,phrasebank,controlled_gold_split,positive,0.0011081368,0.0070585706,0.9918333
phrasebank_sentences_75agree_836,"Entire paper mills may be set up , especially in the new EU member states .",neutral,phrasebank,controlled_gold_split,neutral,0.00049486937,0.9884598,0.011045327
phrasebank_sentences_allagree_1949,"Huhtamaki 's rigid plastic consumer goods operations , which are mainly in Europe , will be separated into a new reporting segment as of 1 January 2009 .",neutral,phrasebank,controlled_gold_split,neutral,0.00096287404,0.99777395,0.0012632045
phrasebank_sentences_66agree_1509,Metso said it has won an order worth around 40 mln eur to supply a kraftliner board machine to China 's Lee & Man Paper Co. .,positive,phrasebank,controlled_gold_split,positive,0.003323053,0.0043003503,0.9923766
phrasebank_sentences_allagree_2119,"Finnish plumbing and heating systems supplier Uponor 's net sales from continuing operations decreased by 9.4 % in 2008 to EUR 949.2 mn from EUR 1,047.4 mn in 2007 .",negative,phrasebank,controlled_gold_split,negative,0.9932407,0.005263197,0.0014961964
phrasebank_sentences_allagree_402,Major Order in India Comptel Corporation has received a significant long-term order for mediation and provisioning solutions being used by a leading operator in India .,positive,phrasebank,controlled_gold_split,positive,0.003525588,0.0035324807,0.992942
phrasebank_sentences_allagree_2115,"Finnish electronics contract manufacturer Scanfil reports net sales of EUR 58.9 mn in the second quarter of 2007 , down from EUR 62.4 mn a year earlier .",negative,phrasebank,controlled_gold_split,negative,0.99406683,0.0043076747,0.0016254566
phrasebank_sentences_allagree_82,Finnish forest machinery manufacturer Ponsse 's net sales grew to EUR 51.3 mn in the first quarter of 2010 from EUR 37.5 mn in the corresponding period in 2009 .,positive,phrasebank,controlled_gold_split,positive,0.0043622735,0.00264069,0.9929971
phrasebank_sentences_allagree_669,The fine print is here .,neutral,phrasebank,controlled_gold_split,neutral,0.0010683371,0.9962458,0.0026857995
phrasebank_sentences_75agree_754,"Our solutions are fully Arabized , and our message is that we want to become the IT partner of choice for businesses in the Near-East region .",neutral,phrasebank,controlled_gold_split,positive,0.0006140153,0.025391959,0.9739941
phrasebank_sentences_75agree_1319,The insurer anticipates its share in Nordea 's net profit to be significant .,positive,phrasebank,controlled_gold_split,positive,0.001917435,0.0067647854,0.99131787
phrasebank_sentences_allagree_77,- Operating profit rose by 26.9 % to EUR 105.8 ( 83.4 ) million .,positive,phrasebank,controlled_gold_split,positive,0.0029344088,0.0021301524,0.99493545
phrasebank_sentences_allagree_1117,"Tieto in Latvia is represented by IT services companies TietoEnator Alise and TietoEnator , which has operations in the industries of Financial Services Cards , Retail and Logistics and IT Outsourcing and Managed Services .",neutral,phrasebank,controlled_gold_split,neutral,0.001576302,0.9975247,0.0008990273
phrasebank_sentences_66agree_1097,"Neste Oil extended yesterday 's gains and put on 0.49 pct to 22.72 eur , while utility Fortum shed 1.14 pct to 20.76 eur .",neutral,phrasebank,controlled_gold_split,positive,0.0029460362,0.013662301,0.98339164
phrasebank_sentences_75agree_846,Gunneflo will be responsible of Oriola-KD 's Pharmaceutical Trade business in Sweden .,neutral,phrasebank,controlled_gold_split,neutral,0.0008447798,0.99778664,0.0013685374
phrasebank_sentences_allagree_818,Finnish elevators and escalators maker KONE Corporation said on Tuesday ( 18 March ) that it has received a major order from Sir Robert McAlpine to supply all elevators and escalators for the Watermark Place project in the City of London .,positive,phrasebank,controlled_gold_split,positive,0.0044746865,0.004413925,0.99111134
phrasebank_sentences_allagree_955,Earnings per share EPS amounted to EUR0 .01 .,neutral,phrasebank,controlled_gold_split,neutral,0.005286396,0.99275935,0.0019542754
phrasebank_sentences_allagree_1808,The per-share subscription price of the shares subscribed with the option rights was EUR 1.35 .,neutral,phrasebank,controlled_gold_split,neutral,0.0015190757,0.99765426,0.0008267141
phrasebank_sentences_allagree_1777,"The executive said that countries such as Brazil , Chile , Argentina and Mexico will lead the adoption in the business Ethernet services segment , while Brazil and Mexico will be the early adopters of carrier Ethernet for mobile backhaul .",neutral,phrasebank,controlled_gold_split,neutral,0.0005175412,0.9806433,0.018839171
phrasebank_sentences_75agree_3137,The recent troubles simply make NETeller cheaper .,negative,phrasebank,controlled_gold_split,neutral,0.08321658,0.90631413,0.010469314
phrasebank_sentences_66agree_1338,Ruukki is restructuring commercial and industrial construction operations in pursuit of permanent improvements whilst adjusting operations to market conditions .,neutral,phrasebank,controlled_gold_split,neutral,0.00071626133,0.9871336,0.012150186
phrasebank_sentences_50agree_869,"Nokia will provide Indosat turnkey services , including civil works , network planning , implementation and integration of a WCDMA 3G-HSPA network .",neutral,phrasebank,controlled_gold_split,neutral,0.00050126016,0.9973214,0.002177375
phrasebank_sentences_allagree_1722,The agreement includes the entire process of managing Mercator 's supply chain in all regions where the company is currently present .,neutral,phrasebank,controlled_gold_split,neutral,0.0005305955,0.99755496,0.0019144835
phrasebank_sentences_allagree_1447,"The huge bridge girders will be delivered to the site from our plant in Ylivieska , Finland .",neutral,phrasebank,controlled_gold_split,neutral,0.0005880397,0.9929495,0.0064624716
phrasebank_sentences_allagree_2148,"( ADP News ) - Feb 4 , 2009 - Finnish broadband data communication systems and solutions company Teleste Oyj ( HEL : TLT1V ) said today its net profit decreased to EUR 5.5 million ( USD 7.2 m ) for 2008 from EUR 9.4 million for 200",negative,phrasebank,controlled_gold_split,negative,0.99358046,0.005188436,0.0012311586
phrasebank_sentences_50agree_2812,"As a result of the negotiations , the company will terminate total 5 employment contracts .",negative,phrasebank,controlled_gold_split,negative,0.9914273,0.007372659,0.0012000327
phrasebank_sentences_75agree_2368,The volumes are expected to increase during the next few years .,positive,phrasebank,controlled_gold_split,positive,0.0018591551,0.0045036483,0.9936372
phrasebank_sentences_66agree_1475,"By acquiring RCP , we can combine our strong knowhow with the expertise of a solid local company .",positive,phrasebank,controlled_gold_split,positive,0.0013755265,0.0054883384,0.99313617
phrasebank_sentences_allagree_1845,"These new units will be built at Cargotec 's state of the art manufacturing facility in San Antonio , Texas , USA , which started operations in 2009 .",neutral,phrasebank,controlled_gold_split,neutral,0.00056242105,0.9665318,0.03290578
phrasebank_sentences_allagree_277,"Biohit Oyj develops , manufactures and markets liquid handling products and diagnostic test systems for use in research , healthcare and industrial laboratories .",neutral,phrasebank,controlled_gold_split,neutral,0.00084787654,0.99754,0.0016121326
phrasebank_sentences_50agree_2018,"In addition to the Indian market , the new plant will serve Salcomp 's customers globally , the company said .",positive,phrasebank,controlled_gold_split,positive,0.0009420995,0.27215484,0.726903
phrasebank_sentences_75agree_1292,"In 2006 the company 's net sales amounted to approximately EUR259m and it has some 8,000 employees .",neutral,phrasebank,controlled_gold_split,neutral,0.00090994214,0.9978727,0.0012173073
phrasebank_sentences_allagree_1314,Number of offers received for this contract is two .,neutral,phrasebank,controlled_gold_split,neutral,0.0021226185,0.9952969,0.0025804476
phrasebank_sentences_75agree_575,"`` We continued actively to focus R&D and to position our offering away from point solutions towards dynamic end-to-end solutions , '' Ervio stated .",positive,phrasebank,controlled_gold_split,positive,0.0019779697,0.008804253,0.9892179
phrasebank_sentences_50agree_2797,"Also the city 's insurance company , If P & C Insurance , has said it will not pay compensation .",negative,phrasebank,controlled_gold_split,neutral,0.14350028,0.85283285,0.0036668936
phrasebank_sentences_allagree_1118,"Together with Latvia , Cramo will operate 54 rental outlets in the Baltic States .",neutral,phrasebank,controlled_gold_split,neutral,0.00044745652,0.99123245,0.008320111
phrasebank_sentences_allagree_2179,The Group 's order portfolio decreased from EUR 42.9 mn in 9-2007 to EUR 33.3 mn in 2-2008 .,negative,phrasebank,controlled_gold_split,negative,0.9927942,0.0059875576,0.0012182293
phrasebank_sentences_75agree_917,"The company has delivered the technical infrastructure , used by NAV for their data warehouse and business intelligence initiatives .",neutral,phrasebank,controlled_gold_split,neutral,0.00039726484,0.99333364,0.0062691257
phrasebank_sentences_allagree_1729,"The business is organised , as of February 1 , 2011 , in a way that production of design services is combined into one entity , Etteplan Operations .",neutral,phrasebank,controlled_gold_split,neutral,0.000882097,0.9980434,0.0010744537
phrasebank_sentences_allagree_1887,"Operating loss totalled EUR 5.2 mn , compared to a loss of EUR 3.4 mn in the corresponding period in 2008-2009 .",negative,phrasebank,controlled_gold_split,negative,0.97160417,0.0037011218,0.024694616
phrasebank_sentences_50agree_1822,"With Aldata , we can help retailers ensure that their merchandising and selections reflect customer demand and their evolving shopping behavior . ''",neutral,phrasebank,controlled_gold_split,positive,0.0011224801,0.30431998,0.69455755
phrasebank_sentences_50agree_800,16 February 2011 - Finnish industrial machinery company Metso Oyj ( HEL : MEO1V ) said today it will deliver minerals processing equipment and basic engineering to Canadian miner Northland Resources ( OSL : NAUR ) ( TSE : NAU ) .,positive,phrasebank,controlled_gold_split,positive,0.0019579623,0.44875392,0.5492881
phrasebank_sentences_allagree_650,Aspo has also investigated the sales opportunities of Kaukomarkkinat 's electronics business .,neutral,phrasebank,controlled_gold_split,neutral,0.0020334697,0.99633104,0.0016355354
phrasebank_sentences_allagree_1264,"Indigo and Somoncom serve 377,000 subscribers and had a market share of approximately 27 % as of May 2007 .",neutral,phrasebank,controlled_gold_split,neutral,0.0005623689,0.9971204,0.0023173364
phrasebank_sentences_66agree_1753,"Finnish forest machinery and equipment maker Ponsse Oyj said on October 5 , 2007 it will deliver a total of 67 cut-to-length method forest machines and 44 harvester heads to Brazilian paper maker Bahia Pulp and to unnamed Uruguayan wood harvesting contractors .",positive,phrasebank,controlled_gold_split,neutral,0.0013117051,0.75211585,0.24657246
phrasebank_sentences_allagree_466,Operating profit improved to EUR 20.3 mn from EUR 11.4 mn .,positive,phrasebank,controlled_gold_split,positive,0.004296762,0.0022161077,0.9934871
phrasebank_sentences_50agree_1865,The company 's main shareholders Lihakunta and Itikka Osuuskunta have both made a commitment to acquire shares worth EUR 20mn .,neutral,phrasebank,controlled_gold_split,positive,0.0015875986,0.4695035,0.52890897
phrasebank_sentences_allagree_245,"Revenue from July to September grew 21 percent to EURO 2.3 billion , the Finnish company said Thursday .",positive,phrasebank,controlled_gold_split,positive,0.0018910402,0.0030995836,0.9950093
phrasebank_sentences_allagree_248,Sales in Finland rose by 3.9 % and international growth was 0.7 % .,positive,phrasebank,controlled_gold_split,positive,0.002326912,0.0022819054,0.99539113
phrasebank_sentences_75agree_2177,The company does not at present hold any of its own shares .,neutral,phrasebank,controlled_gold_split,neutral,0.0017396132,0.9974732,0.000787174
phrasebank_sentences_allagree_1621,"Currently it operates a fleet of eight carriers , as well as nine pushers and barges .",neutral,phrasebank,controlled_gold_split,neutral,0.0006022145,0.99721634,0.002181402
phrasebank_sentences_allagree_1023,Solteq Plc ANNOUNCEMENT 16.12.2010 SHARE REPURCHASE 16.12.2010 In the Helsinki Stock Exchange Solteq Plc now holds a total of 486.969 shares including the shares repurchased on 16.12.2010 .,neutral,phrasebank,controlled_gold_split,neutral,0.0013417669,0.9975631,0.0010951181
phrasebank_sentences_75agree_2302,"The Process Products orders are for the installation of separation-filtration equipment at three natural gas pipeline projects in China , South America , and Saudi Arabia .",neutral,phrasebank,controlled_gold_split,neutral,0.0011765452,0.99701893,0.0018045597
phrasebank_sentences_50agree_1137,A new production line is being completed for the contract production of hormone treatments .,positive,phrasebank,controlled_gold_split,neutral,0.0014638908,0.6640021,0.334534
phrasebank_sentences_50agree_704,"Asimilar agreement was signed between China Mobile Ltd. ( SEHK : 0941 and NYSE : CHL ) , the largest mobile carrier , and theGPS and social networking service provider , promoting GyPSii service before Beijing 2008 Olympic Games , according to thelatest news .",positive,phrasebank,controlled_gold_split,positive,0.0018286929,0.0073608803,0.9908105
phrasebank_sentences_50agree_822,"An estimated 30 pct of mobile calls are made from the home , and France Telecom hopes that 15 pct of its Orange clients will sign up for the service by the end of 2008 .",neutral,phrasebank,controlled_gold_split,neutral,0.0006186835,0.9530642,0.046317153
phrasebank_sentences_50agree_1816,"The CL51 is designed to measure cloud base height and vertical visibility in all weather conditions , which makes it an ideal instrument for meteorological applications that rely on reliable cloud height detection .",positive,phrasebank,controlled_gold_split,neutral,0.00060556276,0.9719091,0.02748525
phrasebank_sentences_50agree_1245,"Iggesunds Bruk in Sweden is one of the most advanced , fully integrated pulp and paperboard mills in the world .",positive,phrasebank,controlled_gold_split,neutral,0.001001017,0.6632224,0.33577666
phrasebank_sentences_66agree_734,DMASIA-16 August 2006-Benefon extends manufacturing capability with ASMobile -® 2006 Digitalmediaasia.com & DMA Ltd. .,positive,phrasebank,controlled_gold_split,positive,0.0016399003,0.0071443017,0.9912158
phrasebank_sentences_50agree_1113,"This implementation will upgrade the existing system , enabling voicemail and video mail to be housed on the same platform .",neutral,phrasebank,controlled_gold_split,positive,0.00090537337,0.0367794,0.96231526
phrasebank_sentences_66agree_3721,They are also upset that some of the machinery and work is taken over to Poland .,negative,phrasebank,controlled_gold_split,negative,0.98953384,0.009108843,0.0013572181
phrasebank_sentences_allagree_1736,"The Committee proposes the following remuneration : a monthly remuneration of EUR 5,000 for the Chairman , EUR 3,500 for the Deputy Chairman , and EUR 2,500 for the other Board members .",neutral,phrasebank,controlled_gold_split,neutral,0.0007051943,0.996874,0.0024208447
phrasebank_sentences_allagree_1405,The company said that the results of the third quarter do not include non-recurring items .,neutral,phrasebank,controlled_gold_split,neutral,0.0034239101,0.99588794,0.0006881771
phrasebank_sentences_allagree_2003,"The equipment is designated to Bollore Africa Logistics terminal Societe d'Exploitation du Terminal de Vridi SETV in Abidjan , Ivory Coast and the delivery is scheduled to start in March 2010 .",neutral,phrasebank,controlled_gold_split,neutral,0.0007644112,0.9974267,0.0018088272
phrasebank_sentences_allagree_1149,"According to Finnish FIM Bank , Alpro 's price would be around EUR 100mn-150mn .",neutral,phrasebank,controlled_gold_split,neutral,0.0018050518,0.9972908,0.00090409844
phrasebank_sentences_allagree_86,"At the end of March 2007 , the group 's order book was at EUR 39.6 mn , up 42 % from the corresponding period in 2006 .",positive,phrasebank,controlled_gold_split,positive,0.0032596884,0.002146123,0.99459416
phrasebank_sentences_allagree_381,Cash Flow from Operations for the most recent quarter also reached a eight year low .,negative,phrasebank,controlled_gold_split,negative,0.9936766,0.005148557,0.0011748935
phrasebank_sentences_allagree_1942,"Alpina Sports is a Lebanon , New Hampshire USA based distributor of e.g. Alpina ski shoes and skis , Exel ski poles , Start ski waxes and now also Peltonen cross-country skis .",neutral,phrasebank,controlled_gold_split,neutral,0.00096438103,0.99738556,0.0016501077
phrasebank_sentences_allagree_1183,Bluewin Security is available as a monthly subscription .,neutral,phrasebank,controlled_gold_split,neutral,0.000949891,0.9978702,0.0011798518
phrasebank_sentences_66agree_1036,Currently more than 100 of Global Fortune 500 companies are using SSH security solutions .,neutral,phrasebank,controlled_gold_split,neutral,0.00051467394,0.9944448,0.005040557
phrasebank_sentences_66agree_3977,"In the fourth quarter of 2009 , Atria 's net loss shrank to EUR 1.2 million from EUR 5.9 million and net sales contracted to EUR 340.4 million from EUR 361.1 million .",positive,phrasebank,controlled_gold_split,negative,0.5358878,0.0030495054,0.46106276
phrasebank_sentences_66agree_2669,"Simultaneously with this merger plan another merger plan has been signed , according to which Suomen Projektivuokraus Oy , a subsidiary of VTM-Rakennuskonevuokraamo Oy , would be merged with VTM-Rakennuskonevuokraamo Oy .",neutral,phrasebank,controlled_gold_split,neutral,0.000697413,0.9974954,0.001807186
phrasebank_sentences_50agree_3987,The personnel reductions will primarily affect those working for the parent company in the diagnostics business or in production and logistics in the liquid handling business .,negative,phrasebank,controlled_gold_split,negative,0.9304434,0.06802931,0.001527377
phrasebank_sentences_allagree_762,"Finnish Suominen Corporation that makes wipes , nonwovens , and flexible packaging , has a plant near Warsaw , in Poland , that makes flexible packaging .",neutral,phrasebank,controlled_gold_split,neutral,0.0011933922,0.99756324,0.0012433577
phrasebank_sentences_50agree_3790,The company decided at the end of 2008 to temporarily shut down its ammonia plant in Billingham and extend the maintenance period at its Ince facility .,negative,phrasebank,controlled_gold_split,neutral,0.09854278,0.8991306,0.0023265744
phrasebank_sentences_allagree_81,Finnish financial group Aktia 's operating profit for 2009 increased to EUR 47.0 mn from EUR 6.6 mn in 2008 .,positive,phrasebank,controlled_gold_split,positive,0.0038826035,0.0024249305,0.9936925
phrasebank_sentences_allagree_490,At CapMan Haavisto will be responsible for Group Finances and Accounting and IT .,neutral,phrasebank,controlled_gold_split,neutral,0.0008222261,0.9980692,0.0011085892
phrasebank_sentences_66agree_1626,"Swedish telco TeliaSonera is teaming up with Friends , a Swedish organization against bullying , to fight bullying of children and teenagers via electronic channels .",neutral,phrasebank,controlled_gold_split,positive,0.00222163,0.05481981,0.94295853
phrasebank_sentences_allagree_1847,This wood lacquered clock comes with a stripy hand-crocheted cover .,neutral,phrasebank,controlled_gold_split,neutral,0.0022907013,0.99630487,0.001404386
phrasebank_sentences_allagree_633,The transaction is expected to be completed next spring .,neutral,phrasebank,controlled_gold_split,neutral,0.00082998944,0.99770194,0.0014681017
phrasebank_sentences_75agree_2884,"The fair value change of investment properties was EUR 15.8 mn , compared to EUR 22.9 mn in the third quarter of 2009 .",negative,phrasebank,controlled_gold_split,negative,0.8216175,0.005150065,0.17323245
phrasebank_sentences_75agree_3122,"On top of that , the US Commerce Department published worse-than-expected construction spending figures for November .",negative,phrasebank,controlled_gold_split,negative,0.99294984,0.00525652,0.001793688
phrasebank_sentences_allagree_1627,"ENP Newswire - 22 March 2011 Release date - 21032011 - A total of 13,000 Talvivaara Mining Company Plc 's new shares were subscribed for during the period between 1 January 2011 and 28 February 2011 under the company 's stock option rights 2007A .",neutral,phrasebank,controlled_gold_split,neutral,0.0010513882,0.99782723,0.001121385
phrasebank_sentences_allagree_495,"Conference Call To participate via a conference call , please dial in 5-10 minutes before the beginning of the event : +44 0 20 7162 0025 Europe or +1 334-á323-á6201 USA .",neutral,phrasebank,controlled_gold_split,neutral,0.0013920914,0.99727434,0.0013335417
phrasebank_sentences_75agree_1356,"Following the payment made in April , the company has a total of EUR 23.0 million in loans from financial institutions .",neutral,phrasebank,controlled_gold_split,neutral,0.0008676442,0.99715024,0.0019821823
phrasebank_sentences_75agree_1123,"To showcase our end-to-end capabilities at the Mobile World Congress , we arranged an internal MeeGo application development competition to entice developers to create new applications .",neutral,phrasebank,controlled_gold_split,positive,0.0009193242,0.070318975,0.9287618
phrasebank_sentences_75agree_1054,Pharmaceuticals - Czech Republic This brand-new market analysis gives a clear overview of the actual situation and future outlook of the pharmaceutical market in Czech Republic .,neutral,phrasebank,controlled_gold_split,neutral,0.0009832648,0.99724674,0.0017700607
phrasebank_sentences_75agree_2856,Expense ratio was 102.6 % compared to 92.9 % in the corresponding period in 2005 .,negative,phrasebank,controlled_gold_split,negative,0.82201594,0.09967317,0.07831081
phrasebank_sentences_allagree_1967,"The copying , republication or redistribution of AFX News Content , inculding by framing or similar means , is expressly prohibited without the prior written consent of AFX News .",neutral,phrasebank,controlled_gold_split,neutral,0.0024479174,0.99627835,0.0012736889
phrasebank_sentences_allagree_1342,Raisio is the site of the main production plants as well as company headquarters .,neutral,phrasebank,controlled_gold_split,neutral,0.0007804467,0.9967051,0.002514397
phrasebank_sentences_allagree_484,"Poyry 's contract includes engineering management , civil and detail engineering services , and time scheduling and procurement services .",neutral,phrasebank,controlled_gold_split,neutral,0.0027607917,0.9964405,0.00079874235
phrasebank_sentences_75agree_1208,"Finnish newspaper publisher Sanoma , of media group SanomaWSOY , is merging its free sheets Uutislehti 100 and Metro as of mid-September 2008 to form a new free sheet to be named Metro .",neutral,phrasebank,controlled_gold_split,neutral,0.00070157956,0.9975923,0.0017061696
phrasebank_sentences_66agree_2768,"The decision means temporary lay-offs of fixed duration at the company 's Nastola and Jyvaskyla units , in southern and central Finland , respectively .",negative,phrasebank,controlled_gold_split,negative,0.9882194,0.009956728,0.0018239106
phrasebank_sentences_allagree_1261,"Incap , headquartered in Oulu , Finland , is a electronics contract manufacturer with some 750 employees in Finland , Estonia and India .",neutral,phrasebank,controlled_gold_split,neutral,0.001248125,0.9974841,0.0012677801
phrasebank_sentences_66agree_1328,Pharmaceuticals - Italy This brand-new market analysis gives a clear overview of the actual situation and future outlook of the pharmaceutical market in Italy .,neutral,phrasebank,controlled_gold_split,neutral,0.00091990293,0.9970432,0.0020369117
phrasebank_sentences_75agree_319,"The Finnish supplier of BSS-OSS and VAS for telecom operators , Tecnotree , has received expansion orders worth a total US$ 7.3 mn for its convergent charging and next generation messaging solutions in Latin America , the company announced without specifying which operators had placed the orders .",positive,phrasebank,controlled_gold_split,positive,0.0033586163,0.0033915758,0.9932498
phrasebank_sentences_allagree_54,Construction volumes meanwhile grow at a rate of 10-15 percent annually .,positive,phrasebank,controlled_gold_split,positive,0.0013334462,0.048985608,0.949681
phrasebank_sentences_75agree_1902,"Blyk is launching first in the UK market in mid-2007 , with other markets to follow .",neutral,phrasebank,controlled_gold_split,neutral,0.0005167539,0.9810658,0.018417435
phrasebank_sentences_allagree_1820,The studies are expected to start in 2008 .,neutral,phrasebank,controlled_gold_split,neutral,0.0007627462,0.9972,0.002037232
phrasebank_sentences_allagree_876,Operating profit totaled EUR 17.7 mn compared to EUR 17.6 mn in the corresponding period in 2007 .,positive,phrasebank,controlled_gold_split,negative,0.95139676,0.0032613783,0.04534183
phrasebank_sentences_75agree_1797,This is the company 's first contract abroad .,neutral,phrasebank,controlled_gold_split,neutral,0.0013727603,0.8184796,0.18014762
phrasebank_sentences_50agree_68,"The contract covers HDO platform , AC800 and CXE880 optical Fttb nodes designed to increase the forward and return path capacity of the transmission networks .",positive,phrasebank,controlled_gold_split,positive,0.0011079116,0.009195257,0.98969686
phrasebank_sentences_allagree_2154,Net sales decreased to EUR 220.5 mn from EUR 470.0 mn in the corresponding period in 2009 .,negative,phrasebank,controlled_gold_split,negative,0.9934388,0.005023179,0.0015379791
phrasebank_sentences_75agree_713,"Amer Sports divests an industrial site in Rumilly , France -  This announcement is distributed by Thomson Reuters on behalf of Thomson Reuters clients .",neutral,phrasebank,controlled_gold_split,neutral,0.0009875481,0.99768615,0.0013262983
phrasebank_sentences_allagree_2112,Finnish Bank of +àland reports its operating profit fell to EUR 4.9 mn in the third quarter of 2007 from EUR 5.6 mn in the third quarter of 2006 .,negative,phrasebank,controlled_gold_split,negative,0.99425054,0.004274942,0.0014744976
phrasebank_sentences_75agree_2574,M+ñkel+ñ is demanding a new Board for the company as well as discussions on the merger of Alma media and media company Talentum .,neutral,phrasebank,controlled_gold_split,neutral,0.00087676715,0.99784255,0.0012806816
phrasebank_sentences_allagree_408,"Ragutis , which is based in Lithuania 's second-largest city Kaunas , boosted its sales last year 22.3 per cent to 36.4 million liters .",positive,phrasebank,controlled_gold_split,positive,0.0028884942,0.0023209704,0.99479055
phrasebank_sentences_75agree_990,"`` As defences mature , attackers develop Trojans that are equipped with content filters to detect online banking activity for capturing account details using methods such as form grabbing , screen shots , video captures , keylogging and injection of form fields .",neutral,phrasebank,controlled_gold_split,neutral,0.008349139,0.99032915,0.0013216708
phrasebank_sentences_allagree_249,Sales of security and system packaging increased slightly .,positive,phrasebank,controlled_gold_split,positive,0.0031271987,0.002754358,0.99411845
phrasebank_sentences_allagree_645,"`` The industry is coming to an interesting fork in the road as both handset manufacturers and wireless carriers attempt to serve as the portal for Web-based service to your wireless handset , '' he wrote .",neutral,phrasebank,controlled_gold_split,neutral,0.0011184937,0.97982454,0.019056953
phrasebank_sentences_66agree_798,The parties have also agreed on options that allow UH to extensively implement later on also functionalities of human resources management .,positive,phrasebank,controlled_gold_split,positive,0.0009519513,0.048528682,0.9505194
phrasebank_sentences_allagree_418,Finnish Outokumpu Technology has been awarded several new grinding technology contracts .,positive,phrasebank,controlled_gold_split,positive,0.0033474145,0.0028409136,0.9938116
phrasebank_sentences_allagree_536,"According to Seikku , the retail sector in Finland is controlled by 3-4 large actors , while food manufacturers are still relatively small .",neutral,phrasebank,controlled_gold_split,neutral,0.0019288159,0.9972018,0.00086938543
phrasebank_sentences_50agree_1961,Our purchase to pay solutions enable companies to gain visibility and control over business-critical financial processes .,neutral,phrasebank,controlled_gold_split,positive,0.0007793789,0.06418392,0.9350367
phrasebank_sentences_allagree_905,He will report to CapMan Plc 's CEO Heikki Westerlund .,neutral,phrasebank,controlled_gold_split,neutral,0.0013031192,0.99763334,0.0010635749
phrasebank_sentences_75agree_783,"The value of the deal exceeds EUR500 ,000 , the company said .",neutral,phrasebank,controlled_gold_split,neutral,0.0005109922,0.9950747,0.004414299
phrasebank_sentences_allagree_99,"Both operating profit and sales for the three-month period increased , respectively from EUR0 .3 m and EUR13 .1 m , as compared to the corresponding period in 2005 .",positive,phrasebank,controlled_gold_split,positive,0.0035029238,0.002200653,0.9942965
phrasebank_sentences_75agree_1611,"In addition , the existing service counter area in the reception hall will be rebuilt and access provided to local rail connections .",neutral,phrasebank,controlled_gold_split,positive,0.0011747708,0.047040757,0.9517845
phrasebank_sentences_allagree_491,"Cablevision Systems Corp. CVC Their Madison Square Garden division owns and operates the New York Knickerbockers basketball team ; they also own the Madison Square Garden Arena , the New York Rangers hockey team , the New York Liberty women 's basketball team , and the Hartford Wolf Pack hockey team .",neutral,phrasebank,controlled_gold_split,neutral,0.0010270623,0.99785584,0.0011170452
phrasebank_sentences_allagree_1076,The first group of customers to be trained will be paint-shop owners and their assistants .,neutral,phrasebank,controlled_gold_split,neutral,0.0010086148,0.9973105,0.0016808843
phrasebank_sentences_50agree_4435,"`` The considerably weaker U.S. dollar and British pound had an impact on sales and average prices in euros , '' UPM said .",negative,phrasebank,controlled_gold_split,negative,0.9915638,0.006337909,0.0020982008
phrasebank_sentences_allagree_2055,"` The stable outlook reflects Nokia 's strong market position in the global mobile handset market , strong cash flow generation , and very conservative balance sheet , ' said Raab .",positive,phrasebank,controlled_gold_split,positive,0.002455711,0.004902879,0.9926414
phrasebank_sentences_66agree_1687,"Operating income was EUR -24.9 mn , including EUR 15.3 mn of restructuring expenses .",neutral,phrasebank,controlled_gold_split,neutral,0.05901221,0.9385592,0.0024285992
phrasebank_sentences_66agree_935,"Pearl Plaza LLC , the joint venture of SRV and Shanghai Industrial Investment Holdings Co Ltd , has concluded the investment decision on construction of the first phase of the shopping center in Saint Petersburg , Russia .",positive,phrasebank,controlled_gold_split,neutral,0.0028422992,0.7834866,0.21367103
phrasebank_sentences_75agree_2881,Rivals say Qualcomm has fewer patents on 3G phones than on earlier versions and should lower its rates .,negative,phrasebank,controlled_gold_split,negative,0.53556025,0.4418324,0.022607334
phrasebank_sentences_50agree_1859,Panostaja is a financially secure Finnish multi-field corporation that creates healthy companies and company entities .,neutral,phrasebank,controlled_gold_split,neutral,0.00075131183,0.865142,0.13410671
phrasebank_sentences_allagree_1105,The proposal by the Board of Directors on the issuance of option rights will otherwise correspond to the proposal by the Board of Directors in the Notice to the General Meeting .,neutral,phrasebank,controlled_gold_split,neutral,0.0015902605,0.99755186,0.0008578812
phrasebank_sentences_50agree_2235,The long-term contract is global .,positive,phrasebank,controlled_gold_split,neutral,0.0009819103,0.9978198,0.0011983712
phrasebank_sentences_75agree_1749,The ground barleycorn has been fully produced in Finland and will be available in stores as of the beginning of 2010 .,neutral,phrasebank,controlled_gold_split,neutral,0.00050238863,0.98406976,0.015427925
phrasebank_sentences_66agree_3898,"W+ñrtsil+ñ 's solution has been selected for its low fuel consumption , environmentally sound technology , and global service support .",positive,phrasebank,controlled_gold_split,positive,0.0014653403,0.004652296,0.9938823
phrasebank_sentences_allagree_1849,Total value of the contract is about EUR 10mn .,neutral,phrasebank,controlled_gold_split,neutral,0.0016278442,0.9974732,0.0008989809
phrasebank_sentences_allagree_743,"`` This vessel order will help Aspo secure the long-term competitiveness of its fleet , both in terms of technology and pricing .",positive,phrasebank,controlled_gold_split,positive,0.0015158558,0.003916502,0.99456775
phrasebank_sentences_66agree_389,"Furthermore , Bunge will also sign a licensing agreement for the Sunnuntai and Carlshamn Mejeri brands .",positive,phrasebank,controlled_gold_split,positive,0.0015188224,0.009721895,0.9887593
phrasebank_sentences_allagree_1932,Olli-Pekka Laine has been appointed as the Chairman and Erkki Pehu-Lehtonen as the Vice Chairman of the Board .,neutral,phrasebank,controlled_gold_split,neutral,0.000812223,0.99754864,0.001639134
phrasebank_sentences_66agree_948,The cooperation with airBaltic is expected to lead to the transfer of Finncomm to the ownership of airBaltic in time .,neutral,phrasebank,controlled_gold_split,neutral,0.00045775136,0.99442494,0.0051173326
phrasebank_sentences_75agree_2944,Olli-Pekka Kallasvuo was elected as vice chairman of the Board .,neutral,phrasebank,controlled_gold_split,neutral,0.00084914744,0.9931987,0.0059520947
phrasebank_sentences_75agree_1863,Aldata noted that its Voice Supply Chain Technology approach enables VDW to integrate with warehouse management systems .,neutral,phrasebank,controlled_gold_split,positive,0.0006754284,0.037039556,0.96228504
phrasebank_sentences_75agree_1526,"A total of 185 Wonderware Certified SIs are available to integrate and support Wonderware products such as InTouch -« HMI software , IndustrialSQL Server historian , Wonderware Information Server , DT Analyst software or QI Analyst SPC software .",neutral,phrasebank,controlled_gold_split,neutral,0.0005097347,0.9965108,0.0029795135
phrasebank_sentences_allagree_1095,The new SEPA cads will replace Finnish bank cards .,neutral,phrasebank,controlled_gold_split,neutral,0.0006261609,0.99520206,0.0041717533
phrasebank_sentences_allagree_1129,"Finnish printed circuit boards ( PCBs ) maker Aspocomp Group Oyj said on December 4 , 2006 it named Henry Gilchrist senior vice president of the group 's Asian operations , as of January 8 , 2007 .",neutral,phrasebank,controlled_gold_split,neutral,0.0015050117,0.9971432,0.0013517212
phrasebank_sentences_75agree_1942,Elisa has commissioned Finland 's Poyry Telecom Oy to conduct a study of reception in some of Estonia 's largest cities besides Tallinn .,neutral,phrasebank,controlled_gold_split,neutral,0.0007631114,0.99378777,0.005449201
phrasebank_sentences_allagree_516,"The inventors are Mukkavilli Krishna Kiran , Sabharwal Ashutosh and Aazhang Behnaam .",neutral,phrasebank,controlled_gold_split,neutral,0.00087320793,0.9976815,0.0014453112
phrasebank_sentences_50agree_1664,The upgraded factory is scheduled to come on stream in the summer of 2008 .,neutral,phrasebank,controlled_gold_split,neutral,0.00046819905,0.9935601,0.0059717307
phrasebank_sentences_allagree_2097,"Below are consolidated , unaudited results for Amanda Capital under IFRS reporting standards .",neutral,phrasebank,controlled_gold_split,neutral,0.0027739028,0.996296,0.00093004893
phrasebank_sentences_allagree_1944,An international conference call and audio webcast concerning the financial result January-March 2010 will begin at 14.00 EET .,neutral,phrasebank,controlled_gold_split,neutral,0.0010211118,0.99790454,0.0010743042
phrasebank_sentences_50agree_3571,"Deutsche Beteiligungs , as well as a private equity fund it manages , first bought 75 % of MCE in a secondary buyout from White Plains , N.Y. , financial investor Andlinger & Co. in 2007 .",neutral,phrasebank,controlled_gold_split,neutral,0.00070910313,0.9965432,0.0027476274
phrasebank_sentences_allagree_428,"Finnair PLC carried a record 8.8 million passengers in 2006 , an increase of 3.5 percent on the previous year , the Finnish national carrier reported Tuesday .",positive,phrasebank,controlled_gold_split,positive,0.0019957018,0.0038094323,0.9941949
phrasebank_sentences_66agree_1718,"`` Neste Oil is working with over 20 research communities in Europe , America , Africa , Asia , and Australia to develop and introduce new raw materials .",positive,phrasebank,controlled_gold_split,positive,0.00079534756,0.02047226,0.9787324
phrasebank_sentences_allagree_627,The server is responsible for managing devices and user accounts and a desktop client application enables remote access to the mobile phones .,neutral,phrasebank,controlled_gold_split,neutral,0.001295622,0.99772257,0.0009818146
phrasebank_sentences_allagree_555,"EQT has completed its exit from Salcomp , a Finnish company that makes mobile phone chargers , by selling its remaining stake to Swedish investment group Nordstjernan for about ( EURO ) 35 million ( $ 47 million ) .",neutral,phrasebank,controlled_gold_split,neutral,0.0009701802,0.9975212,0.0015085257
phrasebank_sentences_allagree_801,"Fiskars , a 360-year-old global business best known for its orange-handled scissors , expects to derive synergies of EUR5 million a year by consolidating certain parts of the housewares division where the two compete .",positive,phrasebank,controlled_gold_split,positive,0.001022985,0.085145,0.91383195
