id,text,label,dataset_name,split_source,prediction,proba_negative,proba_neutral,proba_positive
phrasebank_sentences_75agree_751,"Nonwovens and specialty papers , made by Ahlstrom , are used in a large variety of everyday products , e.g. in filters , wipes , flooring , labels , and tapes .",neutral,phrasebank,controlled_gold_split,neutral,0.0029549692,0.99605334,0.0009917258
phrasebank_sentences_allagree_117,Finnish department store chain Stockmann Oyj Abp net profit rose to 39.8 mln euro ( $ 56.8 mln ) for the first nine months of 2007 from 37.4 mln euro ( $ 53.4 mln ) for the same period of 2006 .,positive,phrasebank,controlled_gold_split,positive,0.0030857169,0.002479443,0.9944349
phrasebank_sentences_75agree_1310,"The Board of Directors proposes to the Shareholders ' Meeting on 18 March 2010 that the company would pay dividend for the financial year January 1 - December 31 , 2009 , EUR 0.02 per share .",neutral,phrasebank,controlled_gold_split,neutral,0.0010180842,0.99689096,0.002091014
phrasebank_sentences_allagree_945,"Consisting of seven interconnected units , Mega Image 's logistics center will be 347 metres in length and 12 metres in height .",neutral,phrasebank,controlled_gold_split,neutral,0.0005946971,0.99637634,0.003028982
phrasebank_sentences_allagree_406,Performance in the second half of 2009 exceeded expectations .,positive,phrasebank,controlled_gold_split,positive,0.0035347715,0.0028793672,0.9935859
phrasebank_sentences_66agree_2316,"19 May 2010 - Finnish company Lemminkainen Oyj ( HEL : LEM1S ) said today that it will construct an office building at Toolonlahti in downtown Helsinki , without disclosing financial details .",neutral,phrasebank,controlled_gold_split,neutral,0.0010990372,0.99723,0.0016709291
phrasebank_sentences_50agree_3969,"UPM is the biggest producer of magazine paper in Europe , with a market share of over 30 pct , and it is likely to say that prices in the segment were at best flat during the quarter , analysts said .",neutral,phrasebank,controlled_gold_split,neutral,0.0039453804,0.64435416,0.35170043
phrasebank_sentences_allagree_373,Salonen added that data shows producers ' pulp inventories in North America are declining . ',negative,phrasebank,controlled_gold_split,negative,0.97099,0.015360999,0.01364902
phrasebank_sentences_allagree_126,"For the first nine months of 2010 , the company 's net profit rose to EUR41m from EUR30m for the corresponding period of 2009 .",positive,phrasebank,controlled_gold_split,positive,0.0031944725,0.0028859654,0.9939196
phrasebank_sentences_allagree_1157,"After the restructuring , UPM 's average paper machine capacity in Europe will be 320,000 tons ( 350,000 short tons ) in coated magazine paper and 420,000 tons ( 460,000 short tons ) in coated fine paper .",neutral,phrasebank,controlled_gold_split,neutral,0.00048886763,0.99184906,0.0076621277
phrasebank_sentences_allagree_638,"Utah 's capital wanted to be the next U.S. headquarters of Amer Sports Corp. , a ski-equipment company .",neutral,phrasebank,controlled_gold_split,neutral,0.0006814984,0.99590117,0.0034172744
phrasebank_sentences_66agree_3055,"ASPO Plc STOCK EXCHANGE ANNOUNCEMENT May 4 , 2006 at 10:00 a.m. An increase in the share capital of Aspo Plc totaling EUR 1,125.60 was registered today .",positive,phrasebank,controlled_gold_split,positive,0.0012138329,0.02109955,0.97768664
phrasebank_sentences_allagree_255,The economic occupancy rate of Sponda 's property portfolio rose to 91.2 % from 88.8 % in 2006 .,positive,phrasebank,controlled_gold_split,positive,0.00260446,0.0025993783,0.9947962
phrasebank_sentences_50agree_1230,"GeoSentric 's flagship product is the GyPSii platform , which uses pioneering geo-location software technology to connect people to people , and people to places with new and exciting social community and location-specific services .",neutral,phrasebank,controlled_gold_split,neutral,0.00051202986,0.9874055,0.012082528
phrasebank_sentences_75agree_851,"In addition to the presentations held by President & CEO Kai Telanne and CFO Tuomas Itkonen , participants will have an opportunity to discuss with other members of the company 's management .",neutral,phrasebank,controlled_gold_split,neutral,0.000667623,0.99486697,0.0044654007
phrasebank_sentences_66agree_3652,"In Sweden , there is an oversupply of pharmacies .",negative,phrasebank,controlled_gold_split,neutral,0.44795093,0.54723537,0.0048137703
phrasebank_sentences_66agree_2113,"M-real Corporation Press release on 3 November at 10:35 am M-real Corporation was the second best company in the materials sector including e.g. forest industry companies in the Carbon Disclosure Leadership Index CDLI , Nordic Report 2009 .",positive,phrasebank,controlled_gold_split,positive,0.0016929718,0.0064961654,0.9918108
phrasebank_sentences_75agree_3085,Yakima created the position for him after emerging from economic downturns of its own .,neutral,phrasebank,controlled_gold_split,neutral,0.0006968913,0.99286324,0.0064398614
phrasebank_sentences_50agree_1867,"The iTunes-based material will be accessible on Windows-based or Macintosh computers and transferable to portable devices , including Apple 's iPods .",positive,phrasebank,controlled_gold_split,neutral,0.0005547464,0.99519956,0.0042457227
phrasebank_sentences_50agree_636,We look forward to helping the company develop its operational services and further digitalize its services for its customers . '',positive,phrasebank,controlled_gold_split,positive,0.0010685043,0.08636598,0.9125655
phrasebank_sentences_allagree_1274,It will report full-year results on August 22 .,neutral,phrasebank,controlled_gold_split,neutral,0.0007746467,0.9970571,0.0021683113
phrasebank_sentences_allagree_990,KONE is listed on the Nordic Exchange in Helsinki .,neutral,phrasebank,controlled_gold_split,neutral,0.0010761962,0.9977114,0.0012123656
phrasebank_sentences_allagree_107,Diluted earnings per share ( EPS ) rose to EUR 0.52 versus EUR 0.09 .,positive,phrasebank,controlled_gold_split,positive,0.0046628704,0.0021099465,0.9932272
phrasebank_sentences_66agree_788,"The company has established a 3G base station at about 17,000 feet at the foot of Mount Everest that will enable mountain climbers at the 29,035-foot summit to surf the Internet and even send videos of their exploits .",positive,phrasebank,controlled_gold_split,neutral,0.0008432542,0.9265484,0.07260832
phrasebank_sentences_75agree_1347,Diluted loss per share stood at EUR 0.15 versus EUR 0.26 .,positive,phrasebank,controlled_gold_split,negative,0.61457545,0.0034531648,0.3819714
phrasebank_sentences_allagree_561,"Honkarakenne mainly exports large luxury log houses to Russia to be used as one-family houses or holiday homes ; 70 % of sales go to the Moscow region , about 20 % to the St Petersburg region , and the remainder to other locations .",neutral,phrasebank,controlled_gold_split,neutral,0.00082996296,0.9976701,0.0014999363
phrasebank_sentences_66agree_1119,"Russia 's top container shipping group , Fesco , and Finnish logistics company Nurminen Logistics have started a pilot project offering clients direct intermodal transportation service from Finland to Asia Pacific countries , Fesco said in a statement .",positive,phrasebank,controlled_gold_split,positive,0.0023011796,0.0075305547,0.99016833
phrasebank_sentences_allagree_1323,"Operators only need to learn how to use one device for multiple levels of applications , including voice-directed operations .",neutral,phrasebank,controlled_gold_split,neutral,0.0028641257,0.9960781,0.0010577769
phrasebank_sentences_75agree_1185,"Kesko Agro Lietuva , the agricultural machinery and grain trader and another member of the Kesko Group , boosted its sales by 42.9 percent to 13.4 million euros , VAT inclusive .",positive,phrasebank,controlled_gold_split,positive,0.002787215,0.0029554078,0.99425733
phrasebank_sentences_75agree_3247,"At 1.33 pm , the OMX Helsinki 25 was 0.30 pct lower at 2,463.67 and the OMX Helsinki was down 0.37 pct at 8,537.42 on volume of 256 mln eur .",negative,phrasebank,controlled_gold_split,negative,0.91514707,0.08234203,0.002510915
phrasebank_sentences_allagree_1307,No changes in media activity were seen in October compared with September .,neutral,phrasebank,controlled_gold_split,neutral,0.005772466,0.9928308,0.0013967584
phrasebank_sentences_50agree_1509,"Cathay Forest 's strategy is to develop sustainable , regenerative forest assets .",neutral,phrasebank,controlled_gold_split,neutral,0.00043649203,0.9860145,0.013549065
phrasebank_sentences_allagree_1947,Bertrand Sciard has been the vice chairman of the board of directors of Aldata Solution since April 2007 .,neutral,phrasebank,controlled_gold_split,neutral,0.0017493782,0.9972121,0.0010384986
phrasebank_sentences_allagree_1059,"The company will publish its financial statement for 2008 on February 25 , 2009 .",neutral,phrasebank,controlled_gold_split,neutral,0.0010677333,0.9976292,0.0013031139
phrasebank_sentences_allagree_1293,"Marathon now has a 4.6 percent stake in PLX , it said , according to Bloomberg .",neutral,phrasebank,controlled_gold_split,neutral,0.00056901324,0.99714726,0.0022836998
phrasebank_sentences_allagree_564,Insurance policies should be simple .,neutral,phrasebank,controlled_gold_split,neutral,0.0013492978,0.9973014,0.0013492978
phrasebank_sentences_allagree_585,"Prothious Engineering ( www.prothious.com ) employs more than 1,000 and has a large portfolio of projects and an annual detailing capacity of more than 100,000 tonnes .",neutral,phrasebank,controlled_gold_split,neutral,0.00057202944,0.99657637,0.0028516005
phrasebank_sentences_allagree_2121,"Finnish Scanfil , a contract manufacturer and systems supplier for communication and industrial electronics reports net sales of EUR 108.7 mn in the first half of 2008 , down from EUR 111.1 mn a year earlier .",negative,phrasebank,controlled_gold_split,negative,0.99394786,0.0042032767,0.0018488714
phrasebank_sentences_50agree_335,"GeoSentric Oyj s GeoSolutions Business Unit GyPSii , the mobile digital lifestyle application and geo-mobility social networking platform , has signed an agreement with Nanjing MyNet to make the GyPSii mobile social networking platform available to customers of China Mobile .",positive,phrasebank,controlled_gold_split,positive,0.002974418,0.0060971533,0.99092835
phrasebank_sentences_allagree_1924,"Thus the method will cut working costs , and will fasten the planning and building processes .",positive,phrasebank,controlled_gold_split,positive,0.0010630351,0.01342691,0.9855101
phrasebank_sentences_allagree_868,"In the second quarter of 2010 , the company 's net profit was EUR1 .7 m compared to a net loss of EUR1 .3 m in April-June 2009 .",positive,phrasebank,controlled_gold_split,positive,0.0048658727,0.0022584256,0.9928757
phrasebank_sentences_allagree_1213,"Elcoteq SE Stock Exchange Announcement February 4 , 2009 at 10.00 am ( EET ) Elcoteq will publish its financial statements bulletin 2008 on Wednesday , February 11 , at 9.00 am ( EET ) .",neutral,phrasebank,controlled_gold_split,neutral,0.0015809112,0.99751484,0.0009043016
phrasebank_sentences_75agree_3250,"The OMX Helsinki 25 ended 0.47 pct lower at 3,150.55 and the OMX Helsinki was down 0.21 pct at 10,736.42 on 1.523 bln eur turnover .",negative,phrasebank,controlled_gold_split,negative,0.97343993,0.024862375,0.0016976987
phrasebank_sentences_allagree_1224,"Finland 's Technopolis is planning to bring the first section of a technopark on stream in St. Petersburg at the end of 2008 , Kari Mikkonen , vice president of Technopolis , told reporters in Helsinki .",neutral,phrasebank,controlled_gold_split,neutral,0.0005304105,0.98944676,0.010022784
phrasebank_sentences_allagree_1691,N-Viro operates processing facilities independently as well as in partnership with municipalities .,neutral,phrasebank,controlled_gold_split,neutral,0.0005847816,0.99713826,0.0022769987
phrasebank_sentences_allagree_454,"Finnish airline Finnair has won a deal with the UK public sector to be the official airline for flights from London Heathrow to Osaka in Japan , as well as flights between Manchester in the UK and Helsinki in Finland .",positive,phrasebank,controlled_gold_split,positive,0.0027666604,0.00450831,0.9927249
phrasebank_sentences_allagree_957,Elcoteq SE is listed on the Nasdaq OMX Helsinki Ltd. .,neutral,phrasebank,controlled_gold_split,neutral,0.0009275218,0.9974777,0.0015948078
phrasebank_sentences_allagree_1935,"The purchase price will be paid in cash upon the closure of the transaction , scheduled for April 1 , 2009 .",neutral,phrasebank,controlled_gold_split,neutral,0.0007712761,0.9966042,0.0026245266
phrasebank_sentences_allagree_1500,The sale price was not disclosed .,neutral,phrasebank,controlled_gold_split,neutral,0.0010572805,0.99755704,0.0013857032
phrasebank_sentences_allagree_2001,"The company operates a U.S. division in Lisle , Ill. .",neutral,phrasebank,controlled_gold_split,neutral,0.0010948512,0.9973199,0.0015852397
phrasebank_sentences_allagree_1883,Operating loss totaled EUR 0.3 mn compared to a profit of EUR 2.2 mn in the corresponding period in 2007 .,negative,phrasebank,controlled_gold_split,negative,0.9931364,0.0021138783,0.0047497624
phrasebank_sentences_allagree_2150,"( ADPnews ) - May 4 , 2010 - Finnish cutlery and hand tools maker Fiskars Oyj Abp ( HEL : FISAS ) said today its net profit declined to EUR 12.9 million ( USD 17m ) in the first quarter of 2010 from EUR 17 million in the correspond",negative,phrasebank,controlled_gold_split,negative,0.9933903,0.005122003,0.0014876793
phrasebank_sentences_50agree_2480,"In addition , nine fixed-term employment contracts will not be extended and two people will leave the company under pension arrangements .",neutral,phrasebank,controlled_gold_split,neutral,0.22031151,0.77650887,0.0031796184
phrasebank_sentences_75agree_367,Estonia 's beer market overall grew three percent last year to 130 million liters .,positive,phrasebank,controlled_gold_split,positive,0.0016391227,0.0037373616,0.99462354
phrasebank_sentences_75agree_260,"Via the Satlan acquisition , Teleste plans to further expand its market presence as a video services partner for cable operators , broadcasters and IPTV service providers .",positive,phrasebank,controlled_gold_split,positive,0.0019111881,0.0061333477,0.99195546
phrasebank_sentences_66agree_2731,"The company intends to launch housing development at the acquired land plots and to construct 50,000-60 ,000 square metres of housing per annum by 2011 .",neutral,phrasebank,controlled_gold_split,neutral,0.00068992074,0.94159144,0.05771859
phrasebank_sentences_50agree_4485,"wins 98 % acceptance 23 December 2009 - Finnish industrial machinery company Metso Oyj ( HEL : MEO1V ) said today it will complete its takeover offer for textile company Tamfelt Oyj Abp ( HEL : TAFKS ) , after acquiring 98 % of its shares and votes .",neutral,phrasebank,controlled_gold_split,positive,0.0012798602,0.011208503,0.98751163
phrasebank_sentences_allagree_51,"Both operating profit and turnover for the three-month period increased , respectively from EUR0 .9 m and EUR8 .3 m , as compared to the corresponding period in 2005 .",positive,phrasebank,controlled_gold_split,positive,0.002854497,0.002475191,0.9946702
phrasebank_sentences_75agree_1390,Net profit in the period in 2009 was ( EURO ) 29 million .,neutral,phrasebank,controlled_gold_split,neutral,0.0020453492,0.9962967,0.0016579926
phrasebank_sentences_allagree_15,Nordea Group 's operating profit increased in 2010 by 18 percent year-on-year to 3.64 billion euros and total revenue by 3 percent to 9.33 billion euros .,positive,phrasebank,controlled_gold_split,positive,0.0023577965,0.0027350918,0.9949071
phrasebank_sentences_allagree_2070,"Tallink Silja attributes the significant drop to problems with the booking system that was taken into operation in October , the sale of trailer ferry ` Sky Wind ' and the route between Stockholm and Riga , which has won passengers from the Helsinki-Stockholm route .",negative,phrasebank,controlled_gold_split,negative,0.9897724,0.0023002594,0.007927411
phrasebank_sentences_allagree_807,Return on investment was 16.6 % compared to 15.8 % in 2004 .,positive,phrasebank,controlled_gold_split,negative,0.65632457,0.017818017,0.3258575
phrasebank_sentences_allagree_1099,The output of the contracts totals 72 MWe .,neutral,phrasebank,controlled_gold_split,neutral,0.0009895223,0.99772996,0.001280537
phrasebank_sentences_75agree_677,"Estonian telecoms company Elisa 's customer numbers cross 400,000 TALLINN , Oct 22 , BNS - The Estonian telecommunications company Elisa won approximately 50,000 new clients in the nine months of this year , bringing the number to 401,800 by the end of September , the company said .",positive,phrasebank,controlled_gold_split,positive,0.0016102552,0.005895824,0.99249387
phrasebank_sentences_66agree_2795,The full MidnightTrader extended-hours trading analysis and news service is available in real-time through COMTEX .,neutral,phrasebank,controlled_gold_split,neutral,0.001067776,0.99766916,0.0012630718
phrasebank_sentences_allagree_5,"Finnish Talentum reports its operating profit increased to EUR 20.5 mn in 2005 from EUR 9.3 mn in 2004 , and net sales totaled EUR 103.3 mn , up from EUR 96.4 mn .",positive,phrasebank,controlled_gold_split,positive,0.0032141292,0.0025927336,0.99419314
phrasebank_sentences_allagree_2032,Okmetic expects its net sales for the first half of 2009 to be less than in 2008 .,negative,phrasebank,controlled_gold_split,negative,0.9909266,0.0072973236,0.0017761033
phrasebank_sentences_50agree_2339,"According to the Act , universities can now acquire private funding .",neutral,phrasebank,controlled_gold_split,neutral,0.00054079434,0.9893049,0.010154338
phrasebank_sentences_50agree_1925,The smaller molecules improve the grip of the tyre at top-speed driving .,neutral,phrasebank,controlled_gold_split,neutral,0.0014719876,0.88452524,0.11400279
phrasebank_sentences_allagree_1195,com and possibly also through photo-msn .,neutral,phrasebank,controlled_gold_split,neutral,0.00078574196,0.9976051,0.0016090919
phrasebank_sentences_allagree_441,"Savon koulutuskuntayhtyma , Finland based company has awarded contract for specialist agricultural or forestry machinery .",positive,phrasebank,controlled_gold_split,positive,0.002778536,0.0041224817,0.99309903
phrasebank_sentences_66agree_1158,"The dividend will be paid on April 15 , 2008 to each of the shareholders who on the record date of April 8 , 2008 have been entered in the list of shareholders kept by the Finnish Central Securities Depository Ltd. .",neutral,phrasebank,controlled_gold_split,neutral,0.0012100355,0.99774075,0.0010492457
phrasebank_sentences_allagree_1125,"When dialing in , the participants should quote 877417 as conference ID .",neutral,phrasebank,controlled_gold_split,neutral,0.0013156602,0.99744594,0.0012383647
phrasebank_sentences_allagree_1774,The estimated annual value of the frame agreement is about EUR 50mn .,neutral,phrasebank,controlled_gold_split,neutral,0.0010389615,0.9976566,0.0013044229
phrasebank_sentences_66agree_2093,"Ixonos estimates that it will hire 20 specialists in mechanical engineering , electronics design , and R&D for its new unit in Jyvaeskylae by the end of 2009 .",positive,phrasebank,controlled_gold_split,positive,0.003357627,0.3949711,0.60167116
phrasebank_sentences_allagree_605,The commission said the hydrogen peroxide and PBS market was worth about 470 million euros in 2000 .,neutral,phrasebank,controlled_gold_split,neutral,0.0006666505,0.99730587,0.002027524
phrasebank_sentences_50agree_1960,"In complying with the European Water Framework Directive requirements , the pre-treatment unit will be fully renovated , including hydraulics of waste water inception , degridding , sand and grease removal and treatment and deodorization of the unit .",positive,phrasebank,controlled_gold_split,positive,0.0011028959,0.06974962,0.92914754
phrasebank_sentences_allagree_1870,"In Finland , the city of Forssa has said it will not pay compensation to food industry companies HK Ruokatalo and Atria for the lye leak into tap water that occurred in March 2008 .",negative,phrasebank,controlled_gold_split,negative,0.93645936,0.04521118,0.01832951
phrasebank_sentences_allagree_2186,Export declined by 6 percent to 16.4 million liters .,negative,phrasebank,controlled_gold_split,negative,0.9894302,0.008136401,0.0024334663
phrasebank_sentences_allagree_424,Cision says the sale will return its U.K. operation to profitability .,positive,phrasebank,controlled_gold_split,positive,0.0020226694,0.0040304223,0.9939468
phrasebank_sentences_66agree_1296,"In the next few years , the ICT sector 's share of electricity consumption will be raised by the increase in the popularity of smartphones .",neutral,phrasebank,controlled_gold_split,positive,0.00079121214,0.017928941,0.98127985
phrasebank_sentences_66agree_261,Sales of clothing developed best .,positive,phrasebank,controlled_gold_split,positive,0.0014739387,0.02006101,0.9784651
phrasebank_sentences_allagree_355,"In Q2 of 2009 , profit before taxes amounted to EUR 13.6 mn , down from EUR 26.8 mn in Q2 of 2008 .",negative,phrasebank,controlled_gold_split,negative,0.9938512,0.004391683,0.0017571565
phrasebank_sentences_66agree_3619,Finnish M-real 's Kyro mill is starting negotiations to cut staff .,negative,phrasebank,controlled_gold_split,negative,0.99069095,0.00791542,0.0013937479
phrasebank_sentences_75agree_738,"He does not believe , however , that HKScan or Atria will start to use imported meat as Finnish consumers prefer domestic products .",neutral,phrasebank,controlled_gold_split,neutral,0.0007657722,0.99530715,0.003927076
phrasebank_sentences_75agree_2026,Joint procurement will be later extended to the factories in the Baltic countries .,neutral,phrasebank,controlled_gold_split,neutral,0.00078936585,0.9507248,0.04848587
phrasebank_sentences_75agree_1428,"The company 's profit totaled Ls 134,700 .",neutral,phrasebank,controlled_gold_split,neutral,0.0015365421,0.9973686,0.0010949046
phrasebank_sentences_50agree_2751,"Finnish W+ñrtsil+ñ that provides power solutions for the marine and energy markets has opened a Service Centre in Murmansk , in Russia .",neutral,phrasebank,controlled_gold_split,neutral,0.000497809,0.99239117,0.0071109855
phrasebank_sentences_66agree_1569,"These companies own a 20,000 sq. m. office and commercial building and substantial amount of building right for a new shopping center in Liljeholmen , Stockholm .",neutral,phrasebank,controlled_gold_split,neutral,0.0006615236,0.9973979,0.0019405322
phrasebank_sentences_75agree_1103,"The parties have also agreed that L+ñnnen Tehtaat has the right to sell the remaining shares in Suomen Rehu to Hankkija-Maatalous 15 months after the purchase of the majority holding , at the earliest .",neutral,phrasebank,controlled_gold_split,neutral,0.0005502786,0.99492705,0.004522725
phrasebank_sentences_allagree_2260,"HELSINKI Thomson Financial - Shares in Cargotec fell sharply in early afternoon trade after the cargo handling group posted a surprise drop in April-June profits , which overshadowed the large number of new orders received during the three months .",negative,phrasebank,controlled_gold_split,negative,0.9931049,0.004414174,0.002480968
phrasebank_sentences_allagree_1148,"Local government commissioner of +àm+Ñl , Kurt Svensson , says he will contact the management of Finnish company Componenta to find out if there are any alternatives to the company 's decision to close down its plant in +àm+Ñl .",neutral,phrasebank,controlled_gold_split,neutral,0.0016232359,0.996594,0.0017827759
phrasebank_sentences_75agree_1321,"The new office , located in Shenzhen , will strengthen Vaisala 's already 10-year old presence in China .",positive,phrasebank,controlled_gold_split,positive,0.0023278496,0.003823012,0.9938492
phrasebank_sentences_75agree_1016,"Demonstrations of the broad capabilities of the Mobility Business Suite will be organized during the 3GSM World Congress in Barcelona , from February 12th to 15th .",neutral,phrasebank,controlled_gold_split,neutral,0.0006808561,0.99690765,0.0024114882
phrasebank_sentences_allagree_105,"Digia said its consolidated net sales for January-June 2010 were EUR67 .8 m , up 9.7 % on the same period in 2009 ( EUR61 .9 m ) .",positive,phrasebank,controlled_gold_split,positive,0.0029682606,0.0023435059,0.99468815
phrasebank_sentences_66agree_2170,"Stora Enso , a global paper , packaging and wood products company , and Neste Oil , a Finnish company engaged in the refining and marketing of oil , have inaugurated the demonstration plant at Varkaus , Finland for biomass to liquids production utilizing forestry residues .",neutral,phrasebank,controlled_gold_split,neutral,0.0014765679,0.523134,0.4753895
phrasebank_sentences_50agree_836,"Finnish financial solutions developer Basware Corporation ( OMX Helsinki BAS1V ) said on Tuesday ( 23 September ) that it will deliver a complete Invoice Automation solution to a large US engineering , construction and technical services organization .",positive,phrasebank,controlled_gold_split,neutral,0.0014590223,0.635199,0.36334202
phrasebank_sentences_50agree_1253,"In the Homeware area , Fiskars provides leading branded products for home , kitchen , and interior design .",positive,phrasebank,controlled_gold_split,neutral,0.0008527607,0.93516564,0.063981555
phrasebank_sentences_allagree_860,"Cargotec Corporation , Press Release , August 26 , 2008 at 10 a.m. Finnish time Cargotec 's MacGREGOR business area providing marine cargo handling and offshore load handling solutions has received significant offshore crane retrofit order .",positive,phrasebank,controlled_gold_split,positive,0.0027768621,0.010520786,0.9867024
phrasebank_sentences_allagree_1891,"Publishing Sweden 's operating loss was EUR 1.1 mn in Q1 of 2009 , compared to a profit of EUR 0.6 mn a year ago .",negative,phrasebank,controlled_gold_split,negative,0.99219126,0.0022393058,0.0055694636
phrasebank_sentences_allagree_0,"According to Gran , the company has no plans to move all production to Russia , although that is where the company is growing .",neutral,phrasebank,controlled_gold_split,neutral,0.00046987584,0.99323094,0.0062991604
phrasebank_sentences_75agree_764,"The company is in charge of all natural gas storage activities in France , Great Britain , and Germany .",neutral,phrasebank,controlled_gold_split,neutral,0.0006035582,0.99749136,0.0019050367
phrasebank_sentences_allagree_1888,Pretax loss totaled EUR 117mn compared to a loss of EUR 65mn in the corresponding period .,negative,phrasebank,controlled_gold_split,positive,0.11062995,0.0038748477,0.8854951
phrasebank_sentences_50agree_1754,"Mr. Atul Chopra , Chief Operating Officer & President , Tecnotree elaborated '' I am eager to see the continued success of the former Tecnomen , bringing Lifetree product to MENA , under the Tecnotree umbrella .",neutral,phrasebank,controlled_gold_split,positive,0.0012353029,0.019210497,0.9795542
phrasebank_sentences_50agree_4329,"Most of the permanent layoffs will be in the plywood and sawn timber sectors of the Finnish company 's operations at several domestic mills , where earlier this year it temporarily laid off some 1,200 workers to save costs .",negative,phrasebank,controlled_gold_split,negative,0.99202603,0.0059392643,0.0020345938
phrasebank_sentences_66agree_416,`` Residentialconstruction in particular has picked up in several markets .,positive,phrasebank,controlled_gold_split,neutral,0.0009825488,0.97915673,0.019860692
phrasebank_sentences_66agree_1183,The oil shale feeder-supply solution will deliver crushed oil shale to the shale oil refinery already in operation as well as to the novel Enefit-280 shale oil technology processing plant .,neutral,phrasebank,controlled_gold_split,neutral,0.00045298078,0.98598516,0.013561899
phrasebank_sentences_allagree_79,"According to Finnish Metso Minerals , the value of the company 's orders has gone up to EUR 1.9 bn in 12 months .",positive,phrasebank,controlled_gold_split,positive,0.0016494539,0.0052470756,0.9931035
phrasebank_sentences_allagree_1986,"The utility will also provide services related to electricity management , such as hedging trades and risk management and reporting .",neutral,phrasebank,controlled_gold_split,neutral,0.0005517335,0.995611,0.0038372765
phrasebank_sentences_allagree_140,"In the third quarter , net sales increased by 12 % year-on-year to EUR159 .5 m , or by 6 % at comparable currency rates growth .",positive,phrasebank,controlled_gold_split,positive,0.0025638104,0.0027452,0.99469095
phrasebank_sentences_allagree_879,"Quarterly diluted EPS on continuing operations came in at 0.21 eur , compared with last year 's 0.12 eur .",positive,phrasebank,controlled_gold_split,positive,0.0073923254,0.0033778492,0.98922986
phrasebank_sentences_66agree_1282,"Finnish software and hardware developer Elektrobit Oyj HEL : EBG1V , or EB , said today it will temporarily lay off up to 200 people for a maximum of 90 day in Finland , aiming to achieve cost savings of EUR 1.7 million USD 2m in the second half of 2010 .",negative,phrasebank,controlled_gold_split,negative,0.85774904,0.007377628,0.13487332
phrasebank_sentences_50agree_743,"` Patja has worked well for us for more than a decade , and Fujitsu 's new bid was competitive .",neutral,phrasebank,controlled_gold_split,positive,0.0019373725,0.004231611,0.9938309
phrasebank_sentences_75agree_1167,"SysOpen Digia Plc , Press release , 7 February 2006 IBM Finland has rewarded its most distinguished partner companies for 2005 .",positive,phrasebank,controlled_gold_split,positive,0.0028059334,0.00598675,0.9912073
phrasebank_sentences_allagree_948,"Cramo , headquartered in Vantaa , Finland , rents construction machinery and equipment , as well as rents and sells modular space .",neutral,phrasebank,controlled_gold_split,neutral,0.0010229426,0.9977431,0.0012339043
phrasebank_sentences_66agree_666,"Benefon , a wireless and GPS technology company , will supply Karputer with its TWIG navigation platform , a GPS satellite navigation and voice guidance service .",positive,phrasebank,controlled_gold_split,neutral,0.00077507494,0.8769539,0.122270964
phrasebank_sentences_allagree_1584,`` These developments partly reflect the government 's higher activity in the field of dividend policy . '',neutral,phrasebank,controlled_gold_split,neutral,0.0011875748,0.9435483,0.055264078
phrasebank_sentences_allagree_1862,"In the third quarter of fiscal 2008 Efore swung to a net loss of EUR 400,000 versus a net profit of EUR 200,000 for the corresponding period of fiscal 2007 .",negative,phrasebank,controlled_gold_split,negative,0.99116266,0.0022109228,0.00662643
phrasebank_sentences_75agree_1975,"Global Markets Direct 's Pohjola Bank plc - Financial Analysis Review is an in-depth business , financial analysis of Pohjola Bank plc. .",neutral,phrasebank,controlled_gold_split,neutral,0.0010110249,0.997743,0.001246013
phrasebank_sentences_50agree_3715,"Panostaja Plc today acquired the entire share capital of Suomen Graafiset Palvelut Ltd , a provider of printing services .",neutral,phrasebank,controlled_gold_split,neutral,0.0007632673,0.9959341,0.0033025562
phrasebank_sentences_75agree_631,"Speaking to just-drinks today , a spokesperson for Olvi said : `` We have performed very well in all four countries we operate in - namely , Finland , Estonia , Latvia and Lithuania . ''",positive,phrasebank,controlled_gold_split,positive,0.0025869415,0.0035015673,0.9939115
phrasebank_sentences_allagree_2216,Sales by Seppala diminished by 6 per cent .,negative,phrasebank,controlled_gold_split,negative,0.9923693,0.0060762772,0.0015544331
phrasebank_sentences_allagree_1353,"schwalm ( at ) outotec.com Eila Paatela , Vice President - Corporate Communications tel. +358 20 529 2004 , mobile +358 400 817198 e-mail eila .",neutral,phrasebank,controlled_gold_split,neutral,0.0013362583,0.99735594,0.0013078557
phrasebank_sentences_75agree_2918,Lean System supports change management and component purchasing extremely well .,positive,phrasebank,controlled_gold_split,positive,0.00088756543,0.04460479,0.9545077
phrasebank_sentences_allagree_1834,The value of the contract is EUR 25mn .,neutral,phrasebank,controlled_gold_split,neutral,0.0012727634,0.99750084,0.0012263976
phrasebank_sentences_allagree_579,"Oka specialises in new construction , renovation work of residential and non-residential building as well as premises for industrial and logistical use .",neutral,phrasebank,controlled_gold_split,neutral,0.0016759817,0.9973193,0.0010046914
phrasebank_sentences_75agree_1141,"The company booked April-June new orders worth 949 mln eur , compared with 786 mln eur in the same period a year ago .",positive,phrasebank,controlled_gold_split,positive,0.004264823,0.0038379256,0.9918972
phrasebank_sentences_allagree_1154,Affecto has participated in the program for the development of the Norwegian pension system since 2007 .,neutral,phrasebank,controlled_gold_split,neutral,0.00057137,0.9954275,0.0040011057
phrasebank_sentences_allagree_1711,Russia 's Video International Group holds a controlling stake in Russian Media Ventures .,neutral,phrasebank,controlled_gold_split,neutral,0.0006675566,0.9967128,0.002619691
phrasebank_sentences_allagree_2157,Net sales fell by 5 % from the previous accounting period .,negative,phrasebank,controlled_gold_split,negative,0.9924425,0.00401647,0.0035410626
phrasebank_sentences_75agree_2243,The handset maker did not disclose any financial details .,neutral,phrasebank,controlled_gold_split,neutral,0.0017527671,0.9971944,0.0010527757
phrasebank_sentences_50agree_2203,The companies expect the first orders already in 2011 .,positive,phrasebank,controlled_gold_split,neutral,0.0006755573,0.9949621,0.004362377
phrasebank_sentences_allagree_1973,"The gross area of the Innova 2 project will be about 10,000 sq m ( 107,600 sq ft ) .",neutral,phrasebank,controlled_gold_split,neutral,0.00077381526,0.9979341,0.0012921056
phrasebank_sentences_75agree_1534,"According to CEO Hannu Syrj+ñnen , a new common name and visual identity is required as the group has grown and internationalised .",neutral,phrasebank,controlled_gold_split,neutral,0.0005748095,0.9955693,0.0038558976
phrasebank_sentences_66agree_2337,"In Finland , Sampo Bank , now part of the Danske Bank group , will lay off staff from the administrative and support functions .",negative,phrasebank,controlled_gold_split,negative,0.9892328,0.009035207,0.0017319942
phrasebank_sentences_75agree_2093,Pohjola and cooperative banks have continued to combine their branch office network .,neutral,phrasebank,controlled_gold_split,neutral,0.000505758,0.9964914,0.0030028233
phrasebank_sentences_66agree_3678,"So Mr. Galvan made savings adjustments of his own , buying less liquor and watching portion sizes .",neutral,phrasebank,controlled_gold_split,neutral,0.0013459967,0.99292034,0.005733657
phrasebank_sentences_75agree_1245,"Thus , SysOpen Digia has , in accordance with Chapter 14 Section 21 of the Finnish Companies Act 29.9.1978 - 734 , obtained title to all the shares of Sentera that are to be redeemed .",neutral,phrasebank,controlled_gold_split,neutral,0.00066768634,0.9949614,0.0043709027
phrasebank_sentences_75agree_1198,Finnish insurance company Fennia and Kesko Group are ending their loyal customer cooperation .,negative,phrasebank,controlled_gold_split,negative,0.56848186,0.42702246,0.004495719
phrasebank_sentences_66agree_406,"The company also said on November 16 , 2006 its Real Estate Fund I Ky signed an agreement with Finnish window maker Fenestra Oy to build a window plant in Forssa , southern Finland .",positive,phrasebank,controlled_gold_split,positive,0.001959575,0.008404627,0.9896359
phrasebank_sentences_allagree_1051,The company 's board of directors will propose a dividend of EUR 0.14 for 2008 at the annual general meeting .,neutral,phrasebank,controlled_gold_split,neutral,0.00070795405,0.99687356,0.0024184808
phrasebank_sentences_50agree_1258,It has several innovative small molecule and biological drug candidates at different stages of clinical development .,neutral,phrasebank,controlled_gold_split,neutral,0.0005069949,0.9930924,0.00640059
phrasebank_sentences_66agree_544,"Based on strong customer interest and feedback , using RPM mobile phone manufacturers , operators , enterprises and developer forums can significantly increase their product and service quality , user-experience and cost-efficiency '' , Tulonen continues .",positive,phrasebank,controlled_gold_split,positive,0.0016095698,0.004379539,0.99401087
phrasebank_sentences_allagree_1880,Loss for the period totalled EUR 15.6 mn compared to a profit of EUR 6.3 mn in 2008 .,negative,phrasebank,controlled_gold_split,negative,0.9893422,0.0018439022,0.008813963
phrasebank_sentences_75agree_2459,"ALEXANDRIA , Va. , Nov. 19 -- Erkki Aho , Elimaki , Finland , has developed a method and apparatus in conjunction with a shoe press .",neutral,phrasebank,controlled_gold_split,neutral,0.0012598435,0.99706465,0.0016755537
phrasebank_sentences_allagree_870,"Jarmo Honkamaa , head of the oil refining business at Neste Oil , says the situation looks promising from their viewpoint .",positive,phrasebank,controlled_gold_split,positive,0.0012144976,0.13719198,0.8615935
phrasebank_sentences_allagree_384,"Operating profit totalled EUR 0.4 mn , up from an operating loss of EUR 0.8 mn year-on-year .",positive,phrasebank,controlled_gold_split,positive,0.0029849492,0.0025782175,0.99443674
phrasebank_sentences_allagree_2242,Finnish meat company Atria can no longer promise a sufficient amount of domestic beef to its customers .,negative,phrasebank,controlled_gold_split,neutral,0.02952511,0.9679993,0.0024755965
phrasebank_sentences_66agree_3267,"The area will also include some central buildings , and Honkarakenne has started negotiations on their delivery .",neutral,phrasebank,controlled_gold_split,neutral,0.000568123,0.9955872,0.0038446868
phrasebank_sentences_50agree_4584,"Operating profit for the six-month period decreased from EUR21m , while net sales increased from EUR436 .9 m , as compared to the corresponding period in 2007 .",negative,phrasebank,controlled_gold_split,negative,0.9814187,0.017229807,0.001351356
phrasebank_sentences_75agree_2849,"According shipping company Viking Line , the EU decision will have a significant financial impact .",neutral,phrasebank,controlled_gold_split,neutral,0.0059564053,0.9910103,0.0030333342
phrasebank_sentences_allagree_1871,"Acando AB ( ACANB SS ) fell 8.9 percent to 13.35 kronor , the lowest close since Dec. 11 .",negative,phrasebank,controlled_gold_split,negative,0.97813284,0.02053353,0.0013337429
phrasebank_sentences_allagree_136,"In the fourth quarter of 2009 , Orion 's net profit went up by 33.8 % year-on-year to EUR33m .",positive,phrasebank,controlled_gold_split,positive,0.0024757094,0.0026456933,0.99487853
phrasebank_sentences_66agree_501,"Following the increase , Huhtamaki Oyj 's registered share capital is EUR 358,706,290.00 and the number of shares outstanding is 105,501,850 .",neutral,phrasebank,controlled_gold_split,neutral,0.00047210796,0.9940586,0.005469348
phrasebank_sentences_66agree_883,`` BG Crane has been a strong partner for Hiab in Australia for many years .,neutral,phrasebank,controlled_gold_split,positive,0.0011947785,0.10355667,0.8952486
phrasebank_sentences_75agree_40,The company also estimates the already carried out investments to lead to an increase in its net sales for 2010 from 2009 when they reached EUR 141.7 million .,positive,phrasebank,controlled_gold_split,positive,0.0027222896,0.0031517495,0.99412596
phrasebank_sentences_allagree_1606,Boomerang Boats had net sales of EUR 4.1 mn and it made an operating profit of EUR 0.4 mn in 2006 .,neutral,phrasebank,controlled_gold_split,neutral,0.0007033506,0.9962114,0.0030851976
phrasebank_sentences_allagree_1861,"With this acquisition the wireless modem unit and its approximately 1,100 employees were transferred to Renesas Electronics Corporation .",neutral,phrasebank,controlled_gold_split,neutral,0.00089698477,0.9972042,0.0018989169
phrasebank_sentences_75agree_358,- Provides summary of the medical equipment pipeline products that the company is developing .,neutral,phrasebank,controlled_gold_split,neutral,0.0010047841,0.99741143,0.0015838378
phrasebank_sentences_75agree_2883,"The company 's annual loss amounted to EEK 18mn , compared to a profit of EEK 7.3 mn in 2008 .",negative,phrasebank,controlled_gold_split,negative,0.9917133,0.0042061317,0.004080706
phrasebank_sentences_allagree_438,Pretax profit jumped to EUR 21.9 million from EUR 3.1 million .,positive,phrasebank,controlled_gold_split,positive,0.0033343707,0.0028520382,0.9938135
phrasebank_sentences_50agree_4186,"Cuts equivalent to the costs of about 35-45 employees are the target , the company said .",negative,phrasebank,controlled_gold_split,negative,0.96822184,0.028238075,0.0035400225
phrasebank_sentences_50agree_3786,"The companies will divest to UPM Fray Bentos pulp mill and Forestal Oriental , a company specialising in eucalyptus cultivation .",neutral,phrasebank,controlled_gold_split,neutral,0.0007597474,0.99716693,0.0020732905
phrasebank_sentences_50agree_2491,It moved into the No. 2 spot in 2000 when it merged steel operations with Avesta Sheffield to form AvestaPolarit .,neutral,phrasebank,controlled_gold_split,positive,0.00096947566,0.038546346,0.9604842
phrasebank_sentences_75agree_56,"On the route between Helsinki in Finland and Tallinn in Estonia , cargo volumes increased by 36 % , while cargo volumes between Finland and Sweden fell by 9 % .",neutral,phrasebank,controlled_gold_split,positive,0.0027821378,0.002831475,0.99438643
phrasebank_sentences_allagree_950,"Currently the Terminator lures are produced in a subcontract facility in Mexico but the manufacturing will be transferred to Rapala 's factory in Shenzhen , China .",neutral,phrasebank,controlled_gold_split,neutral,0.0005881422,0.9970095,0.0024023321
phrasebank_sentences_allagree_1268,Investments in product development stood at 6.0 mln euro ( $ 8.8 mln ) .,neutral,phrasebank,controlled_gold_split,neutral,0.0008122178,0.99754226,0.001645539
phrasebank_sentences_allagree_842,Rapala said it estimates it will make savings of 1-2 mln eur a year by centralising its French operations at one site .,positive,phrasebank,controlled_gold_split,positive,0.002035815,0.005342747,0.9926214
phrasebank_sentences_75agree_1968,Fortum had intended to spend as much as ( EURO ) 2.7 bn to become the sole owner of TGK-10 .,neutral,phrasebank,controlled_gold_split,neutral,0.0005346479,0.9954053,0.004060056
phrasebank_sentences_50agree_2254,Vacon 's office will support its customers in Brazil and South America .,neutral,phrasebank,controlled_gold_split,neutral,0.00046669957,0.9712224,0.028310893
phrasebank_sentences_75agree_2906,"The poorest index figure was given to Finnish power company Fortum , 4.5 .",negative,phrasebank,controlled_gold_split,neutral,0.16606542,0.8274419,0.0064927265
phrasebank_sentences_allagree_1476,The parties have therefore agreed to leave Avena out of the deal .,neutral,phrasebank,controlled_gold_split,neutral,0.001867304,0.9941016,0.00403105
phrasebank_sentences_allagree_1131,"` Sanoma is a buyer not a target , ' he said .",neutral,phrasebank,controlled_gold_split,neutral,0.00072030764,0.99659556,0.0026841199
phrasebank_sentences_66agree_1650,"`` Uncommonly weak snow conditions in nearly every market have affected our first quarter result , '' Chief Executive Roger Talermo said .",negative,phrasebank,controlled_gold_split,negative,0.99225676,0.005786055,0.001957105
phrasebank_sentences_allagree_18,"The company 's net profit rose 11.4 % on the year to 82.2 million euros in 2005 on sales of 686.5 million euros , 13.8 % up on the year , the company said earlier .",positive,phrasebank,controlled_gold_split,positive,0.0024088642,0.0027402837,0.9948508
phrasebank_sentences_66agree_1167,"The handset also features a Media Bar for quick access to favorite media and applications , including music , photos , YouTube or Ovi Share .",neutral,phrasebank,controlled_gold_split,neutral,0.0010880958,0.99699104,0.0019208901
phrasebank_sentences_50agree_1160,"After the signing , the total amount of Aspo 's revolving credit facility agreements is EUR 50 million , which replaces the formerly valid agreements of EUR 80 million .",neutral,phrasebank,controlled_gold_split,neutral,0.0056092707,0.7218682,0.2725226
phrasebank_sentences_75agree_2976,"As a result , 12 people will be made redundant and a total of 67 persons are laid off temporarily .",negative,phrasebank,controlled_gold_split,negative,0.99317235,0.0049102944,0.0019172737
phrasebank_sentences_66agree_66,"Other measures included increasing synergies and economies of scale within the Grimaldi Group and personnel adjustments , divestments and redelivery of excess tonnage .",neutral,phrasebank,controlled_gold_split,positive,0.001041285,0.0126483375,0.98631036
phrasebank_sentences_allagree_120,Finnish metal products company Componenta Oyj net profit rose to 26.1 mln euro ( $ 35.9 mln ) for the first quarter of 2007 from 5.3 mln euro ( $ 7.3 mln ) for the same period of 2006 .,positive,phrasebank,controlled_gold_split,positive,0.0030916403,0.0025085812,0.9943997
phrasebank_sentences_66agree_778,Stockmann MasterCard has widened the scope of this cooperation to Estonia and Latvia .,positive,phrasebank,controlled_gold_split,neutral,0.001444967,0.6683455,0.33020943
phrasebank_sentences_66agree_2041,Dutch publisher De Vijver said today it has agreed to buy a 49 % stake in Belgian weekly magazine Humo from Finnish media company Sanoma HEL : SAA1V .,neutral,phrasebank,controlled_gold_split,neutral,0.0005964472,0.98959714,0.009806448
phrasebank_sentences_66agree_3754,Metso estimates the need for personnel reductions to amount to 25 people .,negative,phrasebank,controlled_gold_split,negative,0.98773056,0.010282759,0.0019866019
phrasebank_sentences_allagree_290,"Under the rental agreement , Stockmann was committed to invest in the building of a bridge over the Gogol Street or build an underground tunnel for crossing the street by 2004 .",neutral,phrasebank,controlled_gold_split,neutral,0.00056281156,0.9653157,0.03412144
phrasebank_sentences_allagree_498,Halonen 's office acknowledged receiving the letter but declined comment .,neutral,phrasebank,controlled_gold_split,neutral,0.0034676518,0.994915,0.0016173392
phrasebank_sentences_75agree_1221,"So far the company has awarded more than $ 350,000 worth of tools and materials .",neutral,phrasebank,controlled_gold_split,positive,0.0011022309,0.07753692,0.9213609
phrasebank_sentences_allagree_1312,Nordea was the cheapest also for a couple in their 30s with debt .,neutral,phrasebank,controlled_gold_split,neutral,0.0044185095,0.90335435,0.092227146
phrasebank_sentences_allagree_1168,"Apartments of YIT Home may be purchased in 5 regions of Russia , where YIT subsidiaries carry out their activities : Moscow and Moscow region , St. Petersburg , Ekaterinburg , Kazan and Rostov-on-Don .",neutral,phrasebank,controlled_gold_split,neutral,0.0005052161,0.99736977,0.0021249629
phrasebank_sentences_allagree_1511,The shares shall be acquired according to the Rules of NASDAQ OMX Helsinki and otherwise according to the rules related to acquisition of the company 's own shares .,neutral,phrasebank,controlled_gold_split,neutral,0.00081393373,0.9976992,0.0014868544
phrasebank_sentences_allagree_654,Changes to the as-built models from the design were communicated to the subcontractors to accommodate them into the steel and GRC glass reinforced concrete fabrication process .,neutral,phrasebank,controlled_gold_split,neutral,0.0006958101,0.99714833,0.0021558406
phrasebank_sentences_75agree_940,The Kyroskoski investment is to be completed in late 2011 and the +ä+ñnekoski investment in the spring of 2012 .,neutral,phrasebank,controlled_gold_split,neutral,0.00049899414,0.9966987,0.0028022567
phrasebank_sentences_66agree_1224,"Vaisala Oyj Stock exchange release 26.03.2010 klo 09.00 1 ( 1 ) The Annual General Meeting of Vaisala Oyj decided on March 25 , 2010 to approve the Company 's annual accounts for 2009 .",neutral,phrasebank,controlled_gold_split,neutral,0.000792356,0.9962261,0.0029815722
phrasebank_sentences_allagree_592,"She will succeed Krister Kylas , who has decided to leave TeliaSonera .",neutral,phrasebank,controlled_gold_split,neutral,0.004140269,0.9944661,0.0013936046
phrasebank_sentences_75agree_673,CEO Erkki J+ñrvinen is happy with the company 's performance in 2010 .,positive,phrasebank,controlled_gold_split,positive,0.0029329679,0.004560449,0.99250656
phrasebank_sentences_50agree_1810,"One can even receive on the spot alerts as soon as jobs are posted , putting you at the front of the queue for opportunities .",neutral,phrasebank,controlled_gold_split,neutral,0.0014950753,0.99443686,0.004068007
phrasebank_sentences_66agree_3702,The layoff talks were first announced in August .,neutral,phrasebank,controlled_gold_split,neutral,0.010281868,0.9881274,0.001590695
phrasebank_sentences_75agree_2281,The orders are part of a long-term development plan of Latvijas Finieris .,neutral,phrasebank,controlled_gold_split,neutral,0.00073945505,0.9974375,0.0018230337
phrasebank_sentences_66agree_952,"The Estonian beverages maker A. Le Coq today brought to the market a new premium class beer , A. Le Coq Special , investing 6 million kroons EUR 383,000 into its development and planning to sell three million liters of the beer during the next year .",neutral,phrasebank,controlled_gold_split,positive,0.001083722,0.26673636,0.73218
phrasebank_sentences_allagree_1562,"Vaisala , headquartered in Helsinki in Finland , develops and manufactures electronic measurement systems for meteorology , environmental sciences , traffic and industry .",neutral,phrasebank,controlled_gold_split,neutral,0.0011544887,0.99762374,0.0012217669
phrasebank_sentences_75agree_1339,Alma Media 's net sales in 2009 totalled MEUR 307.8 with an operating margin of 13.5 per cent .,neutral,phrasebank,controlled_gold_split,neutral,0.0008788842,0.99635243,0.0027686472
phrasebank_sentences_allagree_619,The new B shares carry the right to dividend and other shareholder rights with effect from today .,neutral,phrasebank,controlled_gold_split,neutral,0.0006785056,0.9973544,0.0019671593
phrasebank_sentences_allagree_8,"Foundries division reports its sales increased by 9.7 % to EUR 63.1 mn from EUR 57.5 mn in the corresponding period in 2006 , and sales of the Machine Shop division increased by 16.4 % to EUR 41.2 mn from EUR 35.4 mn in the corresponding period in 2006 .",positive,phrasebank,controlled_gold_split,positive,0.0031947212,0.00280834,0.993997
phrasebank_sentences_allagree_2062,"`` After a long , unprofitable period the Food Division posted a profitable result , which speaks of a healthier cost structure and a new approach in business operations , '' Rihko said .",positive,phrasebank,controlled_gold_split,positive,0.0027693845,0.0035282874,0.9937023
phrasebank_sentences_66agree_3673,"Russian officials inspected the damage and gave the vessel permission to continue to Tallinn at around 4.30 a.m. The Norwegian-registered M-T Sten Nordic was carrying 11,000 tons of gas oil and was manned by a Filipino crew .",neutral,phrasebank,controlled_gold_split,neutral,0.003355667,0.99334717,0.003297196
phrasebank_sentences_allagree_2127,Comparable operating profit decreased to EUR 13.8 mn from EUR 17.1 mn in the corresponding period in 2005 .,negative,phrasebank,controlled_gold_split,negative,0.9934448,0.0049116416,0.001643588
phrasebank_sentences_66agree_727,"As a domestic business , Best-In is already close to Finnish dog owners .",positive,phrasebank,controlled_gold_split,neutral,0.0006118223,0.997419,0.001969209
phrasebank_sentences_allagree_1541,Their names have not yet been released .,neutral,phrasebank,controlled_gold_split,neutral,0.027248938,0.97128797,0.0014631272
phrasebank_sentences_75agree_3210,"According to Scanfil , demand for telecommunications network products has fluctuated significantly in the third quarter of 2006 , and the situation is expected to remain unstable for the rest of the year .",negative,phrasebank,controlled_gold_split,negative,0.9429885,0.04693717,0.01007434
phrasebank_sentences_66agree_748,"However , Simdax will remain available in the markets where it already has been approved as it has marketing authorisations or submitted applications in more than 40 countries , Orion added .",positive,phrasebank,controlled_gold_split,positive,0.0007475796,0.019970212,0.97928226
phrasebank_sentences_allagree_1217,EUR 220 million of the transaction consideration was paid in the form of four-year interest-bearing vendor notes .,neutral,phrasebank,controlled_gold_split,neutral,0.001485962,0.9971003,0.0014137668
phrasebank_sentences_66agree_1620,"The negotiations were carried out in a constructive manner , and all parties tried to find a solution to the situation .",positive,phrasebank,controlled_gold_split,positive,0.0019303876,0.02886988,0.9691998
phrasebank_sentences_75agree_2397,Unilever 's Turun Sinappi that is made in Sweden holds 40 % of the market .,neutral,phrasebank,controlled_gold_split,neutral,0.0009259578,0.99774253,0.0013315646
phrasebank_sentences_75agree_1382,"Juha Jordan , chief engineer at Glaston , said one of the reasons for choosing Vacon as a global AC drives supplier is that it has service and support centres in the same countries where Glaston operates .",positive,phrasebank,controlled_gold_split,neutral,0.00072147377,0.98273313,0.016545417
phrasebank_sentences_50agree_1875,This bold spinning 360 red fabric design is set beautifully on Ercols Napoli sofa .,positive,phrasebank,controlled_gold_split,neutral,0.0010875105,0.981006,0.017906444
phrasebank_sentences_75agree_650,"The planned facility , estimated to cost around $ 814 million , would be the largest biodiesel plant in the world , and use palm oil certified by the Roundtable on Sustainable Palm Oil ( RSPO ) .",positive,phrasebank,controlled_gold_split,neutral,0.00094785093,0.7985281,0.20052403
phrasebank_sentences_75agree_2564,"Karachi , Sept. 14 -- Ixonos , a world leader in the development and integration of solutions for handheld devices , announced that it is implementing a touch screen mobile user interface solution for the Intel Atom processor Z6xx based smartphones .",neutral,phrasebank,controlled_gold_split,neutral,0.0016429605,0.6232678,0.37508917
phrasebank_sentences_66agree_2408,"Beef imports fell slightly from 2006 , to 14mn kilos .",neutral,phrasebank,controlled_gold_split,negative,0.97206885,0.009309069,0.01862209
phrasebank_sentences_75agree_2578,Marketing will use Tikkurila 's existing infra structure and local knowledge in Russia .,neutral,phrasebank,controlled_gold_split,neutral,0.00042802925,0.9956436,0.0039284034
phrasebank_sentences_75agree_2948,"The effect may remain short-lived , however .",neutral,phrasebank,controlled_gold_split,neutral,0.018570242,0.9736317,0.0077981353
phrasebank_sentences_75agree_53,The new plant is planned to have an electricity generation capacity of up to 350 megawatts ( MW ) and the same heat generation capacity .,neutral,phrasebank,controlled_gold_split,neutral,0.00048263004,0.98880297,0.010714444
phrasebank_sentences_allagree_276,"ALEXANDRIA , Va. , May 16 -- Kenneth Bower of Vista , Calif. , has developed an ornamental design for a handset , the U.S. Patent & Trademark Office announced .",neutral,phrasebank,controlled_gold_split,neutral,0.002032542,0.9949043,0.0030631488
phrasebank_sentences_75agree_986,"www.countryelements.co.uk Designed by Patricia Burt , this is just one of a selection of distinctive hooked rugs created with recycled materials and dyed natural dyes .",neutral,phrasebank,controlled_gold_split,neutral,0.0010759009,0.9974376,0.0014864646
phrasebank_sentences_allagree_1058,The company will be part of Teleste 's Video and Broadband Solutions business area .,neutral,phrasebank,controlled_gold_split,neutral,0.000540813,0.99709857,0.0023606836
phrasebank_sentences_allagree_244,Return on capital employed rose by 4.8 percentage points to 19.6 % .,positive,phrasebank,controlled_gold_split,positive,0.0025635299,0.002854244,0.9945821
phrasebank_sentences_50agree_1555,"Kaukopartio Oy has acquired specialized knowledge in Far Eastern operations , and industrial sourcing services are their core competence .",neutral,phrasebank,controlled_gold_split,neutral,0.00050418364,0.9953316,0.004164155
phrasebank_sentences_50agree_424,"Deliveries are to start later in 2010 , and the volume will increase in the years 2011-2012 .",neutral,phrasebank,controlled_gold_split,positive,0.0011490047,0.30163226,0.6972187
phrasebank_sentences_75agree_2841,"SSH COMMUNICATIONS SECURITY CORP STOCK EXCHANGE RELEASE OCTOBER 14 , 2008 AT 2:45 PM The Company updates its full year outlook and estimates its results to remain at loss for the full year .",negative,phrasebank,controlled_gold_split,negative,0.9879969,0.009461605,0.0025415877
phrasebank_sentences_50agree_62,"`` The new agreement is a continuation to theagreement signed earlier this year with the Lemminkainen Group , whereby Cramo acquired the entire construction machine fleet ofLemminkainen Talo Oy Ita - ja Pohjois Suomo , and signed asimilar agreement , '' said Tatu Hauhio , managing director ofCramo Finland .",neutral,phrasebank,controlled_gold_split,neutral,0.0013756047,0.71957374,0.27905068
phrasebank_sentences_allagree_212,Cash flow from operations rose to EUR 52.7 mn from EUR 15.6 mn in 2007 .,positive,phrasebank,controlled_gold_split,positive,0.0034203604,0.002695179,0.9938844
phrasebank_sentences_allagree_1469,The Notice in its entirety with other proposals from the Nomination Committee and the Board will be published at least four weeks before 28 April on the company 's website and in Post - och Inrikes Tidningar and Dagens Industri .,neutral,phrasebank,controlled_gold_split,neutral,0.0010954001,0.9978199,0.001084755
phrasebank_sentences_66agree_3502,He said : `` It is for sale again and we will be actively marketing it .,neutral,phrasebank,controlled_gold_split,positive,0.0013098255,0.017236726,0.9814534
phrasebank_sentences_75agree_976,"They re in a race with Google to get lots of users onto their service as social networking creates new business models , said Martin Garner , a London-based analyst with CCS Insight .",neutral,phrasebank,controlled_gold_split,neutral,0.0028586546,0.9176678,0.079473555
phrasebank_sentences_allagree_1518,"The total restructuring costs are expected to be about EUR 30mn , of which EUR 13.5 mn was booked in December 2008 .",neutral,phrasebank,controlled_gold_split,neutral,0.00668191,0.99216765,0.0011504194
phrasebank_sentences_allagree_1679,Mr Jortikka is president of the base metal division of Outotec Oyj in Finland and is on the executive committee of Outotec .,neutral,phrasebank,controlled_gold_split,neutral,0.0019077503,0.9969631,0.0011292014
phrasebank_sentences_50agree_309,Vacon will supply drives to Ruselprom in the power range from 200 kW up to 2 MW .,neutral,phrasebank,controlled_gold_split,neutral,0.0005444028,0.9939627,0.005492906
phrasebank_sentences_allagree_1253,"In addition , the contract includes modification of the effluent treatment plant at Follum .",neutral,phrasebank,controlled_gold_split,neutral,0.0006942298,0.9948837,0.0044220802
phrasebank_sentences_66agree_69,"The 718,430 new Series A shares will become subject to trading on the Helsinki Stock Exchange 's Main List , together with the old Series A shares , on July 3 , 2006 .",neutral,phrasebank,controlled_gold_split,neutral,0.00077967887,0.9976712,0.0015490631
phrasebank_sentences_75agree_1000,A CUT ABOVE Bring the outdoors in with these birch-branch coasters .,neutral,phrasebank,controlled_gold_split,neutral,0.0013480056,0.92327124,0.07538075
phrasebank_sentences_allagree_722,"UPM-Kymmene www.upm-kymmene.com produces magazine papers and newsprint , as well as fine and specialty papers , converting materials and wood products .",neutral,phrasebank,controlled_gold_split,neutral,0.0014255724,0.9976023,0.0009721559
phrasebank_sentences_allagree_2078,He wore a black beanie-type cap and a black jacket .,neutral,phrasebank,controlled_gold_split,neutral,0.018560141,0.9795378,0.0019020651
phrasebank_sentences_75agree_1252,"In a release , the Company said that Vocollect T2 customers in North America can now take advantage of its Voice Directed Warehousing solution and increase warehouse efficiency and productivity gains at a discounted price .",positive,phrasebank,controlled_gold_split,positive,0.0020132498,0.004796633,0.9931901
phrasebank_sentences_allagree_1207,"Deliveries of Nokia 1112 , Nokia 2310 and Nokia 2610 are expected to start in the second quarter of 2006 .",neutral,phrasebank,controlled_gold_split,neutral,0.00058753375,0.9959781,0.0034342667
phrasebank_sentences_75agree_1532,Finnish property investment company Citycon plans to issue directed subordinated convertible bonds to institutional investors .,neutral,phrasebank,controlled_gold_split,neutral,0.0005465548,0.9959447,0.0035087303
phrasebank_sentences_allagree_1746,"The Company operates through four principal divisions : Consumer Packaging ; Office Papers ; Speciality Papers , as well as Market Pulp and Energy .",neutral,phrasebank,controlled_gold_split,neutral,0.0012267043,0.99775034,0.00102295
phrasebank_sentences_allagree_1698,"Panostaja owns a 68.77 pct of share capital and the voting rights of Suomen Helasto shares following an exchange of shares which was carried out on May 30 , 2007 .",neutral,phrasebank,controlled_gold_split,neutral,0.0005311825,0.99670994,0.002758843
phrasebank_sentences_allagree_1962,"The authorisation is in force until the end of the next Annual General Meeting and repeals the authorisation to acquire own shares given by the General Meeting held on April 4 , 2007 .",neutral,phrasebank,controlled_gold_split,neutral,0.0024608476,0.9947178,0.002821376
phrasebank_sentences_allagree_110,Diluted EPS rose to EUR3 .68 from EUR0 .50 .,positive,phrasebank,controlled_gold_split,positive,0.003366463,0.003005913,0.99362767
phrasebank_sentences_allagree_1436,The financial statements release will be available after publishing on the Company 's internet pages at www.cargotec.com .,neutral,phrasebank,controlled_gold_split,neutral,0.0008430524,0.9976931,0.0014637939
phrasebank_sentences_allagree_430,Finnish handling systems company Cargotec Oyj ( HEL : CGCBV ) said today that it won a EUR 13 million ( USD 16.6 m ) contract to deliver MacGregor hatch covers for ships ordered by Norwegian shipowner Grieg Shipping .,positive,phrasebank,controlled_gold_split,positive,0.0038162738,0.0040862756,0.9920975
phrasebank_sentences_allagree_1007,"Paychex has more than 100 offices serving approximately 554,000 payroll clients nationwide as of May 31 , 2009 .",neutral,phrasebank,controlled_gold_split,neutral,0.0006284618,0.99691015,0.0024614593
phrasebank_sentences_75agree_458,"By combining its existing solutions into a single platform , Comptel said that it has reduced the cost of deployment .",positive,phrasebank,controlled_gold_split,positive,0.00092998636,0.008661257,0.9904088
phrasebank_sentences_allagree_1462,The name of the newspaper publishing and printing division Sanoma will be changed to Sanoma News .,neutral,phrasebank,controlled_gold_split,neutral,0.00081490405,0.99693954,0.0022456322
phrasebank_sentences_50agree_462,"Vaisala Oyj Press Release September 30 , 2010 Vaisala has signed a contract to sell its oxygen measurement technology and business to SICK Maihak GmbH .",positive,phrasebank,controlled_gold_split,positive,0.0018217152,0.011148466,0.98702985
phrasebank_sentences_66agree_1742,Delhaize Le Lion has selected the Aldata G.O.L.D. Vocal PDA solution on the Motorola WT4090 PDA terminal .,neutral,phrasebank,controlled_gold_split,neutral,0.00048668505,0.9932234,0.006289892
phrasebank_sentences_75agree_2066,No financial detail were available .,neutral,phrasebank,controlled_gold_split,neutral,0.0017425771,0.997223,0.0010344612
phrasebank_sentences_50agree_2134,It appears from statistics of the Technical Surveillance Authority that customers who switch service providers mostly transfer their numbers to Elisa 's network .,neutral,phrasebank,controlled_gold_split,neutral,0.0032795551,0.9957818,0.00093869114
phrasebank_sentences_allagree_1471,"The objective is that trading in the shares will commence on May 2 , 2007 .",neutral,phrasebank,controlled_gold_split,neutral,0.00077375595,0.99785763,0.0013686348
phrasebank_sentences_allagree_1423,"The deal includes the entire personnel of PlanMill Oy , who will transfer to the new company as so-called old employees .",neutral,phrasebank,controlled_gold_split,neutral,0.001715791,0.9973568,0.00092740933
phrasebank_sentences_allagree_1718,"That address also happens to house Italian megamart Eataly , meaning that `` Come on , kids , we 're going to the Toy Building ! ''",neutral,phrasebank,controlled_gold_split,neutral,0.003146421,0.9953571,0.0014964588
phrasebank_sentences_allagree_545,"CapMan has four investment areas ( CapMan Buyout , CapMan Technology , CapMan Life Science and CapMan Real Estate ) , and each of them has a dedicated team .",neutral,phrasebank,controlled_gold_split,neutral,0.00063137204,0.99762195,0.0017466823
phrasebank_sentences_allagree_1744,The company has an annual turnover of EUR32 .8 m.,neutral,phrasebank,controlled_gold_split,neutral,0.0011033377,0.99722904,0.0016676672
phrasebank_sentences_allagree_840,"Pretax profit totalled EUR 2.0 mn , compared to a loss of EUR 159.2 mn in the fourth quarter of 2008 .",positive,phrasebank,controlled_gold_split,positive,0.0047263377,0.002197951,0.9930757
phrasebank_sentences_allagree_1959,Short-term licenses for the games cost as little as $ 3 while purchasing a game outright can cost as much as $ 10 or $ 15 .,neutral,phrasebank,controlled_gold_split,neutral,0.002582938,0.9962574,0.0011596825
phrasebank_sentences_allagree_1269,"ISMS does not disclose its financial results , the daily said .",neutral,phrasebank,controlled_gold_split,neutral,0.0016120041,0.9974605,0.0009275058
phrasebank_sentences_75agree_568,The objective of the planned measures is to achieve significant savings in the next few years .,positive,phrasebank,controlled_gold_split,positive,0.00093143695,0.03575458,0.96331406
phrasebank_sentences_50agree_186,"Editor 's note : Grimaldi generated a 1.7 bln euro ( $ 2.182 bln ) turnover in 2005 , ANSA reported on May 29 , 2006 .",neutral,phrasebank,controlled_gold_split,neutral,0.0014867854,0.99667907,0.0018341428
phrasebank_sentences_50agree_139,"A structures BIM ( building information modeling ) software from Tekla , a model-based software provider , has been adopted for the construction management and delivery of a university project in Abu Dhabi .",neutral,phrasebank,controlled_gold_split,neutral,0.0005951919,0.9627565,0.036648333
phrasebank_sentences_allagree_1610,"Cargotec 's sales totalled EUR 3.4 billion in 2008 and it employs approximately 11,000 people .",neutral,phrasebank,controlled_gold_split,neutral,0.0009479742,0.9978035,0.0012485246
phrasebank_sentences_75agree_1814,"Swedbank Hypotek - Is to issue a benchmark , fixed rate covered deal in Euros , maturing January 2010 .",neutral,phrasebank,controlled_gold_split,neutral,0.0005764108,0.9963946,0.0030290375
phrasebank_sentences_75agree_870,LSC 's 30 employees will move to Ixonos with their existing status and benefits .,neutral,phrasebank,controlled_gold_split,neutral,0.00087941176,0.99695045,0.0021701977
phrasebank_sentences_50agree_713,Both loans will be used to finance strategic investments such as shopping center redevelopment projects and refinancing of maturing debt .,positive,phrasebank,controlled_gold_split,neutral,0.0015511473,0.7757564,0.22269244
phrasebank_sentences_allagree_176,Orders received grew by 55 % year-on-year to EUR732m .,positive,phrasebank,controlled_gold_split,positive,0.0027402712,0.0024135623,0.9948462
phrasebank_sentences_66agree_404,The companies ' aim is to finalize the negotiations and sign the contracts at the start of October 2008 .,neutral,phrasebank,controlled_gold_split,neutral,0.00056698296,0.9955318,0.0039012025
phrasebank_sentences_66agree_3089,Earnings per share EPS in 2005 amounted to a loss of EUR1 .26 .,neutral,phrasebank,controlled_gold_split,negative,0.9898044,0.009164876,0.0010307841
phrasebank_sentences_75agree_1344,CORPORATE IT UPDATE - ( C ) 1995-2009 M2 COMMUNICATIONS LTD Finnish technology group Teleste Corporation ( OMX Helsinki : TLT1V ) reported on Wednesday ( 4 February ) an operating profit of EUR5 .6 m on net sales of EUR108 .7 m for the year 2008 .,neutral,phrasebank,controlled_gold_split,neutral,0.0010654061,0.9954549,0.0034797129
phrasebank_sentences_66agree_367,YIT Construction and the town of Riihim+ñki have signed a lease contract whereby the town will occupy the Travel Centre office facilities .,positive,phrasebank,controlled_gold_split,positive,0.0020055177,0.010549289,0.98744524
phrasebank_sentences_50agree_2420,Benefon 's target is to lay off temporarily of permanently up to 20 % of the Salo plant 's staff .,negative,phrasebank,controlled_gold_split,negative,0.9907831,0.007120292,0.0020965487
phrasebank_sentences_allagree_1044,"The business area has operations in Finland , Sweden , Denmark , Estonia , Latvia and Lithuania .",neutral,phrasebank,controlled_gold_split,neutral,0.0010720252,0.9977343,0.0011935969
phrasebank_sentences_75agree_2230,The Finnish paints company acquired the remaining 49 pct that it did not own from Ukraine 's LGU for an undisclosed sum .,neutral,phrasebank,controlled_gold_split,neutral,0.0010389334,0.99762964,0.0013314139
phrasebank_sentences_50agree_995,The world 's biggest magazine paper maker said the program to improve efficiency will include closing several of its least competitive mills and would cover all the company 's operations resulting in annual savings of some euro200 million US$ 240 million .,positive,phrasebank,controlled_gold_split,positive,0.0028111509,0.0041384143,0.99305046
phrasebank_sentences_50agree_500,One of the challenges in the oil production in the North Sea is scale formation that can plug pipelines and halt production .,negative,phrasebank,controlled_gold_split,neutral,0.30809098,0.6868754,0.0050336095
phrasebank_sentences_75agree_1055,Pharmaceuticals - Netherlands This brand-new market analysis gives a clear overview of the actual situation and future outlook of the pharmaceutical market in Netherlands .,neutral,phrasebank,controlled_gold_split,neutral,0.000932402,0.9968677,0.0021998896
phrasebank_sentences_allagree_2198,"In September alone , the market declined by 10.2 percent year-on-year to 19.28 million liters .",negative,phrasebank,controlled_gold_split,negative,0.9924287,0.0061723343,0.0013989222
phrasebank_sentences_75agree_936,"The important thing now is to keep the bank 's existing 15,000 customers .",neutral,phrasebank,controlled_gold_split,neutral,0.00055408676,0.9843562,0.015089653
phrasebank_sentences_75agree_1349,Elektrobit ( EB ) has renewed its IT infrastructure contract with ICT services provider Fujitsu Services for EB 's Patja service .,positive,phrasebank,controlled_gold_split,positive,0.0028499211,0.004074358,0.9930757
phrasebank_sentences_allagree_1252,"In addition , MIDs are always online and enable full Internet browsing .",neutral,phrasebank,controlled_gold_split,neutral,0.00073378586,0.9975534,0.0017127807
phrasebank_sentences_allagree_697,The deal was worth about EUR 1.2 mn .,neutral,phrasebank,controlled_gold_split,neutral,0.0010950862,0.99753404,0.0013708659
phrasebank_sentences_allagree_1523,"The transaction is subject to a final agreement between the parties , approvals of their decision-making bodies and approval by the Finnish Competition Authority .",neutral,phrasebank,controlled_gold_split,neutral,0.0006443171,0.99643683,0.0029188157
phrasebank_sentences_75agree_2498,"Economic development in China is no longer taking place only on the East coast and in the Shanghai area , Vauramo says .",neutral,phrasebank,controlled_gold_split,neutral,0.00058157905,0.99555874,0.003859624
phrasebank_sentences_allagree_1785,The final outcome of the rights offering is to be reported around 23 October 2009 .,neutral,phrasebank,controlled_gold_split,neutral,0.00075720676,0.9977221,0.0015206634
phrasebank_sentences_75agree_2400,"Upon completion of these transactions , Metso 's stake will amount to more than 60 % .",neutral,phrasebank,controlled_gold_split,neutral,0.00054170936,0.99680233,0.0026559918
phrasebank_sentences_75agree_2278,The order is a follow-on to an 11 mln euro ( $ 16.1 mln ) deal made in July 2007 .,neutral,phrasebank,controlled_gold_split,neutral,0.00073299825,0.99453837,0.004728679
phrasebank_sentences_75agree_2120,"SAN FRANCISCO ( MarketWatch ) -- Nokia Corp , the world 's largest cell-phone maker , is using the Consumer Electronics Show in Las Vegas to introduce a high-end , thin folding phone , according to a media report Monday .",neutral,phrasebank,controlled_gold_split,neutral,0.0011743206,0.9758863,0.022939442
phrasebank_sentences_allagree_930,All YIT Capital Markets Day materials will be available on the company 's Internet site at www.yitgroup.com/investors at 10:30 on September 26 .,neutral,phrasebank,controlled_gold_split,neutral,0.0010974648,0.9977501,0.0011523818
phrasebank_sentences_allagree_1945,Atria said its offer would give the Swedish company continued ownership and control of its slaughtering and cutting operations .,neutral,phrasebank,controlled_gold_split,neutral,0.00050750223,0.9825048,0.016987674
phrasebank_sentences_allagree_1041,The Board of Directors was authorized to decide on other terms of the share issue .,neutral,phrasebank,controlled_gold_split,neutral,0.00075807405,0.99691594,0.0023259292
phrasebank_sentences_allagree_593,Shuweihat 2 got under way in July 2008 when the project was awarded to desalination and power contractors .,neutral,phrasebank,controlled_gold_split,positive,0.00096462335,0.020695172,0.9783402
phrasebank_sentences_75agree_1436,"The Group 's revenue amounts to over EUR 80 million , about half of which is accounted for by exports .",neutral,phrasebank,controlled_gold_split,neutral,0.0006575277,0.99719906,0.0021433549
phrasebank_sentences_66agree_2880,The sale of the food potato business is part of Raisio 's plan to streamline and clarify its business operations .,neutral,phrasebank,controlled_gold_split,positive,0.0014441895,0.27629095,0.7222649
phrasebank_sentences_66agree_1432,"Via the plant , the Belgian company will feed 8.4 MW of electricity into the distribution grid and will be able to deliver up to 14 MW of heat .",neutral,phrasebank,controlled_gold_split,positive,0.001073822,0.030268013,0.9686582
phrasebank_sentences_75agree_3041,"`` Soon after , the collisions started . ''",neutral,phrasebank,controlled_gold_split,neutral,0.034164082,0.94713384,0.018702097
phrasebank_sentences_66agree_1765,"However , he expects banks to provide alternative financing .",positive,phrasebank,controlled_gold_split,positive,0.0011594744,0.21394955,0.784891
phrasebank_sentences_75agree_2330,The shares subscribed will be eligible for trade on the following day from the registration .,neutral,phrasebank,controlled_gold_split,neutral,0.0006696825,0.99598867,0.0033416685
phrasebank_sentences_66agree_1666,Both companies ' existing investment plans will be coordinated .,neutral,phrasebank,controlled_gold_split,positive,0.0015127681,0.4438922,0.55459493
phrasebank_sentences_allagree_114,"EUR928 ,000 in Q1 2010 6 May 2010 - Finnish textile and clothing design company Marimekko Oyj ( HEL : MMO1V ) said today its net profit rose to EUR928 ,000 in the first quarter of 2010 from EUR13 ,000 in the corresponding period a year earlier .",positive,phrasebank,controlled_gold_split,positive,0.0033866263,0.0028741923,0.99373925
phrasebank_sentences_50agree_3172,"The business goals for 2009 will realize with the temporary lay-offs carried out in the summer of 2009 , and with other savings measures .",neutral,phrasebank,controlled_gold_split,neutral,0.0011041007,0.90684235,0.0920536
phrasebank_sentences_allagree_449,"The original name Componenta +àm+Ñl , as a subsidiary of the Finnish Componenta Group , has been changed to +àm+Ñl Components and the company has seen a 63 % growth in Q1 2010 , in comparison to Q1 2009 .",positive,phrasebank,controlled_gold_split,positive,0.001817684,0.0036718226,0.99451053
phrasebank_sentences_66agree_1103,One attractive factor about the tablets for media companies is that they provide a new way of making money .,positive,phrasebank,controlled_gold_split,neutral,0.0009249859,0.93265826,0.06641673
phrasebank_sentences_66agree_1321,"One of the opportunities would be to bring all Baltic meat processing to Rakvere , like processing was concentrated at the Vantaa meat-packing unit in Finland , the paper wrote .",neutral,phrasebank,controlled_gold_split,neutral,0.0006739363,0.96958166,0.029744443
phrasebank_sentences_allagree_1078,"The fish content of the nuggets is 85 % , and the fish comes from Canada and Finland .",neutral,phrasebank,controlled_gold_split,neutral,0.00094602775,0.99770147,0.001352478
phrasebank_sentences_66agree_451,The company plans to spend the proceeds from the rights offering for strengthening its balance sheet .,neutral,phrasebank,controlled_gold_split,positive,0.0021338295,0.0050988346,0.99276733
phrasebank_sentences_allagree_607,The company is studying the feasibility of focusing most of its processed meat production in the Vantaa facilities and the processing of fresh meat in the Forssa facilities .,neutral,phrasebank,controlled_gold_split,neutral,0.00055513,0.9785348,0.020910077
phrasebank_sentences_allagree_984,"Iso Omena is based in the Matinkyla district of the southern part of the city of Espoo , southern Finland .",neutral,phrasebank,controlled_gold_split,neutral,0.0017138683,0.9972126,0.0010735593
phrasebank_sentences_75agree_2941,"It would be premature to talk about dates , volume and the investment procedure , '' he said .",neutral,phrasebank,controlled_gold_split,neutral,0.061558943,0.93651277,0.0019282565
phrasebank_sentences_75agree_1290,"For 2009 , Incap expects revenue of some EUR 70 million .",neutral,phrasebank,controlled_gold_split,neutral,0.0005303181,0.99314636,0.0063232756
phrasebank_sentences_allagree_2156,Net sales fell by 33 % from the third quarter of 2008 to EUR 130.5 mn .,negative,phrasebank,controlled_gold_split,negative,0.99353904,0.0050384253,0.0014225418
phrasebank_sentences_allagree_31,"The company 's order book stood at 1.5 bln euro $ 2.2 bln on September 30 , 2007 , up by 24.2 pct on the year , with international orders amounting to 365 mln euro $ 534.3 mln .",positive,phrasebank,controlled_gold_split,positive,0.0026193566,0.0027397058,0.99464095
phrasebank_sentences_75agree_1128,"Wayne Greensmith , Fiskars Brands UK senior brand manager , said : `` We have launched this as we want to give something back to the community .",neutral,phrasebank,controlled_gold_split,neutral,0.00054808875,0.9756041,0.023847803
phrasebank_sentences_allagree_565,"It is a member of the OneWorld alliance , which includes American Airlines and British Airways .",neutral,phrasebank,controlled_gold_split,neutral,0.0005793043,0.995546,0.0038746803
phrasebank_sentences_allagree_2151,Market share decreased on the route between Helsinki in Finland and Tallinn in Estonia by 0.1 percentage points to 24.8 % .,negative,phrasebank,controlled_gold_split,negative,0.9912948,0.0071973936,0.0015079193
phrasebank_sentences_75agree_1087,"The contracts awarded to date , in connection with the system , amount to a total EUR 36 million .",neutral,phrasebank,controlled_gold_split,neutral,0.0007480955,0.9857168,0.013535057
phrasebank_sentences_allagree_1027,"SSH Communications Security Corporation is headquartered in Helsinki , Finland .",neutral,phrasebank,controlled_gold_split,neutral,0.001270386,0.9975841,0.0011454587
phrasebank_sentences_allagree_1915,EBIT excluding non-recurring items was estimated to increase from 2009 .,positive,phrasebank,controlled_gold_split,positive,0.002499107,0.0029793787,0.9945214
phrasebank_sentences_50agree_1911,"Sami Sepp+ñnen , CEO for Elisa Eesti , says the novel network allows fast mobile broadband for sparsely populated areas .",neutral,phrasebank,controlled_gold_split,neutral,0.0005512925,0.9717704,0.027678277
phrasebank_sentences_75agree_2307,The proposed consolidation activities will impact approximately 30 positions .,neutral,phrasebank,controlled_gold_split,neutral,0.0021528546,0.99674004,0.0011071129
phrasebank_sentences_75agree_3148,Ramirent made 18 million kroons EUR 1.15 mln loss last year ; the year before the company was 7.3 million kroons in the black .,negative,phrasebank,controlled_gold_split,negative,0.9921455,0.0061106067,0.0017438926
phrasebank_sentences_66agree_2683,"Talvivaara Mining Company PLC ( Talvivaara Mining ) ( LSE : TALV ) , a Finland-based nickel mining business , has installed its second production line at its metals recovery plant on June 9 , 2010 .",neutral,phrasebank,controlled_gold_split,neutral,0.00096271245,0.95378375,0.045253508
phrasebank_sentences_75agree_2816,"Under Finnish law , Parliament grants licences to build nuclear power plants .",neutral,phrasebank,controlled_gold_split,neutral,0.00058371027,0.9856389,0.013777356
phrasebank_sentences_50agree_2392,After that the two companies sat down and sewed up the present deal .,neutral,phrasebank,controlled_gold_split,neutral,0.00090751285,0.99715436,0.0019381647
phrasebank_sentences_66agree_3841,The maritime administration said the ships had ignored warnings about the icy conditions .,negative,phrasebank,controlled_gold_split,negative,0.64875615,0.32257202,0.028671863
phrasebank_sentences_75agree_2782,"The total value of the agreement is USD4 .0 m , the company said .",neutral,phrasebank,controlled_gold_split,neutral,0.0008939057,0.9976706,0.0014354491
phrasebank_sentences_50agree_3914,The through service of FESCO is a telling example of strengthening the relationship between logistics companies and operators at the international level .,positive,phrasebank,controlled_gold_split,positive,0.001383789,0.005351433,0.9932648
phrasebank_sentences_allagree_706,"The record date for dividend distribution is March 14 , 2008 .",neutral,phrasebank,controlled_gold_split,neutral,0.0013106943,0.99757034,0.0011189088
phrasebank_sentences_66agree_1456,Mr Lee said he hoped that Neste 's move will ` pave the way for more collaboration projects between our two countries ' .,positive,phrasebank,controlled_gold_split,positive,0.0026134497,0.0049886005,0.99239796
phrasebank_sentences_allagree_862,"Finnish broadband data communication systems provider Teleste Oyj HEL : TLT1V said yesterday it returned to a net profit of EUR 2.7 million USD 3.8 m for the first nine months of 2010 versus a net loss of EUR 579,000 for the same period of 2009 .",positive,phrasebank,controlled_gold_split,positive,0.0048752525,0.0022760767,0.99284863
phrasebank_sentences_allagree_1407,"The Company serves approximately 3,000 customers in over 100 countries .",neutral,phrasebank,controlled_gold_split,neutral,0.00045976724,0.9949103,0.0046299007
phrasebank_sentences_50agree_3152,"Thanks to the development of a system that enables it to trace the origin of all the palm oil that it uses , it knows exactly where and how its palm oil has been produced .",neutral,phrasebank,controlled_gold_split,neutral,0.0008645207,0.8941077,0.10502776
phrasebank_sentences_allagree_183,"Pre-tax profit totaled EUR 397.4 mn , up from EUR 164.7 mn .",positive,phrasebank,controlled_gold_split,positive,0.003043186,0.0027278943,0.99422896
phrasebank_sentences_66agree_4183,The winner does not have to be present to win .,neutral,phrasebank,controlled_gold_split,neutral,0.0013360447,0.99719656,0.0014673581
phrasebank_sentences_allagree_2246,"Qualcomm estimated a first-quarter profit between 46 and 50 cents a share , excluding certain items , below the analyst estimate of 61 cents a share .",negative,phrasebank,controlled_gold_split,negative,0.9917229,0.0055614007,0.0027157092
phrasebank_sentences_66agree_2582,"Metso Oyj said it has sold its spreader roll manufacturing business and related assets in the town of Nokia , southern Finland , to a group of Finnish investors , who will operate the business under the name of Finbow Oy .",neutral,phrasebank,controlled_gold_split,neutral,0.00081379124,0.99752456,0.0016616579
phrasebank_sentences_75agree_3426,"Because expenditures must be justified to pass budget approval hurdles , we believe our RoP model can help make it easier for IT and IT security practitioners to make the business case for acquiring enabling security technologies and related control activities .",neutral,phrasebank,controlled_gold_split,positive,0.0012906811,0.008666516,0.9900428
phrasebank_sentences_66agree_1747,European traffic grew nearly 30 % .,positive,phrasebank,controlled_gold_split,positive,0.0017183272,0.0033446662,0.99493694
phrasebank_sentences_50agree_1702,Finnish plumbing and heating systems supplier Uponor announced a company-wide cost reduction program in August 2008 .,neutral,phrasebank,controlled_gold_split,positive,0.015354406,0.004547627,0.9800979
phrasebank_sentences_allagree_329,"26 January 2011 - Finnish metal products company Componenta Oyj ( HEL : CTH1V ) said yesterday its net loss narrowed to EUR500 ,000 in the last quarter of 2010 from EUR5 .3 m for the same period a year earlier .",positive,phrasebank,controlled_gold_split,positive,0.01332072,0.00225676,0.98442245
phrasebank_sentences_50agree_3976,"We bring a new , committed leadership and business and strategic know-how to the company that we buy .",neutral,phrasebank,controlled_gold_split,positive,0.0014050545,0.48248184,0.51611316
phrasebank_sentences_75agree_3047,And Ogden reportedly will shell out $ 4.2 million .,neutral,phrasebank,controlled_gold_split,neutral,0.0010968425,0.99718434,0.0017188481
phrasebank_sentences_50agree_1892,Being successful requires providing a level of quality that satisfies our customers and partners .,neutral,phrasebank,controlled_gold_split,neutral,0.000629154,0.98253536,0.016835436
phrasebank_sentences_50agree_1162,"Aho is proud of the company 's new product , Lordi-Cola .",neutral,phrasebank,controlled_gold_split,positive,0.0011926998,0.0134381065,0.98536915
phrasebank_sentences_allagree_356,"ADPnews - Feb 5 , 2010 - Finnish real estate investor Sponda Oyj HEL : SDA1V said today that it slipped to a net loss of EUR 81.5 million USD 11.8 m in 2009 from a profit of EUR 29.3 million in 2008 .",negative,phrasebank,controlled_gold_split,negative,0.9928007,0.0057666567,0.0014326334
phrasebank_sentences_66agree_2849,"The permanent magnet generators and power converters are today the preferred solution in new wind turbine designs , the company said .",neutral,phrasebank,controlled_gold_split,neutral,0.00045935853,0.9843658,0.015174772
phrasebank_sentences_75agree_2127,Solidium now holds 5.0 per cent of the shares Solidium Oy has acquired 5.0 per cent of the shares in Tieto Corporation for approximately EUR 58 million .,neutral,phrasebank,controlled_gold_split,neutral,0.0006442346,0.9963092,0.0030465766
phrasebank_sentences_allagree_1603,"Based on the 2005 calendar year the combined company had EUR15 .8 bn in pro forma annual revenues and is expected to start operations with 60,000 employees .",neutral,phrasebank,controlled_gold_split,neutral,0.0005548956,0.9954672,0.0039778887
phrasebank_sentences_allagree_1994,Filmiteollisuus Fine Ab will be transferred to Talentum Oyj in the form of a subsidiary .,neutral,phrasebank,controlled_gold_split,neutral,0.0008315244,0.9975967,0.0015718042
phrasebank_sentences_allagree_2091,"As part of the transaction , M-real and Sappi have also signed a long-term agreement on the supply of pulp and BCTMP and other smaller services and supplies .",positive,phrasebank,controlled_gold_split,positive,0.002375702,0.0068408367,0.99078345
phrasebank_sentences_allagree_1400,The company reiterates its outlook for 2009 .,neutral,phrasebank,controlled_gold_split,neutral,0.000752789,0.9957833,0.003463906
phrasebank_sentences_75agree_312,"The airline has ordered nine Airbus A350-900 aircraft with deliveries from 2011 , and in doing so becomes the lead airline for the latest variant of Rolls-Royce Trent series engines , called the 1700 .",positive,phrasebank,controlled_gold_split,positive,0.0010661603,0.023947887,0.974986
phrasebank_sentences_allagree_2022,"Finnair 's passenger load factor , which measures the number of sold seats as a share of all available seats , dropped by 1.3 percentage points to 76.7 % in September .",negative,phrasebank,controlled_gold_split,negative,0.99278426,0.005291694,0.0019240256
phrasebank_sentences_allagree_766,The Moscow Metro ( www.mosmetro.ru ) was the first metro system in Europe to implement smart cards together with a new type of magnetic card in 1998 .,neutral,phrasebank,controlled_gold_split,neutral,0.0005176362,0.9865872,0.012895125
phrasebank_sentences_75agree_916,"The company designs and manufactures high-quality clothing , interior decoration textiles , bags , and other accessories .",neutral,phrasebank,controlled_gold_split,neutral,0.0008711668,0.9972953,0.0018334856
phrasebank_sentences_allagree_1479,The plant is expected to start production in the first half of 2007 .,neutral,phrasebank,controlled_gold_split,neutral,0.00066674943,0.9955076,0.0038256536
phrasebank_sentences_66agree_721,"According to Schmardin , Nordea will most likely try to win customers over from other pension fund providers .",positive,phrasebank,controlled_gold_split,positive,0.0012217184,0.043151256,0.9556271
phrasebank_sentences_allagree_1991,"After the split , the company would have 26,885,540 Series A shares and 9,540,000 Series K shares .",neutral,phrasebank,controlled_gold_split,neutral,0.00069205137,0.99759007,0.0017178691
phrasebank_sentences_75agree_8,"A purchase agreement for 7,200 tons of gasoline with delivery at the Hamina terminal , Finland , was signed with Neste Oil OYj at the average Platts index for this September plus eight US dollars per month .",positive,phrasebank,controlled_gold_split,positive,0.0016018988,0.016823087,0.981575
phrasebank_sentences_75agree_578,"Finnish construction group YIT has been awarded a contract to install heating , air conditioning and cooling systems to the new head office of the automobile association ADAC in Munich in Germany .",positive,phrasebank,controlled_gold_split,positive,0.0037930626,0.0043487675,0.99185807
phrasebank_sentences_allagree_991,"L&T is operative in Finland , Sweden , Latvia , Russia and Norway .",neutral,phrasebank,controlled_gold_split,neutral,0.0007029181,0.9975454,0.0017516727
phrasebank_sentences_allagree_209,"`` BasWare 's product sales grew strongly in the financial period , by 24 percent .",positive,phrasebank,controlled_gold_split,positive,0.0021849105,0.0028888881,0.9949262
phrasebank_sentences_allagree_1757,The customer is local company Etera Mutual Pension Insurance Co and the principal tenant of the unit will be media company Alma Media Corp HEL : ALN1V .,neutral,phrasebank,controlled_gold_split,neutral,0.00087139924,0.99756145,0.0015671506
phrasebank_sentences_66agree_247,"Press release 9 October 2009 Ruukki has signed a contract to deliver and install the steel structures for a bridge over the Kyronsalmi strait in Savonlinna , Finland .",positive,phrasebank,controlled_gold_split,positive,0.0032108163,0.0055586393,0.9912305
phrasebank_sentences_66agree_3787,Border Guard Service has banned the mooring of the company car-shipping ferry on its test travel at the railroad-car terminal of the Russian port as the border checkpoint is not yet ready .,negative,phrasebank,controlled_gold_split,negative,0.92042804,0.07723182,0.0023401838
phrasebank_sentences_allagree_1712,"Since the registration of the shares subscribed in a directed share issue , the new number of Panostaja shares and voting rights is 41,733,110 .",neutral,phrasebank,controlled_gold_split,neutral,0.0007735672,0.99761415,0.0016122524
phrasebank_sentences_75agree_1314,The company 's net sales in 2010 totalled MEUR 311.4 with an operating margin of 13.9 per cent .,neutral,phrasebank,controlled_gold_split,neutral,0.00072054623,0.9911014,0.008178049
phrasebank_sentences_allagree_1652,"In addition to verification of an identity and digital signatures , new state-approved Mobile ID enables to cast votes in elections as well .",neutral,phrasebank,controlled_gold_split,neutral,0.0005514308,0.9911855,0.0082630385
phrasebank_sentences_50agree_1855,L&T has also made a commitment to redeem the remaining shares by the end of 2011 .,neutral,phrasebank,controlled_gold_split,neutral,0.0005651006,0.9883583,0.011076596
phrasebank_sentences_75agree_71,An individual promotion also generated slightly higher-than-expected revenues .,positive,phrasebank,controlled_gold_split,positive,0.00215533,0.002877743,0.9949669
phrasebank_sentences_allagree_256,The group 's 12-month operating profit grew 31 percent to 337.8 million euros .,positive,phrasebank,controlled_gold_split,positive,0.0021935534,0.002838669,0.99496776
phrasebank_sentences_50agree_1873,The winners included the Honda Odyssey for minivan and the Nissan Armada for large SUV .,neutral,phrasebank,controlled_gold_split,neutral,0.0014116011,0.9555649,0.043023534
phrasebank_sentences_allagree_2138,"Finnish financial software solutions developer BasWare Oyj said its net profit fell to 884,000 euro ( $ 1.2 mln ) for the first quarter of 2007 from 2.0 mln euro ( $ 2.7 mln ) a year earlier .",negative,phrasebank,controlled_gold_split,negative,0.9937756,0.0045931144,0.0016313406
phrasebank_sentences_allagree_925,"According to the Finnish-Russian Chamber of Commerce , all the major construction companies of Finland are operating in Russia .",neutral,phrasebank,controlled_gold_split,neutral,0.0012754216,0.9976337,0.0010909259
phrasebank_sentences_allagree_666,"It operates under three distinct brands : United Supermarkets , Market Street and United Supermercado .",neutral,phrasebank,controlled_gold_split,neutral,0.0009535139,0.9977709,0.001275597
phrasebank_sentences_allagree_1813,"The remaining amount will be funded through debt , the Danish bank said .",neutral,phrasebank,controlled_gold_split,neutral,0.0006986365,0.99729556,0.0020058397
phrasebank_sentences_allagree_234,"October-December sales were 302 mln eur , or a 25.3 pct increase year on year .",positive,phrasebank,controlled_gold_split,positive,0.0034739075,0.002732032,0.9937941
phrasebank_sentences_75agree_887,Production at the plant will be based on Neste Oil 's proprietary technology that can use a flexible input of any vegetable oil or animal fat .,neutral,phrasebank,controlled_gold_split,neutral,0.00043882092,0.9951551,0.004406042
phrasebank_sentences_75agree_344,"As earlier reported , Nokian Tyres is building a plant in the town of Vsevolozhsk in Russia 's Leningrad Region with an annual production capacity of 4 million tires .",neutral,phrasebank,controlled_gold_split,neutral,0.0005973997,0.99505687,0.004345784
phrasebank_sentences_50agree_1850,In his turn Fradkov said Russia is interested in adopting Finnish experience in forming technology parks in the framework of implementing the law on special economic zone .,neutral,phrasebank,controlled_gold_split,neutral,0.0005697524,0.9772205,0.022209777
phrasebank_sentences_75agree_1313,"The company reported net sales of EUR550m in 2005 and had some 3,200 employees .",neutral,phrasebank,controlled_gold_split,neutral,0.0011818397,0.9976012,0.0012169761
phrasebank_sentences_75agree_2605,One of the largest projects of the magazine division of SanomaWSOY - Sanoma Magazines International in 2006 became launch of the Russian magazine Gloriya .,neutral,phrasebank,controlled_gold_split,neutral,0.00062878034,0.9974154,0.0019557863
phrasebank_sentences_allagree_1255,"In the fourth quarter of 2006 , OKO Banks expects the operating environment for Banking and Investment Services to remain similar to that in January-September 2006 .",neutral,phrasebank,controlled_gold_split,neutral,0.00081589347,0.978844,0.020340072
phrasebank_sentences_75agree_2351,The use of validation rule base enables verifying that processing rule bases managed by different administrators fulfil some set requirements .,neutral,phrasebank,controlled_gold_split,neutral,0.0008027628,0.99755174,0.0016455546
phrasebank_sentences_allagree_617,"The Lemminkainen Group , headquartered in Helsinki , Finland operates in all sectors of the construction industry : civil engineering , building contracting , technical building services and the building materials industry .",neutral,phrasebank,controlled_gold_split,neutral,0.0013458197,0.99764913,0.0010050236
phrasebank_sentences_allagree_1474,The order is included in Metso 's fourth quarter 2007 order backlog .,neutral,phrasebank,controlled_gold_split,neutral,0.0034969454,0.99551183,0.0009911866
phrasebank_sentences_allagree_1182,"Berling Capital , Umo Capital and Veikko Laine are the biggest shareholders in Amanda Capital .",neutral,phrasebank,controlled_gold_split,neutral,0.00069319387,0.9972873,0.0020195819
phrasebank_sentences_50agree_270,Previously the company has estimated its operating profit to reach the level of 2005 only .,positive,phrasebank,controlled_gold_split,neutral,0.0016738886,0.9654278,0.032898296
phrasebank_sentences_75agree_1541,"According to the report , Elisa 's and DNA 's joint market share of Finland 's telecom market is 59 % .",neutral,phrasebank,controlled_gold_split,neutral,0.0005720781,0.9966612,0.002766802
phrasebank_sentences_allagree_961,"Ethanol would be made from barley , and production could start in 2008 .",neutral,phrasebank,controlled_gold_split,neutral,0.00048606464,0.99389666,0.005617305
phrasebank_sentences_allagree_658,From Merisatama to the far corners of the world Asfaltti Osakeyhti+Â Lemmink+ñinen was established in 1910 by a group of master builders in Helsinki as a specialist business and subcontractor .,neutral,phrasebank,controlled_gold_split,neutral,0.0007508767,0.99714124,0.0021079434
phrasebank_sentences_allagree_1637,"For 2009 , net profit was EUR 3 million and the company paid a dividend of EUR 1.30 apiece .",neutral,phrasebank,controlled_gold_split,neutral,0.0009342844,0.9969313,0.0021344256
phrasebank_sentences_50agree_4581,"Operating profit for the 12-month period decreased from EUR5 .4 m while net sales increased from EUR62 .0 m , as compared to the financial year 2004 .",negative,phrasebank,controlled_gold_split,negative,0.96882844,0.029865902,0.0013056651
phrasebank_sentences_66agree_494,Lemcon signed an investment cooperation agreement with the Kaluga regional administration last November .,positive,phrasebank,controlled_gold_split,positive,0.0023128148,0.0063921255,0.991295
phrasebank_sentences_75agree_1234,"Luxembourg-registered investment fund Amber Trust II has won the final approval of Lithuania 's Competition Council to acquire 29.6 percent of Sanitas , the country 's largest pharmaceutical producer .",positive,phrasebank,controlled_gold_split,positive,0.001956053,0.0063203857,0.9917235
phrasebank_sentences_66agree_2864,The prices of stainless steel also rose in Europe .,neutral,phrasebank,controlled_gold_split,positive,0.0015044039,0.019122722,0.9793728
phrasebank_sentences_50agree_1128,"`` Installation of the automatic varnishing line is an important part of the company 's strategy in the region of central and eastern Europe , '' said Jozef Misurec , the director of Ruukki Slovakia .",positive,phrasebank,controlled_gold_split,neutral,0.0007168674,0.9190914,0.08019176
phrasebank_sentences_75agree_704,"The launch of the plant in June went well , and it has been producing the advanced fuel for a couple of weeks .",positive,phrasebank,controlled_gold_split,positive,0.001320945,0.010825052,0.987854
phrasebank_sentences_allagree_1781,"The facility will have a lettable area of some 19,000 sq m. The plot for the plant , located in the Ratasmaki business park , will be purchased from the City of Forssa .",neutral,phrasebank,controlled_gold_split,neutral,0.00057812507,0.997408,0.0020139173
phrasebank_sentences_75agree_1365,"In 2007 , Huhtamaki will continue to invest in organic growth .",neutral,phrasebank,controlled_gold_split,neutral,0.0012573354,0.76146543,0.23727721
phrasebank_sentences_50agree_1806,It helps our stakeholders get a better understanding of our operations and the challenges in stainless steel business .,neutral,phrasebank,controlled_gold_split,positive,0.0009237302,0.12068977,0.87838644
phrasebank_sentences_66agree_2389,"As a result , the company has decided it will implement fixed-term temporary lay-offs .",negative,phrasebank,controlled_gold_split,negative,0.9897668,0.00706453,0.003168723
phrasebank_sentences_allagree_241,Production capacity will increase from 36 000 to 85 000 tonnes per year and the raw material will continue to be recycled paper and board .,positive,phrasebank,controlled_gold_split,positive,0.0013406968,0.009648691,0.98901063
phrasebank_sentences_50agree_4296,`` The rest of this week 's tapings of Jimmy Kimmel Live have been canceled until he is back on his feet .,neutral,phrasebank,controlled_gold_split,neutral,0.16643794,0.83051366,0.0030484172
phrasebank_sentences_allagree_1930,"Initial estimated total value of the contract was 250 000 Euros , excluding VAT .",neutral,phrasebank,controlled_gold_split,neutral,0.0009876394,0.99777836,0.0012339478
phrasebank_sentences_allagree_233,"Nevertheless , its market share rose to 49.14 percent from 48.51 percent a year earlier .",positive,phrasebank,controlled_gold_split,positive,0.0027226508,0.0030195913,0.9942578
phrasebank_sentences_75agree_1707,The category was marked by maturity and the recession .,neutral,phrasebank,controlled_gold_split,neutral,0.0036627527,0.9949646,0.0013726864
phrasebank_sentences_66agree_3041,"ALEXANDRIA , Va. , Nov. 5 -- Risto Kontturi of Rajamaki , Finland , and Jari Ylinen of Hyvinkaa , Finland , have developed an automated transportation system with a user-controlled transport selection .",neutral,phrasebank,controlled_gold_split,neutral,0.0006430899,0.9964832,0.0028736973
phrasebank_sentences_50agree_324,Componenta 's objective with this agreement is to increase business on its existing production lines .,positive,phrasebank,controlled_gold_split,positive,0.0009625117,0.011331782,0.98770565
phrasebank_sentences_75agree_1062,RusHydro has an agreement to transfer its stakes in OESK and the five ERCs into the trust management of Inter RAO .,neutral,phrasebank,controlled_gold_split,neutral,0.000545735,0.9847867,0.014667556
phrasebank_sentences_75agree_1429,"The company targets sales of Ls 27.1 mn ( Ls 23.498 mn ) and a profit of Ls 300,000 ( Ls 371,500 ) in 2007 .",neutral,phrasebank,controlled_gold_split,neutral,0.00075973297,0.95148534,0.04775486
phrasebank_sentences_allagree_809,"The price of raw material aluminium went up at the end of 2005 , but the company considers its outlook for 2006 favourable .",positive,phrasebank,controlled_gold_split,positive,0.0014727722,0.0054400438,0.9930871
phrasebank_sentences_66agree_1466,"`` I 'm pleased to receive the Nomination Committee 's request and confidence , '' says Jon Risfelt .",positive,phrasebank,controlled_gold_split,positive,0.002847034,0.0070190053,0.99013394
phrasebank_sentences_66agree_397,"KAUKO-TELKO LTD PRESS RELEASE 19.06.2007 AT 14.00 1 ( 1 ) Telko Group ( Kauko-Telko ) is expanding its strategic partnership with BP Industrial Lubricants & Services ( BP ILS ) by acquiring total ownership of BP 's Swedish retail company , Molub-Alloy AB .",positive,phrasebank,controlled_gold_split,positive,0.0016789747,0.012787354,0.98553365
phrasebank_sentences_75agree_3060,"In the spring 2006 , a total of 386,530 Stock Options 2002 B were annulled .",neutral,phrasebank,controlled_gold_split,neutral,0.07197594,0.9252305,0.002793537
phrasebank_sentences_66agree_425,"Baltic Pearl CJSC , a subsidiary of Shanghai Foreign Joint Investment Company , is developing a project in St Petersburg , comprising about a million square meters of residential space , two hospitals and several schools and nurseries .",neutral,phrasebank,controlled_gold_split,neutral,0.00048434324,0.9903768,0.009138887
phrasebank_sentences_66agree_1922,"Tectia Corporation HEL : TEC1V , a provider of real-time security solutions , today announced that it has appointed LAN2LAN , a provider of IT services in the UK , to distribute its data security and manage file transfer software .",positive,phrasebank,controlled_gold_split,neutral,0.00057834294,0.9900191,0.009402597
phrasebank_sentences_75agree_767,The first phase will be completed by the end of 2012 .,neutral,phrasebank,controlled_gold_split,neutral,0.0005973819,0.9950271,0.0043754624
phrasebank_sentences_allagree_894,Comptel Corporation will publish its financial statements for 2008 on 12 February 2009 .,neutral,phrasebank,controlled_gold_split,neutral,0.001335271,0.99759287,0.0010718731
phrasebank_sentences_allagree_2016,"Raute reported a loss per share of EUR0 .86 for the first half of 2009 , against EPS of EUR0 .74 in the corresponding period of 2008 .",negative,phrasebank,controlled_gold_split,negative,0.99133986,0.0062504355,0.0024097576
phrasebank_sentences_66agree_1648,The SeaWind that was en route from the Finnish port of Turku to Stockholm got stuck in ice already around 4 p.m. on Wednesday and the Regal Star 's journey from the Swedish port of Kapellskar to Paldiski in northwestern Estonia was cut short at 2 a.m. on Thursday .,negative,phrasebank,controlled_gold_split,negative,0.9860367,0.012567885,0.001395352
phrasebank_sentences_allagree_1491,The properties were purchased from Swedish private equity real estate firm Niam and Goldman Sachs ' Whitehall Street Real Estate Funds .,neutral,phrasebank,controlled_gold_split,neutral,0.00073938206,0.99733907,0.0019215606
phrasebank_sentences_50agree_2456,Finnish food company Raisio Oyj HEL : RAIVV said today it will buy British snacks and confectionery company Big Bear Group plc for an enterprise value of EUR 95.3 million USD 129.9 m .,positive,phrasebank,controlled_gold_split,neutral,0.00075007725,0.9960796,0.0031703033
phrasebank_sentences_75agree_1194,"Neste Oil Corporation is a refining and marketing company concentrating on clean , high-quality traffic fuels .",neutral,phrasebank,controlled_gold_split,neutral,0.00047229504,0.99445254,0.0050751716
phrasebank_sentences_66agree_145,"Besides we have increased the share of meat in various sausages and are offering a number of new tastes in the grill products and shish kebabs segment , '' Paavel said .",positive,phrasebank,controlled_gold_split,positive,0.0012161565,0.0076788436,0.991105
phrasebank_sentences_75agree_2516,"Following the acquisitions , Panostaja will establish a new business unit which will focus on heat treatment of metals .",neutral,phrasebank,controlled_gold_split,neutral,0.00046897848,0.9952141,0.00431686
phrasebank_sentences_allagree_788,Mr Skogster currently serves as the manager responsible for ABB Oy 's system modules for low voltage drives .,neutral,phrasebank,controlled_gold_split,neutral,0.0010471832,0.99772614,0.0012266746
phrasebank_sentences_allagree_446,"The Australian company Mirabela Nickel has awarded Outokumpu Technology a contract for grinding technology for its nickel sulfide project in Bahia State , Brazil .",positive,phrasebank,controlled_gold_split,positive,0.0034224016,0.0040404582,0.9925371
phrasebank_sentences_allagree_316,The robust growth was the result of the inclusion of clothing chain Lindex in the Group in December 2007 .,positive,phrasebank,controlled_gold_split,positive,0.001682992,0.004619742,0.9936972
phrasebank_sentences_75agree_3229,"In Asia earlier , Japan 's Nikkei index fell 0.62 percent and Hong Kong 's Hang Seng Index rose 0.56 percent .",neutral,phrasebank,controlled_gold_split,neutral,0.014194853,0.9158674,0.06993778
phrasebank_sentences_allagree_1662,It is estimated that the consolidated turnover of Kausta Guder will reach Lt 53mn US$ 22.53 mn EUR 15.35 mn in 2007 .,neutral,phrasebank,controlled_gold_split,neutral,0.00106967,0.987795,0.011135338
phrasebank_sentences_allagree_1841,The value of this kind of order amounts usually between Euro 2 and 3 million .,neutral,phrasebank,controlled_gold_split,neutral,0.0020769497,0.9969777,0.0009453414
phrasebank_sentences_allagree_601,The agreement is valid for four years .,neutral,phrasebank,controlled_gold_split,neutral,0.0006260076,0.9910795,0.008294492
phrasebank_sentences_75agree_1056,Pharmaceuticals - Poland This brand-new market analysis gives a clear overview of the actual situation and future outlook of the pharmaceutical market in Poland .,neutral,phrasebank,controlled_gold_split,neutral,0.00091090676,0.99698144,0.0021076056
phrasebank_sentences_66agree_1947,The carrier said its Area travel agency is to sell most of its outlets to sister chain Suomen Matkatoimisto (SMT)and use its remaining bricks-and-mortar presence to primarily target business customers going forward .,neutral,phrasebank,controlled_gold_split,neutral,0.0005753065,0.9809818,0.018442854
phrasebank_sentences_50agree_895,The companies have agreed on long-term cooperation to mechanise harvesting in Stora Enso 's eucalyptus plantations in Southern China .,positive,phrasebank,controlled_gold_split,positive,0.002855025,0.0061693187,0.9909757
phrasebank_sentences_75agree_1397,Net sales of the Lehdentekijat unit was approximately EUR 14 million in 2007 and it had 70 employees .,neutral,phrasebank,controlled_gold_split,neutral,0.0009776807,0.99741036,0.0016119231
phrasebank_sentences_allagree_30,The agreement strengthens our long-term partnership with Nokia Siemens Networks .,positive,phrasebank,controlled_gold_split,positive,0.0024213633,0.0034080066,0.9941706
phrasebank_sentences_75agree_1283,Aspo 's net sales in 2006 totaled EUR 225.9 million .,neutral,phrasebank,controlled_gold_split,neutral,0.0015127464,0.9973859,0.001101358
phrasebank_sentences_allagree_559,"Goodwill and other intangible assets account for some 2.0 mln euro ( $ 2.6 mln ) of the purchase price , 20 pct of which payable in Aspo shares .",neutral,phrasebank,controlled_gold_split,neutral,0.0010390044,0.9976979,0.0012631081
phrasebank_sentences_allagree_717,"Thus the group 's balance sheet will have about EUR 25.8 million of goodwill , the company added .",neutral,phrasebank,controlled_gold_split,neutral,0.0005225779,0.99600595,0.0034714541
phrasebank_sentences_allagree_1232,"Founded in 1985 , Quatrocon 's clientele consists of public sector builders , central trading companies and major construction firms .",neutral,phrasebank,controlled_gold_split,neutral,0.0012704715,0.9976513,0.0010782352
phrasebank_sentences_50agree_3495,A profit is still on target .,positive,phrasebank,controlled_gold_split,positive,0.0016101183,0.04771977,0.95067006
phrasebank_sentences_allagree_282,"The broad-based WIG index ended Thursday 's session 0.1 pct up at 65,003.34 pts , while the blue-chip WIG20 was 1.13 down at 3,687.15 pts .",neutral,phrasebank,controlled_gold_split,positive,0.03867795,0.18445462,0.7768674
phrasebank_sentences_66agree_3650,"In addition , the production at the Varpaisj+â rvi factory will be stopped at the beginning of April 2009 .",negative,phrasebank,controlled_gold_split,neutral,0.29578388,0.70128214,0.0029339446
phrasebank_sentences_66agree_4008,"Capacity will ease at its Seikku sawmill in Pori and Alholma sawmill in Pietarsaari and result in 60 people being laid off for around six weeks starting mid-May , it said .",negative,phrasebank,controlled_gold_split,negative,0.99350923,0.0037514477,0.0027392623
phrasebank_sentences_66agree_3847,"`` We cut our frequency to New York last year , which explains the fall , '' he said .",negative,phrasebank,controlled_gold_split,negative,0.78108823,0.19409624,0.024815524
phrasebank_sentences_allagree_963,Exel is headquartered in Mantyharju in Finland .,neutral,phrasebank,controlled_gold_split,neutral,0.0014295076,0.99742967,0.0011408164
phrasebank_sentences_75agree_1272,"It 's even a little bit higher than Yara 's multiples on itself , ' an analyst in Helsinki said .",neutral,phrasebank,controlled_gold_split,positive,0.0017488744,0.0071504517,0.9911007
phrasebank_sentences_66agree_3050,Around 50 percent of the world 's ro-ro fleet is over 25 years old and needs to be scrapped for environmental reasons .,neutral,phrasebank,controlled_gold_split,neutral,0.013690804,0.98448145,0.0018276894
phrasebank_sentences_allagree_502,"It is necessary to strengthen the company 's operations , however .",neutral,phrasebank,controlled_gold_split,positive,0.0010478706,0.023698516,0.97525364
phrasebank_sentences_allagree_1619,"Currently , the company uses eight similar reach stackers and four empty container handlers by Konecranes .",neutral,phrasebank,controlled_gold_split,neutral,0.0006511502,0.997218,0.0021308733
phrasebank_sentences_allagree_1238,"Helsinki 19 May 2010 - Finnish company Lemminkainen Oyj ( HEL : LEM1S ) said today that it will construct an office building at Toolonlahti in downtown Helsinki , without disclosing financial details .",neutral,phrasebank,controlled_gold_split,neutral,0.0011562714,0.99721473,0.0016290124
phrasebank_sentences_66agree_4098,The company said that the fall in turnover had been planned .,negative,phrasebank,controlled_gold_split,negative,0.9913059,0.0066209184,0.0020732165
phrasebank_sentences_75agree_331,"At the same time , the market for automated liquid handling devices is already larger than that for pipettes , according to Biohit .",neutral,phrasebank,controlled_gold_split,neutral,0.002507582,0.7802024,0.21729003
phrasebank_sentences_allagree_358,"Profit before taxes amounted to EUR 56.5 mn , down from EUR 232.9 mn a year ago .",negative,phrasebank,controlled_gold_split,negative,0.9940566,0.004154762,0.0017886866
phrasebank_sentences_50agree_1814,Technopolis said before the protocol was signed that the techno-park would be built at a site covering more than six hectares in the Neudorf special economic zone and that it planned to invest 200 million euros in the project until 2009 inclusive .,neutral,phrasebank,controlled_gold_split,neutral,0.00046435374,0.99312854,0.0064070765
phrasebank_sentences_75agree_266,"Finnish Larox has signed a contract with the Talvivaara Project for the delivery of filters to the Talvivaara nickel mine in Sotkamo , in Finland .",positive,phrasebank,controlled_gold_split,positive,0.0035681045,0.005161231,0.99127066
phrasebank_sentences_75agree_1358,"For Telenor , the three and a half year contract is worth an estimated 12.6 m. YIT has chosen Telenor and Elisa as its principal suppliers of ICT solutions in Norway , Sweden , Denmark and Finland .",positive,phrasebank,controlled_gold_split,positive,0.00092999043,0.016364181,0.9827057
phrasebank_sentences_allagree_2054,"YIT lodged counter claims against Neste Oil totaling some EUR25m , primarily based on work carried out under the contract and additional costs incurred due to prolongation of the project .",negative,phrasebank,controlled_gold_split,negative,0.98673576,0.008595495,0.004668728
phrasebank_sentences_allagree_1278,"Janis Arbidans , CEO of YIT Celtnieciba , said the company was focusing on housing and real estate development market .",neutral,phrasebank,controlled_gold_split,neutral,0.0007499465,0.99785304,0.0013969858
phrasebank_sentences_allagree_2248,"Operating margin , however , slipped to 14.4 % from 15.1 % , dragged down by a poor performance in enterprise solutions .",negative,phrasebank,controlled_gold_split,negative,0.99407476,0.0039414116,0.0019838028
phrasebank_sentences_allagree_1730,"The business transfer will take effect from 1 January 2007 , and in connection with this 47 employees will transfer from Elisa to Daxtum as continuing employees .",neutral,phrasebank,controlled_gold_split,neutral,0.0006175861,0.9970311,0.0023513208
phrasebank_sentences_allagree_2171,Revenue in the quarter fell 8 percent to ( EURO ) 2.4 billion compared to a year earlier .,negative,phrasebank,controlled_gold_split,negative,0.99296594,0.00432819,0.0027058686
phrasebank_sentences_allagree_1042,The bridge will be 1.2 km long and is located between Anasmotet by the road E20 and the new traffic junction in Marieholm by the road E45 .,neutral,phrasebank,controlled_gold_split,neutral,0.00059930485,0.99433845,0.0050622155
phrasebank_sentences_allagree_2219,The company said that sales in the three months to the end of March slid to EUR86 .4 m US$ 113.4 m from EUR91 .2 m last year .,negative,phrasebank,controlled_gold_split,negative,0.9933448,0.0049496656,0.0017055545
phrasebank_sentences_66agree_1066,"In Finland , 71 % of paper and paperboard is reclaimed .",neutral,phrasebank,controlled_gold_split,neutral,0.0008631562,0.9978219,0.0013148715
phrasebank_sentences_75agree_1392,Net profit in the same period in 2006 was (  x20ac ) 172 million .,neutral,phrasebank,controlled_gold_split,neutral,0.002576815,0.99583876,0.001584432
phrasebank_sentences_75agree_455,"The Vuokatti unit will be developed to focus especially on the manufacture of prototypes , the ramp-up of new products and the demanding testing and after-sales services .",neutral,phrasebank,controlled_gold_split,neutral,0.00049117306,0.994582,0.004926877
phrasebank_sentences_allagree_207,Total operating revenue grew by 27.6 % year-on-year to EUR61m .,positive,phrasebank,controlled_gold_split,positive,0.0023349365,0.0027351542,0.99492985
phrasebank_sentences_75agree_3111,"In Q1 of 2009 , the company 's result before taxes from continuing operations , excluding non-recurring items , totalled EUR -0.4 mn , compared to EUR -0.1 mn in the corresponding period in 2008 .",negative,phrasebank,controlled_gold_split,positive,0.39628786,0.004147769,0.5995644
phrasebank_sentences_allagree_195,That would be an increase from estimated sales of 117 million last year .,positive,phrasebank,controlled_gold_split,positive,0.002248564,0.0034019686,0.9943494
phrasebank_sentences_75agree_3447,The company said that its comparable operating profit for the January-June period fell short of last year 's corresponding performance .,negative,phrasebank,controlled_gold_split,negative,0.9908326,0.004780577,0.004386904
phrasebank_sentences_allagree_2076,BioTie North-American licensing partner Somaxon Pharmaceuticals started a phase II-III clinical study in patients suffering from pathological gambling and a pilot phase II study in nicotine addiction smoking cessation .,neutral,phrasebank,controlled_gold_split,neutral,0.001359526,0.78718567,0.21145473
phrasebank_sentences_allagree_1840,The value of the three-year contract is estimated at EUR40m .,neutral,phrasebank,controlled_gold_split,neutral,0.0013286112,0.9974758,0.0011956206
phrasebank_sentences_75agree_436,"This truly takes efficiency to new heights , '' Mr. Metso adds .",positive,phrasebank,controlled_gold_split,positive,0.0016990791,0.0048544267,0.9934464
phrasebank_sentences_allagree_1821,"The tanks will be delivered to a company which is currently building a chemical tank farm in Antwerp , northern Belgium .",neutral,phrasebank,controlled_gold_split,neutral,0.0008379721,0.9975085,0.0016535375
phrasebank_sentences_50agree_1447,"Upgrades include a five megapixel camera , voice control , and what looks to be an optical mouse instead a D-pad -- an upgrade click-happy S60 has needed forever .",positive,phrasebank,controlled_gold_split,positive,0.0026289134,0.4218693,0.57550186
phrasebank_sentences_50agree_21,"( Filippova ) A trilateral agreement on investment in the construction of a technology park in St Petersburg was to have been signed in the course of the forum , Days of the Russian Economy , that opened in Helsinki today .",positive,phrasebank,controlled_gold_split,positive,0.001707451,0.37232503,0.6259675
phrasebank_sentences_allagree_33,"The world 's second largest stainless steel maker said net profit in the three-month period until Dec. 31 surged to euro603 million US$ 781 million , or euro3 .33 US$ 4.31 per share , from euro172 million , or euro0 .94 per share , the previous year .",positive,phrasebank,controlled_gold_split,positive,0.0041395384,0.0025403532,0.9933202
phrasebank_sentences_allagree_1010,"Poyry is a global consulting and engineering firm focusing on the energy , forest industry and infrastructure & environment sectors .",neutral,phrasebank,controlled_gold_split,neutral,0.0009130213,0.99734586,0.0017410907
phrasebank_sentences_allagree_1069,The deal means that ten persons in three countries will transfer to Tieto .,neutral,phrasebank,controlled_gold_split,neutral,0.00049276033,0.99196666,0.0075405487
phrasebank_sentences_66agree_796,"The move is aimed at boosting sales , cost-efficiency and market share in Finland .",positive,phrasebank,controlled_gold_split,positive,0.0020476156,0.0034695321,0.9944829
phrasebank_sentences_allagree_674,"Nokia Siemens Networks provides mobile and fixed network infrastructure , communications and networks service platforms , as well as professional services , to operators and service providers .",neutral,phrasebank,controlled_gold_split,neutral,0.0007294699,0.9975138,0.0017567562
phrasebank_sentences_50agree_1300,"O'Leary 's Material Handling Services , located in Perth , is the leading company in Western Australia that supplies , installs and provides service for tail lifts .",positive,phrasebank,controlled_gold_split,positive,0.0008062417,0.035700176,0.9634935
phrasebank_sentences_allagree_1332,"POYRY PLCCompany Announcement 10 December 2010 at 4.10 p.m. Pursuant to Poyry PLC 's stock option program 2004 , 63 792 new shares of the company have been subscribed since 27 October 2010 with stock options 2004B .",neutral,phrasebank,controlled_gold_split,neutral,0.0007379665,0.9973757,0.0018863047
phrasebank_sentences_75agree_1441,"The recovery of demand that started toward the end of 2009 , continued in January-March 2010 .",positive,phrasebank,controlled_gold_split,positive,0.002350116,0.005983675,0.99166614
phrasebank_sentences_50agree_3614,"In 2006 , the company intends to invest significantly in expanding its distribution and maintenance network .",positive,phrasebank,controlled_gold_split,positive,0.0021365418,0.005773792,0.9920896
phrasebank_sentences_allagree_1421,"The contracts between Raute Corporation and Muling Kemian Wood Products Co. , Ltd. , which were announced on 3 November 2010 , have taken effect .",neutral,phrasebank,controlled_gold_split,neutral,0.0015031318,0.91746396,0.08103292
phrasebank_sentences_66agree_68,TELECOMWORLDWIRE-7 April 2006-TJ Group Plc sells stake in Morning Digital Design Oy Finnish IT company TJ Group Plc said on Friday 7 April that it had signed an agreement on selling its shares of Morning Digital Design Oy to Edita Oyj .,positive,phrasebank,controlled_gold_split,neutral,0.0023697608,0.6424751,0.3551551
phrasebank_sentences_66agree_537,"The 250 sq m 2,691 sq ft store in Copenhagen 's premier shopping district was inaugurated today , further strengthening the company 's presence in Nordic capitals .",positive,phrasebank,controlled_gold_split,positive,0.002802186,0.0034400222,0.99375784
phrasebank_sentences_allagree_1498,The report will be emailed within 2 business days of an order .,neutral,phrasebank,controlled_gold_split,neutral,0.0012361949,0.99764484,0.0011189923
phrasebank_sentences_66agree_1373,The GeoSolutions team further provides an intriguing new technology combining GPS and Mobile-based technologies together with Internet-based social networking .,neutral,phrasebank,controlled_gold_split,positive,0.0012995992,0.27926832,0.7194321
phrasebank_sentences_75agree_780,The service also enables users to watch e-mails in HTML format en is enhanced with 23 addition languages to choose from .,neutral,phrasebank,controlled_gold_split,neutral,0.0005246932,0.99031913,0.009156221
phrasebank_sentences_allagree_162,Operating profit rose to EUR 13.5 mn from EUR 9.7 mn in the corresponding period in 2006 .,positive,phrasebank,controlled_gold_split,positive,0.0031829937,0.0025928146,0.99422425
phrasebank_sentences_allagree_1266,Investment management and investment advisory services are the company 's sole line of business .,neutral,phrasebank,controlled_gold_split,neutral,0.0011773886,0.9977337,0.0010889064
phrasebank_sentences_75agree_1305,Operating profit for the quarter April-June 2006 amounted to EUR42 .9 m on net sales of EUR156 .3 m.,neutral,phrasebank,controlled_gold_split,neutral,0.0011537985,0.99702746,0.0018187286
phrasebank_sentences_66agree_1839,"The agreement , which will cover monitoring , maintenance , server capacity service and backups , has a one-year extension option .",neutral,phrasebank,controlled_gold_split,neutral,0.0007003003,0.99189115,0.0074085942
phrasebank_sentences_allagree_756,And that 's exactly what happened on a recent weekday when an East Haven baker was brought in to remind residents about the Easter tradition of making wheat and rice pies .,neutral,phrasebank,controlled_gold_split,neutral,0.0027330983,0.99418193,0.0030849318
phrasebank_sentences_allagree_2105,"Finnair 's Tallinn-based subsidiary , Aero AS , carried 23,335 passengers , a decline of 60.8 % , on routes between Helsinki and the Baltic capitals and within Southern Finland .",negative,phrasebank,controlled_gold_split,negative,0.9926686,0.004239063,0.003092292
phrasebank_sentences_allagree_214,"Earnings per share for January-June 2010 were EUR0 .30 , an increase of 20 % year-on-year EUR0 .25 .",positive,phrasebank,controlled_gold_split,positive,0.002645244,0.002645244,0.9947095
phrasebank_sentences_allagree_1292,"Maggie Ramsey 's wait - and those of thousands of Oregon and Washington guides , anglers and others who flock to his frequent seminars - is nearly over .",neutral,phrasebank,controlled_gold_split,neutral,0.0024652597,0.9955285,0.0020062001
phrasebank_sentences_75agree_3396,"According to the company , its operating profit , excluding non-recurring items , in the fourth quarter of 2009 was significantly better than expected , and also better than the figures for the fourth quarter of 2008 .",positive,phrasebank,controlled_gold_split,positive,0.0035367727,0.0023149461,0.9941484
phrasebank_sentences_allagree_133,"In January-September 2009 , the Group 's net interest income increased to EUR 112.4 mn from EUR 74.3 mn in January-September 2008 .",positive,phrasebank,controlled_gold_split,positive,0.0036396005,0.0028456177,0.9935148
phrasebank_sentences_75agree_1031,"In addition to supplying a new headbox and a modern sizing and coating unit , Vaahto Group will provide erection supervision , training and start-up services .",neutral,phrasebank,controlled_gold_split,neutral,0.00042453984,0.98752683,0.012048663
phrasebank_sentences_75agree_264,"`` The transaction strengthens our position ... in design and branded goods , '' said Fiskars president and CEO Heikki Allonen , pointing out that the two groups have relatively few overlapping operations .",positive,phrasebank,controlled_gold_split,positive,0.0025331827,0.003073558,0.9943932
phrasebank_sentences_66agree_725,"And the broker repeated its ` buy ' rating , based on expectations that current restructuring will lead to a clear improvement in performance in Europe in 2007 .",positive,phrasebank,controlled_gold_split,positive,0.0021207414,0.0034625318,0.9944167
phrasebank_sentences_75agree_2518,"Following the divestment , Fiskars 's Outdoor unit will comprise the brands Gerber , Silva and Buster , and will focus on multi-tools , knives , compasses , mobile lighting , pedometers , and aluminium boats .",neutral,phrasebank,controlled_gold_split,neutral,0.00055747735,0.9961998,0.0032427078
phrasebank_sentences_allagree_2206,"Operating profit totaled EUR 3.8 mn , down from EUR 4.5 mn in the corresponding period in 2005 .",negative,phrasebank,controlled_gold_split,negative,0.99402386,0.0043412726,0.0016349381
phrasebank_sentences_allagree_1623,"Customers wave cards in front of the reader to make payments , similar to `` touch and go '' cards used in transport systems .",neutral,phrasebank,controlled_gold_split,neutral,0.0020702959,0.9966995,0.0012302086
phrasebank_sentences_66agree_1788,It will combine and renew the contents and functionality of the current systems for funding and online service as well as their maintenance .,positive,phrasebank,controlled_gold_split,neutral,0.00063208083,0.9455899,0.053778064
phrasebank_sentences_75agree_2345,"The total value of the order , placed by Aspo ' marine transportation subsidiary ESL Shipping Oy , is EUR 60 million ( USD 77.5 m ) .",neutral,phrasebank,controlled_gold_split,neutral,0.0012579659,0.99752516,0.0012168833
phrasebank_sentences_allagree_571,"Jun. 25 , 2008 ( Boy Genius Report delivered by Newstex ) -- The Nokia ( NYSE : NOK ) N78 , huh ?",neutral,phrasebank,controlled_gold_split,neutral,0.0016998299,0.9968015,0.0014986304
phrasebank_sentences_allagree_1869,"Finnish shipping company Finnlines ' pretax loss totalled EUR 6.5 mn in the third quarter of 2009 , compared to a profit of EUR 0.3 mn in the third quarter of 2008 .",negative,phrasebank,controlled_gold_split,negative,0.9931236,0.004409948,0.00246652
phrasebank_sentences_75agree_1240,"The method utilises waterborne Ultra products , giving protection to wooden surfaces in an industrial painting process whereby two layers of top coat are applied on exterior wooden panels and boards without a separate primer .",neutral,phrasebank,controlled_gold_split,neutral,0.0009436119,0.9970993,0.0019570768
phrasebank_sentences_allagree_1209,"Den Bosch-based TomTom is Europe 's largest maker of automotive navigation devices , while Cayman Islands-based Garmin is larger in the U.S. and overall .",neutral,phrasebank,controlled_gold_split,neutral,0.0006518854,0.9905748,0.0087733865
phrasebank_sentences_allagree_2236,The hull of the vessel was built one block at a time and Ruukki delivered the plate material for each block as construction progressed .,neutral,phrasebank,controlled_gold_split,neutral,0.0010802695,0.99758315,0.0013365627
phrasebank_sentences_50agree_616,"QPR has an established international customer base , spread over 70 countries in 2009 , and a variety of organizations including banks , manufacturing companies , service companies and government authorities .",neutral,phrasebank,controlled_gold_split,neutral,0.00043557183,0.9916529,0.007911508
phrasebank_sentences_50agree_4479,"According to Rautaruukki , the company wants to promote the use of emission-free energy sources .",neutral,phrasebank,controlled_gold_split,neutral,0.00051571004,0.9886923,0.010791999
phrasebank_sentences_allagree_92,"Both operating profit and net sales for the nine-month period increased , respectively by 26.6 % and 3.4 % , as compared to the corresponding period in 2006 .",positive,phrasebank,controlled_gold_split,positive,0.0028158862,0.002460861,0.9947232
phrasebank_sentences_75agree_1645,"No price was given for the transaction , which merges two London companies that have worked together on a number of projects including delivery of timetables for Britain 's National Express East Coast rail networks .",neutral,phrasebank,controlled_gold_split,neutral,0.0005609511,0.99655104,0.00288796
phrasebank_sentences_allagree_319,"Bilfinger investors cheered the agreement , pushing shares up 7 % , or & euro ; 3.30 , to & euro ; 50.29 , in afternoon trade .",positive,phrasebank,controlled_gold_split,positive,0.0031306478,0.0035963226,0.993273
phrasebank_sentences_allagree_724,"Yara Suomi Ltd also provides nitrogen chemicals and technical nitrates to various sectors of industry , as well as products used in environmental protection .",neutral,phrasebank,controlled_gold_split,neutral,0.00076142384,0.99741733,0.0018212175
phrasebank_sentences_66agree_3971,"In the first half of 2008 , the Bank 's operating profit fell to EUR 11.8 mn from EUR 18.9 mn , while net interest income increased to EUR 20.9 mn from EUR 18.8 mn in the first half of 2007 .",negative,phrasebank,controlled_gold_split,negative,0.9885539,0.0064621996,0.0049838573
phrasebank_sentences_allagree_1288,"Like all other mechanical pipettors from Biohit , also Proline Plus is CE-IVD marked and comes with a 3-year warranty .",neutral,phrasebank,controlled_gold_split,neutral,0.00048859685,0.9912997,0.008211699
phrasebank_sentences_allagree_271,It has80 branches in Finland with annual revenue in Finland of ?,neutral,phrasebank,controlled_gold_split,neutral,0.0005829372,0.99399334,0.00542378
phrasebank_sentences_66agree_1913,"Order intake , on the other hand , is expected to be stronger than in 2007 .",positive,phrasebank,controlled_gold_split,positive,0.0028480822,0.002776678,0.9943752
phrasebank_sentences_allagree_869,It therefore seems that Finnish shipping company Viking Line will get the subsidy it needs to order its new LNG-fuelled vessel .,positive,phrasebank,controlled_gold_split,positive,0.0018715867,0.0056313495,0.9924971
phrasebank_sentences_66agree_839,Incap and Lankapaja aim to enter into actual agreement to transfer the sheet-metal production to the buyer in February in order to complete the transfer on 1 March 2011 .,positive,phrasebank,controlled_gold_split,neutral,0.0013856274,0.83425885,0.16435555
phrasebank_sentences_75agree_2642,"Technopolis has set aside a plot of land measuring 4.6 hectares to build the park , Mikkonen said .",neutral,phrasebank,controlled_gold_split,neutral,0.00060680334,0.99699557,0.002397611
phrasebank_sentences_66agree_1470,"`` We are proud to welcome another distribution facility to north Mississippi and the region known as the logistics center of the United States , '' said Gray Swoope , executive director of MDA .",positive,phrasebank,controlled_gold_split,positive,0.004127608,0.005415052,0.9904574
phrasebank_sentences_allagree_410,The aim is an annual improvement in Ruukki Construction 's operating profit of more than EUR 3 million USD 4.1 m starting in 2009 .,positive,phrasebank,controlled_gold_split,positive,0.0015394986,0.0040402254,0.99442023
phrasebank_sentences_allagree_1219,Feed companies Suomen Rehu and Raisio do no import GMO feed .,neutral,phrasebank,controlled_gold_split,neutral,0.0012504566,0.9973974,0.0013520658
phrasebank_sentences_allagree_913,"128,538 shares can still be subscribed for with Series E share options , max .",neutral,phrasebank,controlled_gold_split,neutral,0.0005261557,0.9969662,0.0025076983
phrasebank_sentences_50agree_4021,Finnish home decoration and arts and crafts retailer Tiimari Plc ( OMX Helsinki : TII1V ) reported on Monday ( 18 August ) an operating loss of EUR3 .3 m on net sales of EUR33 .9 m for the period January-June 2008 .,neutral,phrasebank,controlled_gold_split,negative,0.59477425,0.4024444,0.002781381
phrasebank_sentences_allagree_1940,Finnish publishing and printing group Ilkka-Yhtym+ñ will introduced a staff smoking ban as of the beginning of 2007 at the company 's three newspapers .,neutral,phrasebank,controlled_gold_split,neutral,0.17220749,0.82235867,0.0054338365
phrasebank_sentences_allagree_802,"Full-year net sales are expected to increase by approximately 10 % , the company said .",positive,phrasebank,controlled_gold_split,positive,0.0026725892,0.004043498,0.99328387
phrasebank_sentences_75agree_2107,Radiation and today is a full service house expert in radiation and nuclear safety issues .,neutral,phrasebank,controlled_gold_split,neutral,0.00069062307,0.9935887,0.0057207323
phrasebank_sentences_50agree_1246,"In addition , YIT has reserved EPI Russia the right to expand the logistics center by about 100,000 m2 .",neutral,phrasebank,controlled_gold_split,neutral,0.0007800811,0.9195718,0.079648174
phrasebank_sentences_66agree_667,"Biohit and VWR have been in close cooperation for a number of years in the US , where Biohit is one of VWR 's focus suppliers .",positive,phrasebank,controlled_gold_split,positive,0.0014956754,0.022910189,0.9755941
phrasebank_sentences_allagree_2163,Operating profit fell to EUR 6.2 mn from EUR 8.5 mn in the third quarter of 2007 .,negative,phrasebank,controlled_gold_split,negative,0.993489,0.0052031795,0.0013078839
phrasebank_sentences_allagree_2210,"Operating profit totalled EUR 30.2 mn , down from EUR 43.8 mn a year earlier .",negative,phrasebank,controlled_gold_split,negative,0.9942174,0.0040040542,0.0017785244
phrasebank_sentences_allagree_1590,"A total of 15,000 new Citycon shares with a nominal value of EUR 1.35 per share were subscribed between 17 and 23 March 2006 exercising the A-B-C options based on the company 's stock option plan 1999 .",neutral,phrasebank,controlled_gold_split,neutral,0.00079965725,0.99758184,0.0016185101
phrasebank_sentences_75agree_2060,Neither of the companies use genetically engineered soy at the moment .,neutral,phrasebank,controlled_gold_split,neutral,0.00065898686,0.9974619,0.001879113
phrasebank_sentences_75agree_1169,The concept enables a commercially affordable way to manufacture high-quality TCO coated glass for the solar industry .,positive,phrasebank,controlled_gold_split,positive,0.00080215384,0.02739353,0.9718043
phrasebank_sentences_allagree_1987,"`` I 'm trying to deal with slavery from a different perspective to balance the story , '' says DeRamus , formerly a writer at the Detroit Free Press and the Detroit News .",neutral,phrasebank,controlled_gold_split,neutral,0.0021735628,0.99363273,0.0041937456
phrasebank_sentences_allagree_2043,"Therefore , the company 's 2005 result will remain weaker than that of 2004 .",negative,phrasebank,controlled_gold_split,negative,0.98499703,0.008195425,0.0068075294
phrasebank_sentences_allagree_1723,The bank 's leasing arm Nordea Liising ended the year with a profit of 4.4 million euros .,neutral,phrasebank,controlled_gold_split,neutral,0.0009854931,0.9878621,0.011152419
phrasebank_sentences_50agree_3496,A spokeswoman for the Italian fashion house declined comment on the settlement .,neutral,phrasebank,controlled_gold_split,neutral,0.0056288457,0.99302506,0.0013461388
phrasebank_sentences_allagree_960,"Erkki Jarvinen , President of Rautakirja and the head of the Sanoma Trade division , will leave his current tasks in spring 2009 for a similar position outside the Sanoma Group .",neutral,phrasebank,controlled_gold_split,neutral,0.0020049757,0.9968659,0.0011290914
phrasebank_sentences_allagree_148,"( ADP News ) - Nov 5 , 2008 - Finnish electronic measurement products and solutions maker Vaisala Oyj ( OMX : VAIAS ) said today that its net profit rose to EUR 18 million ( USD 23.1 m ) for the first nine months of 2008 from EUR 1",positive,phrasebank,controlled_gold_split,positive,0.0032442985,0.002982956,0.9937727
phrasebank_sentences_allagree_367,"Finnish Sampo Bank , of Danish Danske Bank group , reports profit before taxes of EUR 152.3 mn in 2010 , up from EUR 32.7 mn in 2009 .",positive,phrasebank,controlled_gold_split,positive,0.003103377,0.0026133053,0.99428326
phrasebank_sentences_allagree_1508,"The share capital of Biotie Therapies Corp. constitutes 90,211,860 shares in the aggregate and the number of voting rights attached to the shares amounts to 90,211,860 .",neutral,phrasebank,controlled_gold_split,neutral,0.001106285,0.9979419,0.0009518165
phrasebank_sentences_allagree_177,Orion Pharma 's operating profit increased by 42.5 % from 2004 .,positive,phrasebank,controlled_gold_split,positive,0.0025538132,0.0027559425,0.9946903
phrasebank_sentences_75agree_1413,Scanfil expects net sales in 2008 to remain at the 2007 level .,neutral,phrasebank,controlled_gold_split,neutral,0.0015165638,0.9402395,0.058243964
phrasebank_sentences_66agree_647,"At the moment , Valio is not worried , but if the ban continues for long , it may become quite a problem .",negative,phrasebank,controlled_gold_split,negative,0.95881057,0.037450414,0.0037390012
phrasebank_sentences_66agree_3701,"The largest restructuring is planned for Italy , where negotiations on about 40 job cuts are to be initiated today , the company noted .",negative,phrasebank,controlled_gold_split,negative,0.9728634,0.022846064,0.004290553
phrasebank_sentences_50agree_1847,"Higher bit rates for outgoing traffic improves the end-user experience of mobile broadband services such as video conferencing , file sharing and sending e-mails with attachments .",positive,phrasebank,controlled_gold_split,positive,0.0020991263,0.00396017,0.9939407
phrasebank_sentences_66agree_995,Finnish Raisio ( Diagnostics ) is launching new DNA-based quick tests to ensure the safety of food .,positive,phrasebank,controlled_gold_split,neutral,0.00074996054,0.94476587,0.054484148
phrasebank_sentences_50agree_1817,"The company 's objective is to offer the best people flow experience by developing and delivering solutions that enable people to move smoothly , safely , comfortably and without waiting in buildings in an increasingly urbanizing environment .",neutral,phrasebank,controlled_gold_split,positive,0.0012574801,0.40564445,0.5930981
phrasebank_sentences_allagree_1316,Odell has not contacted the State of Finland in this issue .,neutral,phrasebank,controlled_gold_split,neutral,0.0020527365,0.99697,0.000977249
phrasebank_sentences_75agree_64,"`` The change will optimize the operational efficiencies of our growing business , '' said Julia Prohaska , director of marketing communications for Fiskars .",positive,phrasebank,controlled_gold_split,positive,0.0015184161,0.006117922,0.9923637
phrasebank_sentences_66agree_195,"In addition , Kone signed a two-year maintenance contract for the escalators .",positive,phrasebank,controlled_gold_split,positive,0.0027703645,0.005115424,0.9921143
phrasebank_sentences_allagree_1838,The value of the deal was not disclosed .,neutral,phrasebank,controlled_gold_split,neutral,0.0010825086,0.9977004,0.0012170972
phrasebank_sentences_66agree_847,Outokumpu 's chief executive Juha Rantanen expressed his confidence in China market .,positive,phrasebank,controlled_gold_split,positive,0.0011973163,0.01539868,0.9834041
phrasebank_sentences_allagree_1304,"Neste Oil will publish its third quarter 2008 results on Friday , 24 October 2008 at approximately 9 am ( EET ) .",neutral,phrasebank,controlled_gold_split,neutral,0.0013249102,0.9976157,0.0010594097
phrasebank_sentences_66agree_1424,"We can choose the most efficient , best overall value option for our customers already at the bidding stage .",positive,phrasebank,controlled_gold_split,positive,0.0012915949,0.38233894,0.6163695
phrasebank_sentences_66agree_4145,The company 's previous estimate was for a lower revenue than the year-ago EUR 93.9 million .,negative,phrasebank,controlled_gold_split,negative,0.9909849,0.007459879,0.0015552994
phrasebank_sentences_66agree_3066,"CapMan , the Stockholm-headquartered private equity firm , has held a first close on its second private equity real estate fund as it continues its push into the property sector .",neutral,phrasebank,controlled_gold_split,positive,0.0017837189,0.14032131,0.857895
phrasebank_sentences_allagree_302,Sales rose 10 pct to 566 mln eur on the back of strong volume and favourable currency effects .,positive,phrasebank,controlled_gold_split,positive,0.0025527193,0.0031831216,0.9942642
phrasebank_sentences_66agree_1360,"The company said production volumes so far indicate the circuit is capable of the targeted output rate of 60,000 tonnes per day , or 22 million tonnes a year .",neutral,phrasebank,controlled_gold_split,positive,0.0010124318,0.04187828,0.9571094
phrasebank_sentences_66agree_974,Wellness services will be important in the future .,neutral,phrasebank,controlled_gold_split,neutral,0.00062731403,0.98541903,0.013953673
phrasebank_sentences_allagree_504,"Lemminkainen Infra Oy 's subsidiary Lemminkainen Sverige AB will perform the construction work , which is expected to start in early 2011 and to be completed in the summer of 2013 .",neutral,phrasebank,controlled_gold_split,neutral,0.00077418034,0.9964568,0.0027689373
phrasebank_sentences_50agree_1851,"It combines a perfect price performance with sophisticated management facilities , the company said .",positive,phrasebank,controlled_gold_split,positive,0.00093569,0.012265263,0.98679906
phrasebank_sentences_50agree_472,Finnish house manufacturers are targeting the strongly growing one-family house market in Russia .,neutral,phrasebank,controlled_gold_split,neutral,0.0015576616,0.635813,0.36262926
phrasebank_sentences_allagree_776,"Managing Director 's comments : `` Net sales for the first quarter were notably lower than a year before , especially in Finland , Russia and the Baltic countries .",negative,phrasebank,controlled_gold_split,negative,0.99284345,0.004937514,0.0022190018
phrasebank_sentences_66agree_3663,"More than 14,000 customers were left powerless .",negative,phrasebank,controlled_gold_split,negative,0.94732493,0.0507734,0.0019016172
phrasebank_sentences_66agree_3558,"`` This transaction supports Huhtamaki 's strategic review of rigid plastic consumer goods operations '' , says Huhtam+ñki Oyj 's CEO Jukka Moisio .",neutral,phrasebank,controlled_gold_split,positive,0.0009121208,0.0124083385,0.9866795
phrasebank_sentences_75agree_1170,The purpose of this action is to ensure company 's cost effectiveness this year and in the near future .,positive,phrasebank,controlled_gold_split,neutral,0.00057217455,0.9852158,0.0142120635
phrasebank_sentences_50agree_1538,"In Finland , the corresponding service is Alma Media 's Etuovi.com , Finland 's most popular and best known nationwide online service for home and property sales .",neutral,phrasebank,controlled_gold_split,neutral,0.0004968872,0.9944305,0.0050725816
phrasebank_sentences_allagree_1559,Union and company officials did not return calls yesterday .,neutral,phrasebank,controlled_gold_split,neutral,0.12766038,0.8698482,0.002491413
phrasebank_sentences_allagree_1593,"After non-recurring items of EUR 177mn , profit amounted to EUR 20mn .",neutral,phrasebank,controlled_gold_split,neutral,0.001675776,0.99525106,0.0030732069
phrasebank_sentences_66agree_2779,The Estonian parliament was set to vote on amendments to the excise duty law on Wednesday that would add 0.42 kroons to the price of a liter of diesel and 0.45 kroons to the price of a liter of gasoline from the start of 2010 .,neutral,phrasebank,controlled_gold_split,neutral,0.0013841763,0.9705274,0.028088469
phrasebank_sentences_allagree_1152,"Additionally , information on business segments , competitors and future outlook are provided .",neutral,phrasebank,controlled_gold_split,neutral,0.0009867757,0.99690574,0.0021074456
phrasebank_sentences_allagree_942,"CapMan said the deal 's effect on its cash flow for 2009 totals EUR3 .4 m , but the transaction would not affect its financial results for 2009 as it was executed at fair value .",neutral,phrasebank,controlled_gold_split,neutral,0.0066326894,0.9920989,0.0012683456
phrasebank_sentences_50agree_1333,Shareholders of Rakvere Lihakombinaat decided in favor of the buyout of minority shares in mid-July .,positive,phrasebank,controlled_gold_split,positive,0.0016230064,0.038223863,0.9601531
phrasebank_sentences_allagree_1644,"In 2007 , the Group 's net sales stood at EUR 42 million and it had about 1,445 employees .",neutral,phrasebank,controlled_gold_split,neutral,0.0012289948,0.9976629,0.0011081379
phrasebank_sentences_75agree_3405,Our superior customer centricity and expertise in digital services set us apart from our competitors .,positive,phrasebank,controlled_gold_split,positive,0.008198821,0.37935144,0.61244977
phrasebank_sentences_66agree_1029,Chief Financial Officer Jim Heindlmeyer said Beyond Oblivion is in advanced talks with the four major recording companies about its service .,neutral,phrasebank,controlled_gold_split,neutral,0.0006445554,0.9851922,0.014163231
phrasebank_sentences_75agree_338,"` This order is included in Wartsila 's order book in the second quarter , ' the company added .",neutral,phrasebank,controlled_gold_split,neutral,0.00083430036,0.99702483,0.0021408887
phrasebank_sentences_50agree_74,"Finnish real estate investor Sponda Plc said on Wednesday 12 March that it has signed agreements with Danske Bank A-S , Helsinki Branch for a 7-year EUR150m credit facility and with Ilmarinen Mutual Pension Insurance Company for a 7-year EUR50m credit facility .",neutral,phrasebank,controlled_gold_split,positive,0.0016952202,0.010978916,0.9873259
phrasebank_sentences_allagree_481,Uponor improved its performance in spite of the decrease in residential construction in the US .,positive,phrasebank,controlled_gold_split,positive,0.0030136204,0.0027546717,0.99423164
phrasebank_sentences_66agree_3679,SWOT analysis is just one method of categorization and has its own weaknesses .,neutral,phrasebank,controlled_gold_split,neutral,0.11263512,0.8850791,0.0022857464
phrasebank_sentences_allagree_1109,"The sale will be finalized in September or October , the company said .",neutral,phrasebank,controlled_gold_split,neutral,0.00094244105,0.997809,0.0012485315
phrasebank_sentences_75agree_1336,"According to M-real 's CEO , Mikko Helander , this transaction will enable the company to proceed swiftly with its restructuring program .",positive,phrasebank,controlled_gold_split,positive,0.0014075846,0.017417932,0.98117447
phrasebank_sentences_66agree_944,The aim of the bridge solutions chosen is to minimize construction times while ensuring that traffic beneath the bridge on the Saimaa canal continues undisturbed .,neutral,phrasebank,controlled_gold_split,neutral,0.0006918402,0.95161664,0.047691543
phrasebank_sentences_allagree_1388,The combined value of the orders is EUR 45mn .,neutral,phrasebank,controlled_gold_split,neutral,0.0011613141,0.9976591,0.0011796022
phrasebank_sentences_50agree_1172,Altimo and TeliaSonera said yesterday that Usmanov would be welcome to join the new company .,positive,phrasebank,controlled_gold_split,neutral,0.00068931095,0.99363977,0.005670964
phrasebank_sentences_allagree_676,"Outotec 's scope of delivery covers the engineering , supply of special equipment and services for a calcination plant with two circulating fluid bed calciners .",neutral,phrasebank,controlled_gold_split,neutral,0.0009261525,0.99795234,0.0011215257
phrasebank_sentences_allagree_1472,The online ice chart shows no ice in the area of Estonia 's sea ports on the coast of the Gulf of Finland .,neutral,phrasebank,controlled_gold_split,neutral,0.002091567,0.99618125,0.0017272099
phrasebank_sentences_75agree_2289,The personnel s expertise and high level of technology play a major role in Exel Composites operations .,neutral,phrasebank,controlled_gold_split,neutral,0.000536291,0.96585655,0.03360715
phrasebank_sentences_50agree_1597,"Stora Enso Oyj said Friday it will sell its North American unit to NewPage , in a deal valued at euro1 .82 billion US$ 2.52 million .",neutral,phrasebank,controlled_gold_split,neutral,0.00061361166,0.9964361,0.0029503368
phrasebank_sentences_allagree_1544,"These include software development for internet and mobile telephone content , communications , value-added software , financial services , security applications , systems integration and electronics .",neutral,phrasebank,controlled_gold_split,neutral,0.0020666323,0.9968809,0.0010524447
phrasebank_sentences_75agree_401,"Kalnapilio-Tauro Grupe ( Kalnapilis-Tauras Group ) , which is owned by Denmark 's Royal Unibrew , raised its market share to 25.2 percent from 23.91 percent , as beer sales for the nine months jumped by 11.4 percent to 52.99 million liters .",positive,phrasebank,controlled_gold_split,positive,0.0027122544,0.00294988,0.99433786
phrasebank_sentences_allagree_1229,"Foodservice and consumer goods markets are served by approximately 13,000 people in 54 manufacturing units and several sales offices in 33 countries .",neutral,phrasebank,controlled_gold_split,neutral,0.0011544467,0.99758756,0.0012580446
phrasebank_sentences_allagree_288,Tielinja generated net sales of 7.5 mln euro $ 9.6 mln in 2005 .,neutral,phrasebank,controlled_gold_split,neutral,0.0011402975,0.996976,0.0018837083
phrasebank_sentences_allagree_1025,"SRV will also build an aqua park with wellness area , a restaurant and a multifunctional ice arena .",neutral,phrasebank,controlled_gold_split,neutral,0.0009252063,0.88496023,0.11411457
phrasebank_sentences_allagree_1097,"The order comprises four ball mills , which will be organized in two different streams for treating ore in the Pilanesberg platinum mine .",neutral,phrasebank,controlled_gold_split,neutral,0.0010249054,0.997707,0.0012680634
phrasebank_sentences_75agree_3252,"When this information was released on 5 September 2008 , Nokia 's American Depositary shares fell by 8 % .",negative,phrasebank,controlled_gold_split,negative,0.98090184,0.012191964,0.006906187
phrasebank_sentences_allagree_2207,"Operating profit totaled EUR 6.7 mn , down from EUR 7.2 mn in the corresponding period in 2005 .",negative,phrasebank,controlled_gold_split,negative,0.99407095,0.004422785,0.001506247
phrasebank_sentences_allagree_675,"Of these shares 29,659,239 are held by the Company or its group companies and the number of outstanding shares and voting rights attached to the shares thus amounts to 322,705,218 .",neutral,phrasebank,controlled_gold_split,neutral,0.001029108,0.99789244,0.0010784959
phrasebank_sentences_50agree_1403,"The operator is one of 6 operators to have been granted a WiMAX license in Taiwan , and hopes to be the first to launch commercial services in early 2009 .",neutral,phrasebank,controlled_gold_split,positive,0.0009148725,0.013287326,0.9857978
phrasebank_sentences_allagree_1021,"says Brian Burton , Head of IT Security , Vodafone UK .",neutral,phrasebank,controlled_gold_split,neutral,0.0016702631,0.99391633,0.0044134683
phrasebank_sentences_75agree_2576,Margin call of Zanadvorov has given the chance to make such purchase under the credit of Deutsche Bank for USD 560 million .,neutral,phrasebank,controlled_gold_split,neutral,0.0010102422,0.79485434,0.20413548
phrasebank_sentences_allagree_1750,"The company said that 80 % of the shares of the holding company will be sold to Meadville Holdings Limited , a Hong Kong listed parent company of the Meadville Group .",neutral,phrasebank,controlled_gold_split,neutral,0.0006496128,0.9968086,0.0025418168
phrasebank_sentences_allagree_1322,"One price category is for calls on the preferred operator 's network , and another for calls on other operators ' networks .",neutral,phrasebank,controlled_gold_split,neutral,0.001219561,0.99776936,0.0010110516
phrasebank_sentences_allagree_17,"Operating profit for the three-month period increased from EUR1 .2 m , while revenue increased from EUR20 .2 m , as compared to the corresponding period in 2005 .",positive,phrasebank,controlled_gold_split,positive,0.0016300965,0.0034107098,0.9949591
phrasebank_sentences_66agree_2458,Etteplan targets to employ at least 20 people in Borl+ñnge .,positive,phrasebank,controlled_gold_split,neutral,0.0005425093,0.9963264,0.0031310848
phrasebank_sentences_75agree_1082,"The company said Offshore segment represented 43 % of the total marine engines orders for the July-September 2010 period , Merchant 33 % , Special vessels 18 % , and Cruise and Ferry , and Ship Design -- 2 % and 3 % , respectively .",neutral,phrasebank,controlled_gold_split,neutral,0.0009078165,0.997488,0.0016041964
phrasebank_sentences_66agree_377,"The new facility , to be known as Technopolis Pulkovo , will introduce to the Russian market an entirely new concept of creating , operating and growing a commercially-funded science and technology park to support the growth of knowledge-intensive companies .",neutral,phrasebank,controlled_gold_split,positive,0.0010206624,0.17848673,0.8204926
phrasebank_sentences_75agree_1217,He said things will be different when new Finnish nuclear power stations go into operation and the large hydro powered stations of northern Europe have a good year .,neutral,phrasebank,controlled_gold_split,neutral,0.00070552406,0.9895788,0.009715711
phrasebank_sentences_allagree_1254,"In his current position , Manty has worked since 1996 .",neutral,phrasebank,controlled_gold_split,neutral,0.0018151533,0.99701285,0.001171951
phrasebank_sentences_66agree_1299,"It also has strong assets in electronic media , employing 18,500 an increase of 9 percent on last year .",positive,phrasebank,controlled_gold_split,positive,0.0015131737,0.0037378331,0.994749
phrasebank_sentences_75agree_2555,"It grew in Finland , Norway , Denmark and the Baltic countries .",neutral,phrasebank,controlled_gold_split,neutral,0.0008899238,0.9951682,0.003941896
phrasebank_sentences_allagree_2259,"Operating result for the 12-month period decreased from the profit of EUR0 .4 m while turnover decreased from EUR5 .6 m , as compared to 2004 .",negative,phrasebank,controlled_gold_split,negative,0.9896264,0.009226083,0.0011474728
phrasebank_sentences_allagree_341,"ADP News - Nov 13 , 2008 - Finnish printed circuit board PCB maker Aspocomp Group Oyj OMX : ACG1V said today that its net loss narrowed to EUR 2 million USD 2.5 m in the first nine months of 2008 from EUR 57",positive,phrasebank,controlled_gold_split,positive,0.053384554,0.0022555592,0.94435984
phrasebank_sentences_66agree_3967,Sales were down 14 per cent in Finland and up 27 per cent abroad where sales were lifted by the strong growth in sales in Russia and Lithuania .,neutral,phrasebank,controlled_gold_split,negative,0.97514296,0.016663957,0.008193058
phrasebank_sentences_allagree_909,"` Nordea 's definitely too big for Sampo to acquire , ' said an analyst ` But Sampo would appear to have an agenda for Nordea ahead of the privatisation .",neutral,phrasebank,controlled_gold_split,neutral,0.0017953599,0.9967913,0.0014133287
phrasebank_sentences_50agree_1799,`` We are proud to contribute to the creation of a world-class airport facility with KONE 's innovative People Flow TM solutions .,positive,phrasebank,controlled_gold_split,positive,0.0029983087,0.0058876276,0.9911141
phrasebank_sentences_66agree_949,"The Daily Graphic newspaper , in October , reported an initiative being embarked upon by the Fidelity Bank to partner Ghana Post , which has offices across the country , to offer financial services to the unbanked and under-banked in the country .",neutral,phrasebank,controlled_gold_split,positive,0.0012290549,0.018444045,0.9803269
phrasebank_sentences_66agree_3630,"Antti Orkola , president of Kemira GrowHow 's Industrial Solutions unit , told Thomson Financial News the company has put off opening the mine as prices of phosphate have been ` quite depressed for a long time ' . '",negative,phrasebank,controlled_gold_split,negative,0.89981496,0.09718372,0.003001356
phrasebank_sentences_allagree_2145,"Insurer Axa ( PAR : CS ) slid by 5.35 % to EUR 14.15 , after Citigroup and ING slashed their targets on the stock .",negative,phrasebank,controlled_gold_split,negative,0.9924076,0.0048588314,0.0027335542
phrasebank_sentences_50agree_1164,"ALEXANDRIA , Va. , Aug. 27 -- Timo Vataja of Tampere , Finland , Virve Inget of Oulu , Finland , have developed a computer program product with activating the right of use .",neutral,phrasebank,controlled_gold_split,neutral,0.0010691202,0.996976,0.0019549248
phrasebank_sentences_75agree_835,"Employees are also better prepared to answer calls , since they already have detailed information about the caller before they answer the phone . ''",positive,phrasebank,controlled_gold_split,neutral,0.0017663878,0.9893634,0.0088702785
phrasebank_sentences_allagree_1505,The sellers were the founders of the company .,neutral,phrasebank,controlled_gold_split,neutral,0.0013843863,0.9975828,0.0010328152
phrasebank_sentences_66agree_420,"After the transaction , Alma Media raised its stake in Talentum to 30.65 % of the shares and some 31.12 % of voting rights .",positive,phrasebank,controlled_gold_split,positive,0.0012714833,0.32446456,0.67426395
phrasebank_sentences_allagree_2018,The situation of coated magazine printing paper will continue to be weak .,negative,phrasebank,controlled_gold_split,neutral,0.032485694,0.9633802,0.0041341274
phrasebank_sentences_allagree_435,"( ADP News ) - Oct 31 , 2008 - Finnish food company Raisio Oyj ( OMX : RAIVV ) said today that its net profit jumped to EUR 16.4 million ( USD 20.9 m ) for the first nine months of 2008 from EUR 1.1 million for the same period of 2",positive,phrasebank,controlled_gold_split,positive,0.0035549153,0.0030347472,0.9934103
phrasebank_sentences_50agree_392,The Finnish company Stockmann has signed the contract with the company Technopolis .,neutral,phrasebank,controlled_gold_split,positive,0.0010864431,0.022691075,0.9762224
phrasebank_sentences_allagree_673,"New Delhi , July 17 -- Sahlberg Teppo , Kallio Timo and Mustonen Tuomas of M Real OYJ , Espoo , Finland have developed novel markings and methods of producing the same .",neutral,phrasebank,controlled_gold_split,neutral,0.0009352848,0.9960515,0.0030132455
phrasebank_sentences_allagree_443,Sports equipment sales also progressed well owing to the prolonged winter season .,positive,phrasebank,controlled_gold_split,positive,0.0028511852,0.003632504,0.9935162
phrasebank_sentences_allagree_124,Finnish software developer Done Solutions Oyj said its net profit increased to 3.5 mln euro ( $ 4.6 mln ) in 2006 from 2.3 mln euro ( $ 3.0 mln ) in 2005 .,positive,phrasebank,controlled_gold_split,positive,0.0033417882,0.0025772948,0.99408084
phrasebank_sentences_allagree_2031,"Nordic banks have already had to write off sizable loans in Latvia , with Swedbank , Nordea , DnB NOR and SEB reporting combined losses in excess of $ 1.35 billion in the period 2007 to 2010 against a backdrop of near economic meltdown in Latvia .",negative,phrasebank,controlled_gold_split,negative,0.9925005,0.0049213697,0.0025782282
phrasebank_sentences_allagree_670,M. and a Master of Business Administration MBA .,neutral,phrasebank,controlled_gold_split,neutral,0.0025923008,0.97670674,0.02070101
phrasebank_sentences_50agree_4799,In February the Elcoteq group sold its St Petersburg facility ; according to unconfirmed information the reason could have been supply problems because of the Russian customs service .,negative,phrasebank,controlled_gold_split,negative,0.9543855,0.04278854,0.0028258297
phrasebank_sentences_allagree_453,Finlan 's listed food industry company HKScan Group controlled companies in the Baltics improved revenues by EUR 3.5 mn to EUR 160.4 mn in 2010 from EUR 156.9 mn in the year before .,positive,phrasebank,controlled_gold_split,positive,0.0042929505,0.0021313997,0.99357563
phrasebank_sentences_allagree_1371,"The 19,200-square metre technology center is located near University of Tampere in central Tampere .",neutral,phrasebank,controlled_gold_split,neutral,0.0012628863,0.99752265,0.001214506
phrasebank_sentences_allagree_2191,"However , the company saw its net profit for the third quarter down to EUR 1.4 million from EUR 1.5 million for the corresponding period of 2009 .",negative,phrasebank,controlled_gold_split,negative,0.9932808,0.0051264423,0.0015927572
phrasebank_sentences_75agree_1792,The transaction will take place without payment of merger consideration .,neutral,phrasebank,controlled_gold_split,neutral,0.0011840516,0.99751806,0.0012978889
phrasebank_sentences_allagree_1661,"It is being developed by Symbian , the software licensing consortium led by Nokia .",neutral,phrasebank,controlled_gold_split,neutral,0.0006825763,0.9974764,0.0018409959
phrasebank_sentences_50agree_1184,Atria Group is a leading Scandinavian meat products group .,positive,phrasebank,controlled_gold_split,positive,0.0013211861,0.46671432,0.5319645
phrasebank_sentences_allagree_1461,The MET is located in the Central Business District ( CBD ) of Bangkok .,neutral,phrasebank,controlled_gold_split,neutral,0.0008744617,0.99716455,0.0019610312
phrasebank_sentences_75agree_588,"According to CEO Kai Telanne , the company 's newspapers achieved the best financial result ever .",positive,phrasebank,controlled_gold_split,positive,0.0032372447,0.0032120524,0.99355066
phrasebank_sentences_50agree_1008,"The Group brand portfolio includes the leading brand in the industry , Rapala , and other global brands like VMC , Storm , Blue Fox , Luhr Jensen , Williamson , Marttiini and Sufix .",neutral,phrasebank,controlled_gold_split,neutral,0.00051846396,0.9823918,0.01708971
phrasebank_sentences_allagree_1762,"The devices would be launched in the Chinese market in late 2006 , the company said .",neutral,phrasebank,controlled_gold_split,neutral,0.00051961245,0.9961738,0.0033065784
phrasebank_sentences_allagree_19,"The Lithuanian beer market made up 14.41 million liters in January , a rise of 0.8 percent from the year-earlier figure , the Lithuanian Brewers ' Association reporting citing the results from its members .",positive,phrasebank,controlled_gold_split,positive,0.0026084995,0.0029965062,0.994395
phrasebank_sentences_allagree_628,The share of the share capital of both above mentioned shareholders remains below 5 % .,neutral,phrasebank,controlled_gold_split,neutral,0.012324738,0.9865133,0.0011618764
phrasebank_sentences_50agree_1375,The effect of the savings will be noticeable as of the beginning of 2010 .,positive,phrasebank,controlled_gold_split,neutral,0.0006200756,0.9740485,0.02533146
phrasebank_sentences_allagree_298,"Uponor made an operating profit of EUR 151.0 mn , up from EUR 143.7 mn , which made 2007 a record year .",positive,phrasebank,controlled_gold_split,positive,0.0028872222,0.0027603928,0.99435246
phrasebank_sentences_75agree_2772,"The Swedish buyout firm has sold its remaining 22.4 percent stake , almost eighteen months after taking the company public in Finland .",neutral,phrasebank,controlled_gold_split,neutral,0.001267498,0.9972621,0.0014703234
phrasebank_sentences_allagree_1115,They both will report to Oriola-KD 's chief executive officer Eero Hautaniemi .,neutral,phrasebank,controlled_gold_split,neutral,0.0015307403,0.9974915,0.0009777602
phrasebank_sentences_75agree_2071,Nordea 's chairman of the board Hans Dalborg has informed the nomination committee that he will not be up for re-election at the Annual General Meeting in 2011 .,neutral,phrasebank,controlled_gold_split,neutral,0.089087754,0.9085841,0.0023281886
phrasebank_sentences_allagree_739,Raute said it has won an order worth around 15 mln eur to supply several plywood production lines to mills operated by Russian wood products company Sveza Group .,positive,phrasebank,controlled_gold_split,positive,0.0031591163,0.004276037,0.9925648
phrasebank_sentences_75agree_2983,"Finland-based international machinery rental company Ramirent Plc ( OMX Helsinki : RMR1V ) said on Friday ( 9 May ) that its president and CEO , Kari Kallio , has informed the board of his intention to retire in year 2009 .",neutral,phrasebank,controlled_gold_split,neutral,0.003960218,0.9949239,0.0011159404
phrasebank_sentences_75agree_3086,"This one was at one time targeted for June 5 , but if we had to guess , it 's been pushed back -- maybe we 're crazy , but we feel like it has n't leaked enough to meet that date at this point .",neutral,phrasebank,controlled_gold_split,neutral,0.013712627,0.98124766,0.0050396696
phrasebank_sentences_75agree_1391,Net profit in the same period in 2006 was 36.6 million euros .,neutral,phrasebank,controlled_gold_split,neutral,0.0020632318,0.99621296,0.0017238946
phrasebank_sentences_75agree_1001,"A downloadable instruction sheet , instructional video , and project ideas for the award-winning Everywhere Punch TM Window System can be found at www.fiskars.com .",neutral,phrasebank,controlled_gold_split,neutral,0.00074989407,0.9958364,0.003413717
phrasebank_sentences_allagree_764,"Supported Nokia phones include : N96 , N95-8GB , N95 , N93-N931 , N92 , N85 , N82 , N81 , N80 , N79 , N78 , N77 , N76 , N75 , N73 , N72 , N71 , E90 , E71 , E70 , E66 , E65 , E62 , E61-E61i , E60 , E51 , E50 , Touch Xpress 5800 , 6220 Classic , 6210 Navigator , 6120 Classic , 6110 Navigator , 5700 , 5500 , 5320XM .",neutral,phrasebank,controlled_gold_split,neutral,0.0010968699,0.99720925,0.0016938956
phrasebank_sentences_66agree_1127,Sponda plans to renovate old real estate and develop new property .,neutral,phrasebank,controlled_gold_split,neutral,0.00043268807,0.9908765,0.008690773
phrasebank_sentences_75agree_1145,"`` Following last year 's good profit development , we have entered the current year in a good position .",positive,phrasebank,controlled_gold_split,positive,0.0031317752,0.0032375054,0.9936307
phrasebank_sentences_50agree_2119,"In 2007 , Marimekko has also opened concept stores in Yokohama and Nagoya , central Japan , in Silver Spring in metropolitan Washington DC , USA , in Graz , central Austria , and in Aalborg , northern Denmark .",positive,phrasebank,controlled_gold_split,neutral,0.0007926628,0.98307896,0.016128406
phrasebank_sentences_75agree_2786,"The total value of the project is estimated to be over 3.0 mln euro $ 4.4 mln , of which the services will be over 2.0 mln euro $ 2.9 mln and third-party licences more than 1.0 mln euro $ 1.5 mln .",neutral,phrasebank,controlled_gold_split,neutral,0.000781405,0.997929,0.0012895778
phrasebank_sentences_75agree_809,Also the traditional grapevine carries a lot of weight .,neutral,phrasebank,controlled_gold_split,neutral,0.0014123302,0.9960871,0.002500598
phrasebank_sentences_allagree_2160,Operating profit fell to EUR 15.1 mn from EUR 24.6 mn in 2006 .,negative,phrasebank,controlled_gold_split,negative,0.9937688,0.0046745343,0.0015566252
phrasebank_sentences_75agree_1219,"I am looking forward to contribute to SRV 's success with my competence '' , says Taneli Hassinen .",positive,phrasebank,controlled_gold_split,neutral,0.0007445213,0.96579826,0.033457257
phrasebank_sentences_allagree_1589,A filter is used to pre-process packets to determine if they need to be further processed by the processor of the network device .,neutral,phrasebank,controlled_gold_split,neutral,0.0016198157,0.997412,0.0009681812
phrasebank_sentences_50agree_3013,"( ADP News ) - Dec 11 , 2008 - Finnish power-supply solutions provider Efore Oyj ( OMX : EFO1V ) said yesterday it opened a technology research and development ( R&D ) laboratory at Helsinki University of Technology .",neutral,phrasebank,controlled_gold_split,neutral,0.00062964414,0.99489176,0.004478614
phrasebank_sentences_allagree_2098,Below are unaudited consolidated results for Aspocomp Group under IFRS reporting standards .,neutral,phrasebank,controlled_gold_split,neutral,0.0015066945,0.9972838,0.0012094814
phrasebank_sentences_allagree_598,Symphony Services provides development services for Aldata GOLD .,neutral,phrasebank,controlled_gold_split,neutral,0.00081844477,0.99736756,0.0018140266
phrasebank_sentences_allagree_425,"Citigroup , Inc ( NYSE : C ) has announced that its Global Transaction Services ( GTS ) business has been awarded a new mandate by Finland-based Pohjola Bank Group .",positive,phrasebank,controlled_gold_split,positive,0.0023730493,0.0040763062,0.99355066
phrasebank_sentences_allagree_1442,The full-function PC weighs 1.25 kilograms and measures slightly more than two centimeters thin .,neutral,phrasebank,controlled_gold_split,neutral,0.0022138502,0.9963595,0.0014265801
phrasebank_sentences_50agree_1894,CDLI highlights the companies that provided the most comprehensive response to the Carbon Disclosure Project CDP information request .,positive,phrasebank,controlled_gold_split,neutral,0.0008614099,0.9281905,0.07094806
phrasebank_sentences_allagree_501,"In the method the smelt spouts 2 are separated from the working area 6 by a shielding wall 8 , 10 arranged movable in relation to the smelt spouts .",neutral,phrasebank,controlled_gold_split,neutral,0.0024204927,0.996729,0.00085050304
phrasebank_sentences_allagree_362,"The company 's profit before taxes fell to EUR 21.1 mn in the third quarter of 2008 , compared to EUR 35.8 mn in the corresponding period in 2007 .",negative,phrasebank,controlled_gold_split,negative,0.9938399,0.0042151515,0.0019449729
phrasebank_sentences_75agree_1434,"The Group 's consolidated net sales for 2008 totaled 3.4 billion euros and it employs approximately 13,000 persons .",neutral,phrasebank,controlled_gold_split,neutral,0.0010229863,0.9977857,0.0011913293
phrasebank_sentences_66agree_1883,- Moody 's said it gave P A1 long-term senior unsecured and P P-1 short-term debt ratings to Finnish lender Aktia Bank 's EUR1bn USD1 .4 bn euro medium-term note EMTN program of 25 March 2011 .,neutral,phrasebank,controlled_gold_split,neutral,0.0022694266,0.5785603,0.41917023
phrasebank_sentences_allagree_1742,The company had net sales of EUR 19.8 mn and a pre-tax profit of EUR 1.8 mn in 2005 .,neutral,phrasebank,controlled_gold_split,neutral,0.0008261054,0.9949745,0.0041994085
phrasebank_sentences_allagree_141,Its market share widened to 48.51 percent from 48.31 percent a year earlier .,positive,phrasebank,controlled_gold_split,positive,0.003610738,0.0030227827,0.99336654
phrasebank_sentences_50agree_428,"Finnish silicon wafers manufacturer Okmetic Oyj said on June 29 , 2007 it signed an agreement with Nordea Bank Finland Plc , the local subsidiary of Swedish commercial bank Nordea Bank AB , which will refinance Okmetic 's syndicated bank facility which amounts to some 20 mln euro ( $ 26.9 mln ) .",positive,phrasebank,controlled_gold_split,positive,0.003089268,0.007147777,0.9897629
phrasebank_sentences_allagree_294,"However , the growth margin slowed down due to the financial crisis .",negative,phrasebank,controlled_gold_split,negative,0.96138465,0.031115638,0.0074996697
phrasebank_sentences_allagree_113,"Equity ratio was 60.9 % compared to 54.2 % In the third quarter of 2007 , net sales of the Frozen Foods Business totaled EUR 11.0 , up by about 5 % from the third quarter of 2006 .",positive,phrasebank,controlled_gold_split,positive,0.0028601305,0.002451182,0.99468863
phrasebank_sentences_allagree_946,"Construction work on the Helsinki Music Centre is to start this autumn , with the total cost of the project estimated at 140 million euros .",neutral,phrasebank,controlled_gold_split,neutral,0.0010325977,0.99737275,0.00159464
phrasebank_sentences_allagree_1561,Vacon recently announced plans to build its North American headquarters at 5 Business Park in Chambersburg .,neutral,phrasebank,controlled_gold_split,neutral,0.0005033725,0.9879247,0.011571961
phrasebank_sentences_75agree_889,QPR product family is fully compatible with Microsoft 's Windows 7 operating system .,neutral,phrasebank,controlled_gold_split,neutral,0.00060063525,0.9696657,0.029733634
phrasebank_sentences_75agree_608,"Furthermore , efficiency improvement measures initiated earlier are now bearing fruit , '' CEO Jan Lang said .",positive,phrasebank,controlled_gold_split,positive,0.0021335296,0.0032980277,0.99456847
phrasebank_sentences_50agree_2,"The international electronic industry company Elcoteq has laid off tens of employees from its Tallinn facility ; contrary to earlier layoffs the company contracted the ranks of its office workers , the daily Postimees reported .",negative,phrasebank,controlled_gold_split,negative,0.99322695,0.0046130484,0.002159982
phrasebank_sentences_75agree_2780,"The total investment in the company will be EUR58m , of which Wartsila 's share will be EUR29m .",neutral,phrasebank,controlled_gold_split,neutral,0.00059410254,0.99732614,0.0020797055
phrasebank_sentences_allagree_595,Stock Exchange Release 10/3/2011 12:00 Sanoma has published its Annual Report and Financial Statements for 2010 and its first Corporate Responsibility Report .,neutral,phrasebank,controlled_gold_split,neutral,0.0017524969,0.9970407,0.0012068271
phrasebank_sentences_66agree_3268,"The bank also expects additional costs , related to the Dash 8 - Q400 jets , which the group shelved in October 2007 .",neutral,phrasebank,controlled_gold_split,neutral,0.10266474,0.8876462,0.009689038
phrasebank_sentences_allagree_216,"Elisa said mobile subscriptions grew 7 percent during 2007 , mainly because of customers adopting so-called third generation mobile technology .",positive,phrasebank,controlled_gold_split,positive,0.00080042024,0.010369876,0.9888298
phrasebank_sentences_75agree_2807,These share transactions are part of the company 's strategy of relinquishing assets that are not part of its core business .,neutral,phrasebank,controlled_gold_split,neutral,0.0006919153,0.99739385,0.0019141743
phrasebank_sentences_50agree_1627,"The deal , already approved by shareholders , will be carried out in the first half of 2011 .",neutral,phrasebank,controlled_gold_split,neutral,0.00050928287,0.99368495,0.0058057113
phrasebank_sentences_75agree_987,You are warmly welcome !,neutral,phrasebank,controlled_gold_split,positive,0.0019676737,0.0681527,0.92987955
phrasebank_sentences_75agree_1794,"The wireless industry is bracing itself for the iPhone , which will launch on June 29 .",neutral,phrasebank,controlled_gold_split,neutral,0.0015063852,0.9902863,0.008207311
phrasebank_sentences_allagree_2152,Net profit fell by almost half to +é 5.5 million from +é 9.4 million at the end of 2007 .,negative,phrasebank,controlled_gold_split,negative,0.9937116,0.00487949,0.001408962
phrasebank_sentences_allagree_1633,Finnish silicon wafer technology company Okmetic Oyj OMX Helsinki : OKM1V said on Wednesday 17 September that it will invest EUR6m in its sensor wafer business during 2009 .,neutral,phrasebank,controlled_gold_split,neutral,0.00051983696,0.98884857,0.010631555
phrasebank_sentences_allagree_1070,The deal will have no significant effect on the acquiring company 's equity ratio .,neutral,phrasebank,controlled_gold_split,neutral,0.0010446408,0.9972498,0.0017055839
phrasebank_sentences_66agree_976,- Tikkurila inspires you to color your life .,neutral,phrasebank,controlled_gold_split,neutral,0.00088212686,0.9864492,0.012668662
phrasebank_sentences_allagree_2239,"The steelmaker said that the drop in profit was explained by the continuing economic uncertainty , mixed with the current drought in bank lending , resulting in a decline in demand for its products as customers find it increasingly difficult to fund operations .",negative,phrasebank,controlled_gold_split,negative,0.9929611,0.0050650863,0.0019738548
phrasebank_sentences_allagree_1412,The company will propose a dividend of EUR0 .12 per share for 2008 .,neutral,phrasebank,controlled_gold_split,neutral,0.00078768417,0.99617213,0.0030402138
phrasebank_sentences_66agree_1645,"Key reasons to read this report : - Report contains only relevant information , leaving out excessive data .",neutral,phrasebank,controlled_gold_split,neutral,0.00264991,0.99646413,0.0008858767
phrasebank_sentences_75agree_2619,Pharmaceutical market in Netherlands Global Research & Data Services published recently a market analysis about the pharmaceutical markets in Netherlands .,neutral,phrasebank,controlled_gold_split,neutral,0.0009830291,0.9970078,0.0020091813
phrasebank_sentences_66agree_1214,The veneer and plywood industry in Sweden is quite small despite the raw material resources .,neutral,phrasebank,controlled_gold_split,neutral,0.0064767175,0.9922272,0.0012960577
phrasebank_sentences_allagree_1975,"The mill 's raw material need will increase by 100,000 m3 of wood .",neutral,phrasebank,controlled_gold_split,neutral,0.001791856,0.54406697,0.45414126
phrasebank_sentences_50agree_2250,"Under the agreement , TietoEnator will provide Blyk with extended application and business process management services and an IT infrastructure .",positive,phrasebank,controlled_gold_split,neutral,0.0012131467,0.5385717,0.46021515
phrasebank_sentences_75agree_1363,"In 2007 , Alma Media 's operating profit was about EUR 53mn .",neutral,phrasebank,controlled_gold_split,neutral,0.0017849288,0.99682367,0.0013914623
phrasebank_sentences_66agree_2491,"GENEVA , Feb. 10 -- Tero Aaltonen , Finland has developed a radio resource control method .",neutral,phrasebank,controlled_gold_split,neutral,0.00090386864,0.9970373,0.002058898
phrasebank_sentences_50agree_4126,Possible personnel reductions concern approximately 104 people .,negative,phrasebank,controlled_gold_split,negative,0.9900593,0.008395915,0.0015447687
phrasebank_sentences_allagree_655,Customers in a wide range of industries use our stainless steel and services worldwide .,neutral,phrasebank,controlled_gold_split,neutral,0.0005045395,0.9960341,0.0034613966
phrasebank_sentences_66agree_2055,facades in Riga 8 March 2010 - Finnish construction company YIT Oyj HEL : YTY1V said today that it will build the frame and the facades in a tower construction project in Riga .,neutral,phrasebank,controlled_gold_split,neutral,0.00089533004,0.99536455,0.003740146
phrasebank_sentences_allagree_169,Operating profit rose to EUR2 .4 m from EUR1 .6 m year earlier .,positive,phrasebank,controlled_gold_split,positive,0.0028932604,0.0026189534,0.9944878
phrasebank_sentences_allagree_180,Pretax profit rose to EUR 0.6 mn from EUR 0.4 mn in the corresponding period in 2005 .,positive,phrasebank,controlled_gold_split,positive,0.0032646284,0.0025774944,0.9941578
phrasebank_sentences_75agree_619,"Meanwhile , Electrowatt-Ekono Philippines , Inc. was also awarded a three-year operation and maintenance ( O&M ) contract by FR Cement Corporation .",positive,phrasebank,controlled_gold_split,positive,0.0030653346,0.0032630316,0.99367154
phrasebank_sentences_allagree_1494,The reductions will be concluded by autumn 2010 .,neutral,phrasebank,controlled_gold_split,neutral,0.0012174688,0.9960576,0.002724917
phrasebank_sentences_50agree_2784,"ALEXANDRIA , Va. , Dec. 17 -- Reijo Salovaara , Nastola , Finland , has developed a veneer cutter .",neutral,phrasebank,controlled_gold_split,neutral,0.0014928015,0.9968106,0.0016965288
phrasebank_sentences_allagree_2129,Consolidated pretax profit decreased by 69.2 % to EUR 41.0 mn from EUR 133.1 mn in 2007 .,negative,phrasebank,controlled_gold_split,negative,0.9937226,0.004747927,0.0015294309
phrasebank_sentences_75agree_3178,"Dirk Jones , head of Financial Institutions Client Sales Management , GTS , Citigroup , Inc , said , ` Citi is extremely pleased to be providing global custody services to Pohjola Group Bank .",positive,phrasebank,controlled_gold_split,positive,0.0027575493,0.007786787,0.98945564
phrasebank_sentences_75agree_3027,The production is to be liquidated before June 2009 and 325 employees loose their jobs .,negative,phrasebank,controlled_gold_split,negative,0.97549725,0.022426479,0.0020763334
phrasebank_sentences_50agree_1811,One of my colleagues summed up the E7 quite aptly when he remarked : `` Fantastic hardware .,positive,phrasebank,controlled_gold_split,positive,0.0022229566,0.059767623,0.93800944
phrasebank_sentences_allagree_529,`` They want my credit card info and my personal details .,neutral,phrasebank,controlled_gold_split,neutral,0.010289821,0.9884089,0.0013011962
phrasebank_sentences_75agree_2284,"The other two sellers were the Finnish National Fund for R&D ( Sitra ) and Oras Invest Oy , which also sold half of their shareholdings , leaving them with 3.8 pct and 3.2 pct of the company respectively .",neutral,phrasebank,controlled_gold_split,neutral,0.0018008682,0.9969246,0.001274515
phrasebank_sentences_50agree_710,"Finnish industrial investor Panostaja Oyj OMX Helsinki : PNAAS OMX Helsinki : PNABS said on Friday 11 July that it has signed a deal to acquire the entire share capital of Kospa Oy , the manufacturer of waste disposal equipment .",positive,phrasebank,controlled_gold_split,positive,0.0017079059,0.0693038,0.9289883
phrasebank_sentences_66agree_1252,6 October 2010 - Finnish paints and coatings company Tikkurila Oyj HEL : TIK1V announced today the launch of Tikkurila ProHouse method for protection of wooden surfaces via treatment with Ultra Pro waterborne products .,neutral,phrasebank,controlled_gold_split,neutral,0.0005697423,0.99453235,0.0048978487
phrasebank_sentences_allagree_1362,Sunrise Resources operates in Russian near-shore development markets through its wholly-owned Russian subsidiary and has 80 % of its personnel in Russia .,neutral,phrasebank,controlled_gold_split,neutral,0.0006693009,0.9973673,0.0019633463
phrasebank_sentences_75agree_2886,Finnish Bank of +àland +àlandsbanken has issued a profit warning .,negative,phrasebank,controlled_gold_split,negative,0.99317026,0.0053041005,0.001525598
phrasebank_sentences_allagree_1574,- Cash flow from operating activities before investments was EUR 7.6 million EUR 2.5 million .,neutral,phrasebank,controlled_gold_split,neutral,0.0057246345,0.99329597,0.0009793694
phrasebank_sentences_75agree_2965,"Finnish Konecranes is again trying to acquire Italian Fantuzzi , a manufacturer of gantry cranes and reach stackers .",neutral,phrasebank,controlled_gold_split,neutral,0.0007467523,0.98779804,0.011455237
phrasebank_sentences_75agree_789,Raffles Equities Ltd became a substantial holder in Archer Exploration Ltd on January 12 with 11.7 million shares ( 18.2 pc ) .,neutral,phrasebank,controlled_gold_split,neutral,0.00081329554,0.9969169,0.0022698333
phrasebank_sentences_allagree_1982,The share subscription period will expire on 30 September 2007 .,neutral,phrasebank,controlled_gold_split,neutral,0.0010049834,0.99760926,0.0013857757
phrasebank_sentences_66agree_64,"As a result of the share issue , the number of the company 's shares increases by 391,630 shares and the share capital by a total of EUR 15,665.20 .",neutral,phrasebank,controlled_gold_split,positive,0.0010827177,0.059650794,0.9392665
phrasebank_sentences_allagree_2114,"Finnish electronics contract manufacturer Scanfil reports net sales of EUR 241.2 mn in 2006 , down from EUR 321.6 mn in 2005 .",negative,phrasebank,controlled_gold_split,negative,0.99389946,0.004336492,0.0017641195
phrasebank_sentences_allagree_197,The company expects its net sales in 2008 to increase 5-10 % from 2007 .,positive,phrasebank,controlled_gold_split,positive,0.0026649027,0.0030315493,0.9943036
phrasebank_sentences_allagree_1605,BM4 middle layer headbox will be equipped with a dilution control system .,neutral,phrasebank,controlled_gold_split,neutral,0.0005675788,0.99463356,0.0047989157
phrasebank_sentences_66agree_1473,"Also , it is bringing in `` the right kind of people '' to upgrade its human resources .",positive,phrasebank,controlled_gold_split,positive,0.0011643242,0.006374695,0.992461
phrasebank_sentences_75agree_1338,Acquisitions have been made and businesses have been well integrated .,positive,phrasebank,controlled_gold_split,positive,0.0009855025,0.013070496,0.98594403
phrasebank_sentences_allagree_1872,"According to CEO Matti Perkonoja of the parent company HKScan , the company 's performance in the first quarter of 2010 has remained clearly below the level of the corresponding period in 2009 .",negative,phrasebank,controlled_gold_split,negative,0.99288166,0.0050498648,0.0020684167
phrasebank_sentences_allagree_903,"Raute , headquartered in Nastola , Finland , is a technology company serving the wood products industry worldwide .",neutral,phrasebank,controlled_gold_split,neutral,0.00071361824,0.99702954,0.0022568277
phrasebank_sentences_75agree_1604,He is a member of the Board of numerous com-panies and a shareholder of the Boardman Ltd board specialist net-work .,neutral,phrasebank,controlled_gold_split,neutral,0.0012069842,0.9971704,0.0016225893
phrasebank_sentences_75agree_857,It is planned to set up the A class business center in the two top storeys of the complex .,neutral,phrasebank,controlled_gold_split,neutral,0.0006243884,0.996269,0.0031065398
phrasebank_sentences_75agree_2399,"UPM is talking to Myllykoski+ó s creditor banks -- Nordea ( STO : NDA ) , Nordic Investment Bank and Danske Bank+ó s ( CPH : DANSKE ) Sampo Bank -- over a deal , the paper said .",neutral,phrasebank,controlled_gold_split,neutral,0.00071034214,0.9963367,0.002952925
phrasebank_sentences_75agree_1882,"As a condition to the deal , Savcor Alfa has to have bought Photonium and Akseli Lahtinen Inc. 's business operations prior to the deal .",neutral,phrasebank,controlled_gold_split,neutral,0.00190218,0.9969687,0.0011292077
phrasebank_sentences_allagree_369,"Profit before taxes was EUR 5.4 mn , up from EUR 3.6 mn a year earlier .",positive,phrasebank,controlled_gold_split,positive,0.0028317322,0.0026915232,0.99447674
phrasebank_sentences_75agree_924,"The cooperation will involve Arena Partners buying a 35 % share of the new joint venture company , operating in Alma Media 's home sales , vehicle and consumer advertising marketplace businesses .",neutral,phrasebank,controlled_gold_split,neutral,0.0004153457,0.98905164,0.010532969
phrasebank_sentences_allagree_1377,"The approximately 20,000 dwt vessel has been ordered from India .",neutral,phrasebank,controlled_gold_split,neutral,0.0006069711,0.9953253,0.0040676673
phrasebank_sentences_75agree_659,"`` Last year , Finnair recorded a 32.6-percent growth on the Asian sector , carrying more than 1.10 million passengers between the two continents . ''",positive,phrasebank,controlled_gold_split,positive,0.0019890834,0.0032349129,0.994776
phrasebank_sentences_allagree_1009,"PCS Digital Guatemala has been using Tecnomen 's prepaid system in Telgua fixed networks as well as code division multiple access , or CDMA , and global system for mobile communication , or GSM , since 2003 .",neutral,phrasebank,controlled_gold_split,neutral,0.00052820606,0.9969494,0.0025223924
phrasebank_sentences_allagree_1626,Elcoteq expects its net sales for the last quarter of 2010 to be on the level of the third quarter .,neutral,phrasebank,controlled_gold_split,neutral,0.0009799831,0.9900434,0.0089766225
phrasebank_sentences_allagree_1853,"Under the transaction agreement , Metsaliitto will purchase 24.7 % of Metsa-Botnia 's shares from UPM and 3 % from M-real .",neutral,phrasebank,controlled_gold_split,neutral,0.00050093234,0.99278355,0.0067155045
phrasebank_sentences_allagree_1279,"Jeder Beta-Tester erh+ñlt kostenlos sechs Monate lang Updates und hat laut eigener Aussage die M+Âglichkeit , die finale Version zu beeinflussen .",neutral,phrasebank,controlled_gold_split,neutral,0.0016545188,0.9807091,0.017636405
phrasebank_sentences_66agree_4156,`` Low energy consumption and flexible loading are just a few of the advantages of the CHF Pro . '',neutral,phrasebank,controlled_gold_split,neutral,0.0009088327,0.9092399,0.089851275
phrasebank_sentences_50agree_517,"The decision to sell a share in Lenenergo was reached in line with Fortum 's strategic plans to invest mainly in generating assets in Russia , while Lenenergo is a grid company , the press release said .",positive,phrasebank,controlled_gold_split,neutral,0.00045860565,0.98659885,0.012942589
phrasebank_sentences_allagree_1582,"`` Over the years , the color orange has become synonymous with quality .",neutral,phrasebank,controlled_gold_split,neutral,0.0010120405,0.9909731,0.008014918
phrasebank_sentences_allagree_2020,"During the strike , Finnair estimates to incur a net loss of between EUR2m and EUR2 .5 m per day .",negative,phrasebank,controlled_gold_split,negative,0.98732215,0.010604781,0.0020729667
phrasebank_sentences_50agree_1515,Delivery will start immediately in June 2008 and will be completed in 2008 .,neutral,phrasebank,controlled_gold_split,neutral,0.0006038191,0.9959753,0.003420868
phrasebank_sentences_75agree_3251,"The podcast , sees Harple provide the low-down on GyPSii 's platform , which takes someone 's location and demographic information to produce a contextual index of the world around them .",neutral,phrasebank,controlled_gold_split,neutral,0.0011430742,0.99745363,0.0014032619
phrasebank_sentences_allagree_557,"Following the registration , the number of issued and outstanding shares of Basware is 12,890,829 .",neutral,phrasebank,controlled_gold_split,neutral,0.0010574387,0.9977063,0.001236271
phrasebank_sentences_allagree_1613,Combined net sales in 2006 were $ 27 million and EBITDA was $ 13.7 million .,neutral,phrasebank,controlled_gold_split,neutral,0.00095467624,0.997038,0.002007281
phrasebank_sentences_75agree_1121,To raise consumer awareness and encourage people to recycle their old mobile devices Nokia runs regular recycling campaigns around the world .,neutral,phrasebank,controlled_gold_split,neutral,0.0010233454,0.948715,0.050261643
phrasebank_sentences_allagree_447,The company also said that in Poland a profitability program has been launched at the Oborniki steel frame and sandwich panel plant .,positive,phrasebank,controlled_gold_split,positive,0.0010649991,0.0077397735,0.9911952
phrasebank_sentences_allagree_1289,( A spokesperson told WWD to expect a 50-50 mix of clothing and home decor . ),neutral,phrasebank,controlled_gold_split,neutral,0.0007945294,0.9970095,0.0021959094
phrasebank_sentences_75agree_1407,Profit of the accounting period was EUR 0.3 mn .,neutral,phrasebank,controlled_gold_split,neutral,0.0037387547,0.9949942,0.0012670879
phrasebank_sentences_50agree_1958,"`` We will continue to make it easier for users to explore services on their handsets and will work towards bringing Internet to a wider range of devices including mid and low-end devices , '' said Kallasvuo .",neutral,phrasebank,controlled_gold_split,positive,0.000988611,0.12104507,0.8779663
phrasebank_sentences_66agree_889,"According to Pietinalho , doctors should motivate their patients who smoke every time they visit their doctors .",neutral,phrasebank,controlled_gold_split,neutral,0.0014830304,0.76076305,0.23775387
phrasebank_sentences_50agree_4139,The Symbian Foundation plans to revise its procedures for testing and signing software after digitally signing a trojan for its Symbian mobile phone operating system by mistake .,neutral,phrasebank,controlled_gold_split,neutral,0.00705975,0.9910308,0.0019094066
phrasebank_sentences_75agree_2865,Net loss in the same period in 2009 was euro18 .6 million .,neutral,phrasebank,controlled_gold_split,neutral,0.088995434,0.90808594,0.0029186017
phrasebank_sentences_allagree_1831,"The unit 's clients are mainly in the field of specialist convenience goods , as well as in the textile , shoe and furniture businesses .",neutral,phrasebank,controlled_gold_split,neutral,0.0012265865,0.9976545,0.0011190032
phrasebank_sentences_66agree_489,"The tower it chose to add , due to go into operation in the summer , will increase total capacity to 80 broadsheet or 160 tabloid pages , with the ability to run 32 - and 48-page products side by side .",positive,phrasebank,controlled_gold_split,positive,0.0015152121,0.008215192,0.99026966
phrasebank_sentences_50agree_1078,TeliaSonera is the leading telecommunications company in the Nordic and Baltic regions .,positive,phrasebank,controlled_gold_split,positive,0.0007250029,0.015584729,0.9836902
phrasebank_sentences_75agree_3262,"The OMX Nordic 40 OMXN40 index , comprising the 40 most traded Nordic stocks on the Nasdaq OMX exchange , closed down 0.87 % at 1,064.14 points on Thursday .",negative,phrasebank,controlled_gold_split,negative,0.99045116,0.007913505,0.0016354378
phrasebank_sentences_allagree_1146,A total 30 % of the order value was booked in the fourth quarter of 2009 and the remainder will be booked in the second quarter of 2010 .,neutral,phrasebank,controlled_gold_split,neutral,0.0008696898,0.9975509,0.0015794252
phrasebank_sentences_allagree_365,The plan is estimated to generate some EUR 5 million ( USD 6.5 m ) in cost savings on an annual basis .,positive,phrasebank,controlled_gold_split,positive,0.0026326783,0.003508228,0.9938591
phrasebank_sentences_50agree_4209,"Jul. 18 -- Police are looking for a man who they say terrorized three males at gunpoint on East Maple Avenue this afternoon , shooting one of them and kidnapping another .",negative,phrasebank,controlled_gold_split,negative,0.9562176,0.040733088,0.0030493808
phrasebank_sentences_allagree_1049,"The company operates its business through two reportable segments , including Banking and Investment Services , and Non-Life Insurance .",neutral,phrasebank,controlled_gold_split,neutral,0.0006761654,0.9978046,0.0015193046
phrasebank_sentences_66agree_1978,A. Le Coq had a market share of 41.3 percent and rival beverage group Saku 32.1 percent .,neutral,phrasebank,controlled_gold_split,neutral,0.00064996525,0.9954033,0.003946679
phrasebank_sentences_allagree_846,"Systeemitiimi 's sales and project resources will also be strengthened , director Paul Skogberg said .",positive,phrasebank,controlled_gold_split,positive,0.002623742,0.0030140162,0.99436224
phrasebank_sentences_75agree_3179,The company said it estimates to make a slight profit thanks to cost-cutting measures .,positive,phrasebank,controlled_gold_split,positive,0.0027268624,0.003420252,0.99385285
phrasebank_sentences_50agree_2045,The Finnish company claims to have over a quarter of a million contented Tulikivi fireplace business and homeowners worldwide .,neutral,phrasebank,controlled_gold_split,neutral,0.0005953785,0.99751806,0.001886574
phrasebank_sentences_50agree_1176,"Anttila 's online department store - NetAnttila - has an established position as the best-known , most visited and most shopped online store in Finland  .",neutral,phrasebank,controlled_gold_split,positive,0.0011025249,0.012087044,0.98681045
phrasebank_sentences_66agree_747,"HELSINKI ( AFX ) - Metso said it will upgrade one of UPM-Kymmene 's four paper machines at the latter 's mill in Jaemsaenkoski with a new coating color supply system , machine and process controls and quality measurements .",positive,phrasebank,controlled_gold_split,positive,0.0009476415,0.028503576,0.97054875
phrasebank_sentences_allagree_47,"Finnish financial group Aktia reports operating profit of EUR 44.4 mn in January-September 2009 , up from EUR 37.3 mn in the corresponding period in 2008 .",positive,phrasebank,controlled_gold_split,positive,0.0031458987,0.0026336357,0.9942205
phrasebank_sentences_75agree_1438,The Group 's revenue in 2009 amounted to EUR 70 million and the company currently employs approximately 780 people .,neutral,phrasebank,controlled_gold_split,neutral,0.0012627257,0.99739575,0.0013415418
phrasebank_sentences_allagree_1031,Suomen Paikallissanomat Oy is part of Alma Media Group and it currently publishes 15 local newspapers across Finland .,neutral,phrasebank,controlled_gold_split,neutral,0.0007945731,0.9970644,0.0021409737
phrasebank_sentences_66agree_1790,"Kai Tulonen , Chief Technology Officer , SysOpen Digia says : `` Mobility Business Suite represents a significant milestone in the company 's offering to the telecommunications industry .",positive,phrasebank,controlled_gold_split,positive,0.0023116595,0.0049514696,0.99273694
phrasebank_sentences_66agree_1377,"The most loyal customers were found in the Bank of +àland , with an index of 8.0 .",positive,phrasebank,controlled_gold_split,positive,0.0016133721,0.24922736,0.74915916
phrasebank_sentences_66agree_637,"Okmetic 's products are based on high-tech expertise that generates added value for customers , innovative product development and an extremely efficient production process .",positive,phrasebank,controlled_gold_split,positive,0.0011446769,0.3176973,0.681158
phrasebank_sentences_allagree_608,The company specialises in temporary electrification and heating at construction sites .,neutral,phrasebank,controlled_gold_split,neutral,0.0010205864,0.997391,0.0015884521
phrasebank_sentences_allagree_877,"Profit after taxes was EUR 0.1 mn , compared to EUR -0.4 mn the previous year .",positive,phrasebank,controlled_gold_split,positive,0.18668783,0.0035642076,0.80974793
phrasebank_sentences_75agree_591,"According to Ringman , Finnish paper companies have acquired know-how and capacity in paper recycling , which has turned out to be a successful strategy .",positive,phrasebank,controlled_gold_split,positive,0.0027568387,0.0041709635,0.9930722
phrasebank_sentences_66agree_3298,The company plans to increase the unit 's specialist staff to several dozen -- depending on the market situation during 2010 .,neutral,phrasebank,controlled_gold_split,neutral,0.0014553387,0.78085923,0.21768546
phrasebank_sentences_75agree_1129,"VDW combined with LXE devices enhances productivity , enabling workers to use a single device to perform voice , scanning and keyboard functions .",positive,phrasebank,controlled_gold_split,positive,0.0014518506,0.019568346,0.9789797
phrasebank_sentences_75agree_387,The revenues of the business reached NOK 12 million for 2008 .,neutral,phrasebank,controlled_gold_split,neutral,0.00097438996,0.9411506,0.057874963
phrasebank_sentences_allagree_161,Operating profit rose to EUR 103.4 mn from EUR 23.2 in the corresponding period in 2006 .,positive,phrasebank,controlled_gold_split,positive,0.003146043,0.0025878644,0.9942661
phrasebank_sentences_66agree_3889,At the same time I am delighted by the fact that we were able to accomplish the organization with our own team members .,positive,phrasebank,controlled_gold_split,positive,0.002491867,0.0058677867,0.9916402
phrasebank_sentences_75agree_398,"Significance : Teleste has emphasised that with its large size and growing economy , as well as the rapid development of its TV services distribution industry , Poland is viewed as an attractive market .",positive,phrasebank,controlled_gold_split,positive,0.0009800827,0.010807846,0.98821205
phrasebank_sentences_75agree_836,"Entire paper mills may be set up , especially in the new EU member states .",neutral,phrasebank,controlled_gold_split,neutral,0.0004947673,0.9921238,0.007381442
phrasebank_sentences_allagree_1949,"Huhtamaki 's rigid plastic consumer goods operations , which are mainly in Europe , will be separated into a new reporting segment as of 1 January 2009 .",neutral,phrasebank,controlled_gold_split,neutral,0.00085305155,0.99776506,0.0013819376
phrasebank_sentences_66agree_1509,Metso said it has won an order worth around 40 mln eur to supply a kraftliner board machine to China 's Lee & Man Paper Co. .,positive,phrasebank,controlled_gold_split,positive,0.0030323965,0.004326773,0.9926408
phrasebank_sentences_allagree_2119,"Finnish plumbing and heating systems supplier Uponor 's net sales from continuing operations decreased by 9.4 % in 2008 to EUR 949.2 mn from EUR 1,047.4 mn in 2007 .",negative,phrasebank,controlled_gold_split,negative,0.99325436,0.0052376324,0.001507952
phrasebank_sentences_allagree_402,Major Order in India Comptel Corporation has received a significant long-term order for mediation and provisioning solutions being used by a leading operator in India .,positive,phrasebank,controlled_gold_split,positive,0.0032984714,0.0039400505,0.99276143
phrasebank_sentences_allagree_2115,"Finnish electronics contract manufacturer Scanfil reports net sales of EUR 58.9 mn in the second quarter of 2007 , down from EUR 62.4 mn a year earlier .",negative,phrasebank,controlled_gold_split,negative,0.993999,0.0040821307,0.0019188696
phrasebank_sentences_allagree_82,Finnish forest machinery manufacturer Ponsse 's net sales grew to EUR 51.3 mn in the first quarter of 2010 from EUR 37.5 mn in the corresponding period in 2009 .,positive,phrasebank,controlled_gold_split,positive,0.003919642,0.0026573476,0.99342304
phrasebank_sentences_allagree_669,The fine print is here .,neutral,phrasebank,controlled_gold_split,neutral,0.00091694866,0.9957842,0.0032988358
phrasebank_sentences_75agree_754,"Our solutions are fully Arabized , and our message is that we want to become the IT partner of choice for businesses in the Near-East region .",neutral,phrasebank,controlled_gold_split,positive,0.0007999397,0.03196908,0.9672309
phrasebank_sentences_75agree_1319,The insurer anticipates its share in Nordea 's net profit to be significant .,positive,phrasebank,controlled_gold_split,positive,0.002153774,0.00553758,0.9923086
phrasebank_sentences_allagree_77,- Operating profit rose by 26.9 % to EUR 105.8 ( 83.4 ) million .,positive,phrasebank,controlled_gold_split,positive,0.0025392256,0.002640377,0.9948205
phrasebank_sentences_allagree_1117,"Tieto in Latvia is represented by IT services companies TietoEnator Alise and TietoEnator , which has operations in the industries of Financial Services Cards , Retail and Logistics and IT Outsourcing and Managed Services .",neutral,phrasebank,controlled_gold_split,neutral,0.001290485,0.9976562,0.0010532632
phrasebank_sentences_66agree_1097,"Neste Oil extended yesterday 's gains and put on 0.49 pct to 22.72 eur , while utility Fortum shed 1.14 pct to 20.76 eur .",neutral,phrasebank,controlled_gold_split,positive,0.0025152774,0.017803844,0.9796809
phrasebank_sentences_75agree_846,Gunneflo will be responsible of Oriola-KD 's Pharmaceutical Trade business in Sweden .,neutral,phrasebank,controlled_gold_split,neutral,0.00070160505,0.9976285,0.0016699652
phrasebank_sentences_allagree_818,Finnish elevators and escalators maker KONE Corporation said on Tuesday ( 18 March ) that it has received a major order from Sir Robert McAlpine to supply all elevators and escalators for the Watermark Place project in the City of London .,positive,phrasebank,controlled_gold_split,positive,0.003879695,0.0051097334,0.99101067
phrasebank_sentences_allagree_955,Earnings per share EPS amounted to EUR0 .01 .,neutral,phrasebank,controlled_gold_split,neutral,0.0021181388,0.9951381,0.0027437534
phrasebank_sentences_allagree_1808,The per-share subscription price of the shares subscribed with the option rights was EUR 1.35 .,neutral,phrasebank,controlled_gold_split,neutral,0.0013497683,0.99764913,0.0010011053
phrasebank_sentences_allagree_1777,"The executive said that countries such as Brazil , Chile , Argentina and Mexico will lead the adoption in the business Ethernet services segment , while Brazil and Mexico will be the early adopters of carrier Ethernet for mobile backhaul .",neutral,phrasebank,controlled_gold_split,neutral,0.0005927677,0.98157334,0.017833881
phrasebank_sentences_75agree_3137,The recent troubles simply make NETeller cheaper .,negative,phrasebank,controlled_gold_split,neutral,0.07929682,0.9097223,0.010980789
phrasebank_sentences_66agree_1338,Ruukki is restructuring commercial and industrial construction operations in pursuit of permanent improvements whilst adjusting operations to market conditions .,neutral,phrasebank,controlled_gold_split,neutral,0.00072929653,0.972274,0.02699669
phrasebank_sentences_50agree_869,"Nokia will provide Indosat turnkey services , including civil works , network planning , implementation and integration of a WCDMA 3G-HSPA network .",neutral,phrasebank,controlled_gold_split,neutral,0.0004731284,0.99620724,0.0033196313
phrasebank_sentences_allagree_1722,The agreement includes the entire process of managing Mercator 's supply chain in all regions where the company is currently present .,neutral,phrasebank,controlled_gold_split,neutral,0.0005590622,0.99708253,0.0023583411
phrasebank_sentences_allagree_1447,"The huge bridge girders will be delivered to the site from our plant in Ylivieska , Finland .",neutral,phrasebank,controlled_gold_split,neutral,0.00060727715,0.99388415,0.005508587
phrasebank_sentences_allagree_2148,"( ADP News ) - Feb 4 , 2009 - Finnish broadband data communication systems and solutions company Teleste Oyj ( HEL : TLT1V ) said today its net profit decreased to EUR 5.5 million ( USD 7.2 m ) for 2008 from EUR 9.4 million for 200",negative,phrasebank,controlled_gold_split,negative,0.99305034,0.005563409,0.0013861951
phrasebank_sentences_50agree_2812,"As a result of the negotiations , the company will terminate total 5 employment contracts .",negative,phrasebank,controlled_gold_split,negative,0.9922774,0.006183458,0.0015391845
phrasebank_sentences_75agree_2368,The volumes are expected to increase during the next few years .,positive,phrasebank,controlled_gold_split,positive,0.001290257,0.007057283,0.9916524
phrasebank_sentences_66agree_1475,"By acquiring RCP , we can combine our strong knowhow with the expertise of a solid local company .",positive,phrasebank,controlled_gold_split,positive,0.0016717188,0.00548671,0.9928415
phrasebank_sentences_allagree_1845,"These new units will be built at Cargotec 's state of the art manufacturing facility in San Antonio , Texas , USA , which started operations in 2009 .",neutral,phrasebank,controlled_gold_split,neutral,0.000688729,0.93996495,0.059346393
phrasebank_sentences_allagree_277,"Biohit Oyj develops , manufactures and markets liquid handling products and diagnostic test systems for use in research , healthcare and industrial laboratories .",neutral,phrasebank,controlled_gold_split,neutral,0.0008849793,0.9974009,0.001714192
phrasebank_sentences_50agree_2018,"In addition to the Indian market , the new plant will serve Salcomp 's customers globally , the company said .",positive,phrasebank,controlled_gold_split,positive,0.0009195583,0.15321787,0.84586257
phrasebank_sentences_75agree_1292,"In 2006 the company 's net sales amounted to approximately EUR259m and it has some 8,000 employees .",neutral,phrasebank,controlled_gold_split,neutral,0.0009608594,0.99763286,0.001406258
phrasebank_sentences_allagree_1314,Number of offers received for this contract is two .,neutral,phrasebank,controlled_gold_split,neutral,0.0013136988,0.995959,0.0027273092
phrasebank_sentences_75agree_575,"`` We continued actively to focus R&D and to position our offering away from point solutions towards dynamic end-to-end solutions , '' Ervio stated .",positive,phrasebank,controlled_gold_split,positive,0.0016179369,0.016614126,0.9817679
phrasebank_sentences_50agree_2797,"Also the city 's insurance company , If P & C Insurance , has said it will not pay compensation .",negative,phrasebank,controlled_gold_split,neutral,0.21698666,0.77683383,0.0061795292
phrasebank_sentences_allagree_1118,"Together with Latvia , Cramo will operate 54 rental outlets in the Baltic States .",neutral,phrasebank,controlled_gold_split,neutral,0.00046083206,0.9817541,0.017784985
phrasebank_sentences_allagree_2179,The Group 's order portfolio decreased from EUR 42.9 mn in 9-2007 to EUR 33.3 mn in 2-2008 .,negative,phrasebank,controlled_gold_split,negative,0.9919002,0.0069225123,0.0011773832
phrasebank_sentences_75agree_917,"The company has delivered the technical infrastructure , used by NAV for their data warehouse and business intelligence initiatives .",neutral,phrasebank,controlled_gold_split,neutral,0.0004349389,0.9940876,0.0054775253
phrasebank_sentences_allagree_1729,"The business is organised , as of February 1 , 2011 , in a way that production of design services is combined into one entity , Etteplan Operations .",neutral,phrasebank,controlled_gold_split,neutral,0.00093520584,0.9979145,0.0011503228
phrasebank_sentences_allagree_1887,"Operating loss totalled EUR 5.2 mn , compared to a loss of EUR 3.4 mn in the corresponding period in 2008-2009 .",negative,phrasebank,controlled_gold_split,negative,0.9916837,0.0031073778,0.005208963
phrasebank_sentences_50agree_1822,"With Aldata , we can help retailers ensure that their merchandising and selections reflect customer demand and their evolving shopping behavior . ''",neutral,phrasebank,controlled_gold_split,positive,0.0013110009,0.4672047,0.5314843
phrasebank_sentences_50agree_800,16 February 2011 - Finnish industrial machinery company Metso Oyj ( HEL : MEO1V ) said today it will deliver minerals processing equipment and basic engineering to Canadian miner Northland Resources ( OSL : NAUR ) ( TSE : NAU ) .,positive,phrasebank,controlled_gold_split,positive,0.0023203364,0.47717535,0.5205043
phrasebank_sentences_allagree_650,Aspo has also investigated the sales opportunities of Kaukomarkkinat 's electronics business .,neutral,phrasebank,controlled_gold_split,neutral,0.0013085838,0.99596405,0.002727323
phrasebank_sentences_allagree_1264,"Indigo and Somoncom serve 377,000 subscribers and had a market share of approximately 27 % as of May 2007 .",neutral,phrasebank,controlled_gold_split,neutral,0.0005339116,0.9959778,0.0034883474
phrasebank_sentences_66agree_1753,"Finnish forest machinery and equipment maker Ponsse Oyj said on October 5 , 2007 it will deliver a total of 67 cut-to-length method forest machines and 44 harvester heads to Brazilian paper maker Bahia Pulp and to unnamed Uruguayan wood harvesting contractors .",positive,phrasebank,controlled_gold_split,neutral,0.0012129126,0.8020454,0.19674172
phrasebank_sentences_allagree_466,Operating profit improved to EUR 20.3 mn from EUR 11.4 mn .,positive,phrasebank,controlled_gold_split,positive,0.003627244,0.002355687,0.994017
phrasebank_sentences_50agree_1865,The company 's main shareholders Lihakunta and Itikka Osuuskunta have both made a commitment to acquire shares worth EUR 20mn .,neutral,phrasebank,controlled_gold_split,neutral,0.0015607012,0.5194406,0.47899866
phrasebank_sentences_allagree_245,"Revenue from July to September grew 21 percent to EURO 2.3 billion , the Finnish company said Thursday .",positive,phrasebank,controlled_gold_split,positive,0.0020325053,0.003081094,0.99488634
phrasebank_sentences_allagree_248,Sales in Finland rose by 3.9 % and international growth was 0.7 % .,positive,phrasebank,controlled_gold_split,positive,0.0020689878,0.0028335,0.9950976
phrasebank_sentences_75agree_2177,The company does not at present hold any of its own shares .,neutral,phrasebank,controlled_gold_split,neutral,0.0017242272,0.9973787,0.00089714176
phrasebank_sentences_allagree_1621,"Currently it operates a fleet of eight carriers , as well as nine pushers and barges .",neutral,phrasebank,controlled_gold_split,neutral,0.00055538595,0.9963469,0.0030976941
phrasebank_sentences_allagree_1023,Solteq Plc ANNOUNCEMENT 16.12.2010 SHARE REPURCHASE 16.12.2010 In the Helsinki Stock Exchange Solteq Plc now holds a total of 486.969 shares including the shares repurchased on 16.12.2010 .,neutral,phrasebank,controlled_gold_split,neutral,0.0010027329,0.9973213,0.001675985
phrasebank_sentences_75agree_2302,"The Process Products orders are for the installation of separation-filtration equipment at three natural gas pipeline projects in China , South America , and Saudi Arabia .",neutral,phrasebank,controlled_gold_split,neutral,0.0008936533,0.9973889,0.0017175227
phrasebank_sentences_50agree_1137,A new production line is being completed for the contract production of hormone treatments .,positive,phrasebank,controlled_gold_split,positive,0.0013024801,0.22966772,0.76902974
phrasebank_sentences_50agree_704,"Asimilar agreement was signed between China Mobile Ltd. ( SEHK : 0941 and NYSE : CHL ) , the largest mobile carrier , and theGPS and social networking service provider , promoting GyPSii service before Beijing 2008 Olympic Games , according to thelatest news .",positive,phrasebank,controlled_gold_split,positive,0.0022644566,0.006089662,0.9916459
phrasebank_sentences_50agree_822,"An estimated 30 pct of mobile calls are made from the home , and France Telecom hopes that 15 pct of its Orange clients will sign up for the service by the end of 2008 .",neutral,phrasebank,controlled_gold_split,neutral,0.0007300034,0.95625854,0.043011427
phrasebank_sentences_50agree_1816,"The CL51 is designed to measure cloud base height and vertical visibility in all weather conditions , which makes it an ideal instrument for meteorological applications that rely on reliable cloud height detection .",positive,phrasebank,controlled_gold_split,neutral,0.0008006927,0.9438692,0.055330135
phrasebank_sentences_50agree_1245,"Iggesunds Bruk in Sweden is one of the most advanced , fully integrated pulp and paperboard mills in the world .",positive,phrasebank,controlled_gold_split,positive,0.00092862267,0.12972286,0.8693485
phrasebank_sentences_66agree_734,DMASIA-16 August 2006-Benefon extends manufacturing capability with ASMobile -® 2006 Digitalmediaasia.com & DMA Ltd. .,positive,phrasebank,controlled_gold_split,positive,0.0020411266,0.006627558,0.99133134
phrasebank_sentences_50agree_1113,"This implementation will upgrade the existing system , enabling voicemail and video mail to be housed on the same platform .",neutral,phrasebank,controlled_gold_split,positive,0.00094947324,0.06570346,0.93334705
phrasebank_sentences_66agree_3721,They are also upset that some of the machinery and work is taken over to Poland .,negative,phrasebank,controlled_gold_split,negative,0.9866084,0.012019836,0.0013718335
phrasebank_sentences_allagree_1736,"The Committee proposes the following remuneration : a monthly remuneration of EUR 5,000 for the Chairman , EUR 3,500 for the Deputy Chairman , and EUR 2,500 for the other Board members .",neutral,phrasebank,controlled_gold_split,neutral,0.0007123331,0.9971796,0.0021080244
phrasebank_sentences_allagree_1405,The company said that the results of the third quarter do not include non-recurring items .,neutral,phrasebank,controlled_gold_split,neutral,0.0020212652,0.9971443,0.0008344003
phrasebank_sentences_allagree_2003,"The equipment is designated to Bollore Africa Logistics terminal Societe d'Exploitation du Terminal de Vridi SETV in Abidjan , Ivory Coast and the delivery is scheduled to start in March 2010 .",neutral,phrasebank,controlled_gold_split,neutral,0.0007334939,0.9971565,0.0021100352
phrasebank_sentences_allagree_1149,"According to Finnish FIM Bank , Alpro 's price would be around EUR 100mn-150mn .",neutral,phrasebank,controlled_gold_split,neutral,0.0013575265,0.99752146,0.0011210414
phrasebank_sentences_allagree_86,"At the end of March 2007 , the group 's order book was at EUR 39.6 mn , up 42 % from the corresponding period in 2006 .",positive,phrasebank,controlled_gold_split,positive,0.0031038986,0.002445813,0.99445033
phrasebank_sentences_allagree_381,Cash Flow from Operations for the most recent quarter also reached a eight year low .,negative,phrasebank,controlled_gold_split,negative,0.99356574,0.0050336425,0.001400525
phrasebank_sentences_allagree_1942,"Alpina Sports is a Lebanon , New Hampshire USA based distributor of e.g. Alpina ski shoes and skis , Exel ski poles , Start ski waxes and now also Peltonen cross-country skis .",neutral,phrasebank,controlled_gold_split,neutral,0.00079168135,0.9973239,0.0018843655
phrasebank_sentences_allagree_1183,Bluewin Security is available as a monthly subscription .,neutral,phrasebank,controlled_gold_split,neutral,0.00088872603,0.9977186,0.0013927114
phrasebank_sentences_66agree_1036,Currently more than 100 of Global Fortune 500 companies are using SSH security solutions .,neutral,phrasebank,controlled_gold_split,neutral,0.0005848468,0.99530363,0.0041115084
phrasebank_sentences_66agree_3977,"In the fourth quarter of 2009 , Atria 's net loss shrank to EUR 1.2 million from EUR 5.9 million and net sales contracted to EUR 340.4 million from EUR 361.1 million .",positive,phrasebank,controlled_gold_split,positive,0.11354969,0.0019922645,0.88445795
phrasebank_sentences_66agree_2669,"Simultaneously with this merger plan another merger plan has been signed , according to which Suomen Projektivuokraus Oy , a subsidiary of VTM-Rakennuskonevuokraamo Oy , would be merged with VTM-Rakennuskonevuokraamo Oy .",neutral,phrasebank,controlled_gold_split,neutral,0.0007886389,0.99737954,0.0018318505
phrasebank_sentences_50agree_3987,The personnel reductions will primarily affect those working for the parent company in the diagnostics business or in production and logistics in the liquid handling business .,negative,phrasebank,controlled_gold_split,negative,0.9669261,0.031517345,0.0015565649
phrasebank_sentences_allagree_762,"Finnish Suominen Corporation that makes wipes , nonwovens , and flexible packaging , has a plant near Warsaw , in Poland , that makes flexible packaging .",neutral,phrasebank,controlled_gold_split,neutral,0.0011725524,0.99752444,0.0013029771
phrasebank_sentences_50agree_3790,The company decided at the end of 2008 to temporarily shut down its ammonia plant in Billingham and extend the maintenance period at its Ince facility .,negative,phrasebank,controlled_gold_split,neutral,0.013751367,0.98353946,0.002709127
phrasebank_sentences_allagree_81,Finnish financial group Aktia 's operating profit for 2009 increased to EUR 47.0 mn from EUR 6.6 mn in 2008 .,positive,phrasebank,controlled_gold_split,positive,0.0035570196,0.0024447013,0.9939983
phrasebank_sentences_allagree_490,At CapMan Haavisto will be responsible for Group Finances and Accounting and IT .,neutral,phrasebank,controlled_gold_split,neutral,0.0009135471,0.99792033,0.0011661646
phrasebank_sentences_66agree_1626,"Swedish telco TeliaSonera is teaming up with Friends , a Swedish organization against bullying , to fight bullying of children and teenagers via electronic channels .",neutral,phrasebank,controlled_gold_split,positive,0.0033071793,0.116553634,0.8801392
phrasebank_sentences_allagree_1847,This wood lacquered clock comes with a stripy hand-crocheted cover .,neutral,phrasebank,controlled_gold_split,neutral,0.0020400372,0.9966247,0.0013352785
phrasebank_sentences_allagree_633,The transaction is expected to be completed next spring .,neutral,phrasebank,controlled_gold_split,neutral,0.0008730301,0.9974783,0.0016486503
phrasebank_sentences_75agree_2884,"The fair value change of investment properties was EUR 15.8 mn , compared to EUR 22.9 mn in the third quarter of 2009 .",negative,phrasebank,controlled_gold_split,positive,0.24803615,0.004562949,0.747401
phrasebank_sentences_75agree_3122,"On top of that , the US Commerce Department published worse-than-expected construction spending figures for November .",negative,phrasebank,controlled_gold_split,negative,0.99133223,0.0066146315,0.0020531232
phrasebank_sentences_allagree_1627,"ENP Newswire - 22 March 2011 Release date - 21032011 - A total of 13,000 Talvivaara Mining Company Plc 's new shares were subscribed for during the period between 1 January 2011 and 28 February 2011 under the company 's stock option rights 2007A .",neutral,phrasebank,controlled_gold_split,neutral,0.00092948315,0.99763656,0.001433999
phrasebank_sentences_allagree_495,"Conference Call To participate via a conference call , please dial in 5-10 minutes before the beginning of the event : +44 0 20 7162 0025 Europe or +1 334-á323-á6201 USA .",neutral,phrasebank,controlled_gold_split,neutral,0.0013232029,0.9973036,0.0013732285
phrasebank_sentences_75agree_1356,"Following the payment made in April , the company has a total of EUR 23.0 million in loans from financial institutions .",neutral,phrasebank,controlled_gold_split,neutral,0.0007046861,0.99615556,0.003139733
phrasebank_sentences_75agree_1123,"To showcase our end-to-end capabilities at the Mobile World Congress , we arranged an internal MeeGo application development competition to entice developers to create new applications .",neutral,phrasebank,controlled_gold_split,positive,0.001353121,0.2090248,0.78962207
phrasebank_sentences_75agree_1054,Pharmaceuticals - Czech Republic This brand-new market analysis gives a clear overview of the actual situation and future outlook of the pharmaceutical market in Czech Republic .,neutral,phrasebank,controlled_gold_split,neutral,0.00090024754,0.9969296,0.0021701523
phrasebank_sentences_75agree_2856,Expense ratio was 102.6 % compared to 92.9 % in the corresponding period in 2005 .,negative,phrasebank,controlled_gold_split,positive,0.39237007,0.011087287,0.59654266
phrasebank_sentences_allagree_1967,"The copying , republication or redistribution of AFX News Content , inculding by framing or similar means , is expressly prohibited without the prior written consent of AFX News .",neutral,phrasebank,controlled_gold_split,neutral,0.0021606542,0.99645114,0.0013882281
phrasebank_sentences_allagree_1342,Raisio is the site of the main production plants as well as company headquarters .,neutral,phrasebank,controlled_gold_split,neutral,0.0007440528,0.9958289,0.0034270522
phrasebank_sentences_allagree_484,"Poyry 's contract includes engineering management , civil and detail engineering services , and time scheduling and procurement services .",neutral,phrasebank,controlled_gold_split,neutral,0.0019957344,0.9971282,0.00087613944
phrasebank_sentences_75agree_1208,"Finnish newspaper publisher Sanoma , of media group SanomaWSOY , is merging its free sheets Uutislehti 100 and Metro as of mid-September 2008 to form a new free sheet to be named Metro .",neutral,phrasebank,controlled_gold_split,neutral,0.0006576375,0.99736553,0.0019768102
phrasebank_sentences_66agree_2768,"The decision means temporary lay-offs of fixed duration at the company 's Nastola and Jyvaskyla units , in southern and central Finland , respectively .",negative,phrasebank,controlled_gold_split,negative,0.98794144,0.009652389,0.0024061918
phrasebank_sentences_allagree_1261,"Incap , headquartered in Oulu , Finland , is a electronics contract manufacturer with some 750 employees in Finland , Estonia and India .",neutral,phrasebank,controlled_gold_split,neutral,0.0009222038,0.9975867,0.0014910487
phrasebank_sentences_66agree_1328,Pharmaceuticals - Italy This brand-new market analysis gives a clear overview of the actual situation and future outlook of the pharmaceutical market in Italy .,neutral,phrasebank,controlled_gold_split,neutral,0.0008672795,0.99673104,0.0024016611
phrasebank_sentences_75agree_319,"The Finnish supplier of BSS-OSS and VAS for telecom operators , Tecnotree , has received expansion orders worth a total US$ 7.3 mn for its convergent charging and next generation messaging solutions in Latin America , the company announced without specifying which operators had placed the orders .",positive,phrasebank,controlled_gold_split,positive,0.0030510586,0.0040341094,0.9929148
phrasebank_sentences_allagree_54,Construction volumes meanwhile grow at a rate of 10-15 percent annually .,positive,phrasebank,controlled_gold_split,neutral,0.0019361739,0.74098426,0.25707957
phrasebank_sentences_75agree_1902,"Blyk is launching first in the UK market in mid-2007 , with other markets to follow .",neutral,phrasebank,controlled_gold_split,neutral,0.00059569004,0.96922475,0.030179614
phrasebank_sentences_allagree_1820,The studies are expected to start in 2008 .,neutral,phrasebank,controlled_gold_split,neutral,0.0007945781,0.99707067,0.0021347238
phrasebank_sentences_allagree_876,Operating profit totaled EUR 17.7 mn compared to EUR 17.6 mn in the corresponding period in 2007 .,positive,phrasebank,controlled_gold_split,negative,0.5976945,0.004155072,0.39815038
phrasebank_sentences_75agree_1797,This is the company 's first contract abroad .,neutral,phrasebank,controlled_gold_split,neutral,0.0015072668,0.8969228,0.1015699
phrasebank_sentences_50agree_68,"The contract covers HDO platform , AC800 and CXE880 optical Fttb nodes designed to increase the forward and return path capacity of the transmission networks .",positive,phrasebank,controlled_gold_split,positive,0.0008613309,0.020776633,0.978362
phrasebank_sentences_allagree_2154,Net sales decreased to EUR 220.5 mn from EUR 470.0 mn in the corresponding period in 2009 .,negative,phrasebank,controlled_gold_split,negative,0.99316144,0.0053770677,0.0014614204
phrasebank_sentences_75agree_713,"Amer Sports divests an industrial site in Rumilly , France -  This announcement is distributed by Thomson Reuters on behalf of Thomson Reuters clients .",neutral,phrasebank,controlled_gold_split,neutral,0.000876494,0.99753165,0.0015917821
phrasebank_sentences_allagree_2112,Finnish Bank of +àland reports its operating profit fell to EUR 4.9 mn in the third quarter of 2007 from EUR 5.6 mn in the third quarter of 2006 .,negative,phrasebank,controlled_gold_split,negative,0.99389887,0.0047164178,0.0013846724
phrasebank_sentences_75agree_2574,M+ñkel+ñ is demanding a new Board for the company as well as discussions on the merger of Alma media and media company Talentum .,neutral,phrasebank,controlled_gold_split,neutral,0.0010289528,0.99774194,0.0012290922
phrasebank_sentences_allagree_408,"Ragutis , which is based in Lithuania 's second-largest city Kaunas , boosted its sales last year 22.3 per cent to 36.4 million liters .",positive,phrasebank,controlled_gold_split,positive,0.0026293525,0.0028263985,0.99454415
phrasebank_sentences_75agree_990,"`` As defences mature , attackers develop Trojans that are equipped with content filters to detect online banking activity for capturing account details using methods such as form grabbing , screen shots , video captures , keylogging and injection of form fields .",neutral,phrasebank,controlled_gold_split,neutral,0.0062684505,0.9922571,0.0014744182
phrasebank_sentences_allagree_249,Sales of security and system packaging increased slightly .,positive,phrasebank,controlled_gold_split,positive,0.0021756706,0.0032280176,0.9945963
phrasebank_sentences_allagree_645,"`` The industry is coming to an interesting fork in the road as both handset manufacturers and wireless carriers attempt to serve as the portal for Web-based service to your wireless handset , '' he wrote .",neutral,phrasebank,controlled_gold_split,neutral,0.001007555,0.9674988,0.031493697
phrasebank_sentences_66agree_798,The parties have also agreed on options that allow UH to extensively implement later on also functionalities of human resources management .,positive,phrasebank,controlled_gold_split,positive,0.0011050855,0.09478231,0.9041126
phrasebank_sentences_allagree_418,Finnish Outokumpu Technology has been awarded several new grinding technology contracts .,positive,phrasebank,controlled_gold_split,positive,0.0027426209,0.003501021,0.9937564
phrasebank_sentences_allagree_536,"According to Seikku , the retail sector in Finland is controlled by 3-4 large actors , while food manufacturers are still relatively small .",neutral,phrasebank,controlled_gold_split,neutral,0.0016103736,0.9974252,0.00096441933
phrasebank_sentences_50agree_1961,Our purchase to pay solutions enable companies to gain visibility and control over business-critical financial processes .,neutral,phrasebank,controlled_gold_split,positive,0.00088164187,0.063855544,0.9352628
phrasebank_sentences_allagree_905,He will report to CapMan Plc 's CEO Heikki Westerlund .,neutral,phrasebank,controlled_gold_split,neutral,0.0017960807,0.9971915,0.0010124415
phrasebank_sentences_75agree_783,"The value of the deal exceeds EUR500 ,000 , the company said .",neutral,phrasebank,controlled_gold_split,neutral,0.00062065036,0.9961242,0.0032551526
phrasebank_sentences_allagree_99,"Both operating profit and sales for the three-month period increased , respectively from EUR0 .3 m and EUR13 .1 m , as compared to the corresponding period in 2005 .",positive,phrasebank,controlled_gold_split,positive,0.0027994136,0.002484992,0.99471563
phrasebank_sentences_75agree_1611,"In addition , the existing service counter area in the reception hall will be rebuilt and access provided to local rail connections .",neutral,phrasebank,controlled_gold_split,positive,0.0014131203,0.019308519,0.9792783
phrasebank_sentences_allagree_491,"Cablevision Systems Corp. CVC Their Madison Square Garden division owns and operates the New York Knickerbockers basketball team ; they also own the Madison Square Garden Arena , the New York Rangers hockey team , the New York Liberty women 's basketball team , and the Hartford Wolf Pack hockey team .",neutral,phrasebank,controlled_gold_split,neutral,0.001029006,0.99779356,0.0011774593
phrasebank_sentences_allagree_1076,The first group of customers to be trained will be paint-shop owners and their assistants .,neutral,phrasebank,controlled_gold_split,neutral,0.0009382055,0.99721235,0.0018495172
phrasebank_sentences_50agree_4435,"`` The considerably weaker U.S. dollar and British pound had an impact on sales and average prices in euros , '' UPM said .",negative,phrasebank,controlled_gold_split,negative,0.9887621,0.008546118,0.0026917828
phrasebank_sentences_allagree_2055,"` The stable outlook reflects Nokia 's strong market position in the global mobile handset market , strong cash flow generation , and very conservative balance sheet , ' said Raab .",positive,phrasebank,controlled_gold_split,positive,0.0017876825,0.008587057,0.9896253
phrasebank_sentences_66agree_1687,"Operating income was EUR -24.9 mn , including EUR 15.3 mn of restructuring expenses .",neutral,phrasebank,controlled_gold_split,neutral,0.035270553,0.9621205,0.002609043
phrasebank_sentences_66agree_935,"Pearl Plaza LLC , the joint venture of SRV and Shanghai Industrial Investment Holdings Co Ltd , has concluded the investment decision on construction of the first phase of the shopping center in Saint Petersburg , Russia .",positive,phrasebank,controlled_gold_split,neutral,0.0014015163,0.92134625,0.077252254
phrasebank_sentences_75agree_2881,Rivals say Qualcomm has fewer patents on 3G phones than on earlier versions and should lower its rates .,negative,phrasebank,controlled_gold_split,neutral,0.3535429,0.61206156,0.03439553
phrasebank_sentences_50agree_1859,Panostaja is a financially secure Finnish multi-field corporation that creates healthy companies and company entities .,neutral,phrasebank,controlled_gold_split,positive,0.001231527,0.27869833,0.7200701
phrasebank_sentences_allagree_1105,The proposal by the Board of Directors on the issuance of option rights will otherwise correspond to the proposal by the Board of Directors in the Notice to the General Meeting .,neutral,phrasebank,controlled_gold_split,neutral,0.0015793537,0.9975057,0.00091495283
phrasebank_sentences_50agree_2235,The long-term contract is global .,positive,phrasebank,controlled_gold_split,neutral,0.0010825164,0.9977075,0.0012099951
phrasebank_sentences_75agree_1749,The ground barleycorn has been fully produced in Finland and will be available in stores as of the beginning of 2010 .,neutral,phrasebank,controlled_gold_split,neutral,0.0008160351,0.889663,0.10952099
phrasebank_sentences_66agree_3898,"W+ñrtsil+ñ 's solution has been selected for its low fuel consumption , environmentally sound technology , and global service support .",positive,phrasebank,controlled_gold_split,positive,0.0017461794,0.004807252,0.9934465
phrasebank_sentences_allagree_1849,Total value of the contract is about EUR 10mn .,neutral,phrasebank,controlled_gold_split,neutral,0.0017039219,0.99725145,0.0010446425
phrasebank_sentences_allagree_743,"`` This vessel order will help Aspo secure the long-term competitiveness of its fleet , both in terms of technology and pricing .",positive,phrasebank,controlled_gold_split,positive,0.001386947,0.005023939,0.99358904
phrasebank_sentences_66agree_389,"Furthermore , Bunge will also sign a licensing agreement for the Sunnuntai and Carlshamn Mejeri brands .",positive,phrasebank,controlled_gold_split,positive,0.0015443242,0.008681106,0.98977447
phrasebank_sentences_allagree_1932,Olli-Pekka Laine has been appointed as the Chairman and Erkki Pehu-Lehtonen as the Vice Chairman of the Board .,neutral,phrasebank,controlled_gold_split,neutral,0.0010266122,0.99741864,0.0015547323
phrasebank_sentences_66agree_948,The cooperation with airBaltic is expected to lead to the transfer of Finncomm to the ownership of airBaltic in time .,neutral,phrasebank,controlled_gold_split,neutral,0.0004787395,0.994334,0.0051873024
phrasebank_sentences_75agree_2944,Olli-Pekka Kallasvuo was elected as vice chairman of the Board .,neutral,phrasebank,controlled_gold_split,neutral,0.0013549045,0.9955948,0.0030503443
phrasebank_sentences_75agree_1863,Aldata noted that its Voice Supply Chain Technology approach enables VDW to integrate with warehouse management systems .,neutral,phrasebank,controlled_gold_split,positive,0.00081708765,0.026534872,0.972648
phrasebank_sentences_75agree_1526,"A total of 185 Wonderware Certified SIs are available to integrate and support Wonderware products such as InTouch -« HMI software , IndustrialSQL Server historian , Wonderware Information Server , DT Analyst software or QI Analyst SPC software .",neutral,phrasebank,controlled_gold_split,neutral,0.0005268381,0.99631137,0.0031617642
phrasebank_sentences_allagree_1095,The new SEPA cads will replace Finnish bank cards .,neutral,phrasebank,controlled_gold_split,neutral,0.0005915289,0.99494714,0.004461402
phrasebank_sentences_allagree_1129,"Finnish printed circuit boards ( PCBs ) maker Aspocomp Group Oyj said on December 4 , 2006 it named Henry Gilchrist senior vice president of the group 's Asian operations , as of January 8 , 2007 .",neutral,phrasebank,controlled_gold_split,neutral,0.0013569806,0.9971204,0.0015227174
phrasebank_sentences_75agree_1942,Elisa has commissioned Finland 's Poyry Telecom Oy to conduct a study of reception in some of Estonia 's largest cities besides Tallinn .,neutral,phrasebank,controlled_gold_split,neutral,0.0006975111,0.99180716,0.00749529
phrasebank_sentences_allagree_516,"The inventors are Mukkavilli Krishna Kiran , Sabharwal Ashutosh and Aazhang Behnaam .",neutral,phrasebank,controlled_gold_split,neutral,0.0007637087,0.9965101,0.0027261546
phrasebank_sentences_50agree_1664,The upgraded factory is scheduled to come on stream in the summer of 2008 .,neutral,phrasebank,controlled_gold_split,neutral,0.00049676903,0.9883857,0.011117541
phrasebank_sentences_allagree_2097,"Below are consolidated , unaudited results for Amanda Capital under IFRS reporting standards .",neutral,phrasebank,controlled_gold_split,neutral,0.0019435297,0.9969894,0.0010670485
phrasebank_sentences_allagree_1944,An international conference call and audio webcast concerning the financial result January-March 2010 will begin at 14.00 EET .,neutral,phrasebank,controlled_gold_split,neutral,0.001047208,0.99774987,0.0012029773
phrasebank_sentences_50agree_3571,"Deutsche Beteiligungs , as well as a private equity fund it manages , first bought 75 % of MCE in a secondary buyout from White Plains , N.Y. , financial investor Andlinger & Co. in 2007 .",neutral,phrasebank,controlled_gold_split,neutral,0.00061660795,0.995452,0.003931485
phrasebank_sentences_allagree_428,"Finnair PLC carried a record 8.8 million passengers in 2006 , an increase of 3.5 percent on the previous year , the Finnish national carrier reported Tuesday .",positive,phrasebank,controlled_gold_split,positive,0.0024791383,0.0032082433,0.99431264
phrasebank_sentences_66agree_1718,"`` Neste Oil is working with over 20 research communities in Europe , America , Africa , Asia , and Australia to develop and introduce new raw materials .",positive,phrasebank,controlled_gold_split,positive,0.0010093118,0.024109563,0.9748811
phrasebank_sentences_allagree_627,The server is responsible for managing devices and user accounts and a desktop client application enables remote access to the mobile phones .,neutral,phrasebank,controlled_gold_split,neutral,0.0013393067,0.9976808,0.0009798578
phrasebank_sentences_allagree_555,"EQT has completed its exit from Salcomp , a Finnish company that makes mobile phone chargers , by selling its remaining stake to Swedish investment group Nordstjernan for about ( EURO ) 35 million ( $ 47 million ) .",neutral,phrasebank,controlled_gold_split,neutral,0.0008135189,0.99719065,0.0019958594
phrasebank_sentences_allagree_801,"Fiskars , a 360-year-old global business best known for its orange-handled scissors , expects to derive synergies of EUR5 million a year by consolidating certain parts of the housewares division where the two compete .",positive,phrasebank,controlled_gold_split,positive,0.0010560838,0.01987825,0.9790658
